time,divergence_dt,divergence_dt_half,divergence_dt_quarter
0.0000,1.00000000e-06,1.00000000e-06,1.00000000e-06
0.0010,1.00000103e-06,1.00000026e-06,1.00000026e-06
0.0020,1.00000410e-06,1.00000103e-06,1.00000103e-06
0.0030,1.00000924e-06,1.00000231e-06,1.00000231e-06
0.0040,1.00001644e-06,1.00000411e-06,1.00000411e-06
0.0050,1.00002570e-06,1.00000642e-06,1.00000642e-06
0.0060,1.00003703e-06,1.00000924e-06,1.00000924e-06
0.0070,1.00005043e-06,1.00001258e-06,1.00001258e-06
0.0080,1.00006591e-06,1.00001644e-06,1.00001644e-06
0.0090,1.00008346e-06,1.00002081e-06,1.00002081e-06
0.0100,1.00010310e-06,1.00002570e-06,1.00002570e-06
0.0110,1.00012482e-06,1.00003111e-06,1.00003111e-06
0.0120,1.00014863e-06,1.00003703e-06,1.00003703e-06
0.0130,1.00017453e-06,1.00004348e-06,1.00004348e-06
0.0140,1.00020253e-06,1.00005044e-06,1.00005044e-06
0.0150,1.00023263e-06,1.00005791e-06,1.00005791e-06
0.0160,1.00026483e-06,1.00006591e-06,1.00006591e-06
0.0170,1.00029913e-06,1.00007443e-06,1.00007443e-06
0.0180,1.00033555e-06,1.00008347e-06,1.00008347e-06
0.0190,1.00037408e-06,1.00009302e-06,1.00009302e-06
0.0200,1.00041473e-06,1.00010310e-06,1.00010310e-06
0.0210,1.00045750e-06,1.00011370e-06,1.00011370e-06
0.0220,1.00050239e-06,1.00012482e-06,1.00012482e-06
0.0230,1.00054941e-06,1.00013647e-06,1.00013647e-06
0.0240,1.00059856e-06,1.00014863e-06,1.00014864e-06
0.0250,1.00064985e-06,1.00016132e-06,1.00016132e-06
0.0260,1.00070327e-06,1.00017454e-06,1.00017454e-06
0.0270,1.00075884e-06,1.00018827e-06,1.00018828e-06
0.0280,1.00081655e-06,1.00020254e-06,1.00020254e-06
0.0290,1.00087642e-06,1.00021732e-06,1.00021732e-06
0.0300,1.00093843e-06,1.00023263e-06,1.00023263e-06
0.0310,1.00100261e-06,1.00024847e-06,1.00024847e-06
0.0320,1.00106894e-06,1.00026483e-06,1.00026484e-06
0.0330,1.00113744e-06,1.00028172e-06,1.00028173e-06
0.0340,1.00120810e-06,1.00029914e-06,1.00029914e-06
0.0350,1.00128094e-06,1.00031709e-06,1.00031709e-06
0.0360,1.00135595e-06,1.00033556e-06,1.00033556e-06
0.0370,1.00143314e-06,1.00035456e-06,1.00035456e-06
0.0380,1.00151251e-06,1.00037409e-06,1.00037409e-06
0.0390,1.00159407e-06,1.00039415e-06,1.00039415e-06
0.0400,1.00167782e-06,1.00041474e-06,1.00041474e-06
0.0410,1.00176376e-06,1.00043586e-06,1.00043586e-06
0.0420,1.00185190e-06,1.00045751e-06,1.00045751e-06
0.0430,1.00194224e-06,1.00047969e-06,1.00047969e-06
0.0440,1.00203478e-06,1.00050240e-06,1.00050240e-06
0.0450,1.00212954e-06,1.00052564e-06,1.00052564e-06
0.0460,1.00222650e-06,1.00054942e-06,1.00054942e-06
0.0470,1.00232568e-06,1.00057373e-06,1.00057373e-06
0.0480,1.00242708e-06,1.00059857e-06,1.00059857e-06
0.0490,1.00253071e-06,1.00062395e-06,1.00062395e-06
0.0500,1.00263656e-06,1.00064986e-06,1.00064986e-06
0.0510,1.00274464e-06,1.00067630e-06,1.00067630e-06
0.0520,1.00285496e-06,1.00070328e-06,1.00070328e-06
0.0530,1.00296751e-06,1.00073080e-06,1.00073080e-06
0.0540,1.00308231e-06,1.00075885e-06,1.00075885e-06
0.0550,1.00319935e-06,1.00078744e-06,1.00078744e-06
0.0560,1.00331865e-06,1.00081656e-06,1.00081657e-06
0.0570,1.00344019e-06,1.00084623e-06,1.00084623e-06
0.0580,1.00356400e-06,1.00087643e-06,1.00087643e-06
0.0590,1.00369006e-06,1.00090717e-06,1.00090717e-06
0.0600,1.00381839e-06,1.00093844e-06,1.00093845e-06
0.0610,1.00394899e-06,1.00097026e-06,1.00097026e-06
0.0620,1.00408186e-06,1.00100262e-06,1.00100262e-06
0.0630,1.00421701e-06,1.00103551e-06,1.00103552e-06
0.0640,1.00435444e-06,1.00106895e-06,1.00106895e-06
0.0650,1.00449415e-06,1.00110293e-06,1.00110293e-06
0.0660,1.00463615e-06,1.00113745e-06,1.00113745e-06
0.0670,1.00478044e-06,1.00117251e-06,1.00117251e-06
0.0680,1.00492703e-06,1.00120811e-06,1.00120812e-06
0.0690,1.00507591e-06,1.00124426e-06,1.00124426e-06
0.0700,1.00522710e-06,1.00128095e-06,1.00128095e-06
0.0710,1.00538060e-06,1.00131818e-06,1.00131819e-06
0.0720,1.00553641e-06,1.00135596e-06,1.00135596e-06
0.0730,1.00569453e-06,1.00139429e-06,1.00139429e-06
0.0740,1.00585497e-06,1.00143315e-06,1.00143316e-06
0.0750,1.00601774e-06,1.00147257e-06,1.00147257e-06
0.0760,1.00618283e-06,1.00151253e-06,1.00151253e-06
0.0770,1.00635025e-06,1.00155303e-06,1.00155303e-06
0.0780,1.00652001e-06,1.00159408e-06,1.00159409e-06
0.0790,1.00669210e-06,1.00163569e-06,1.00163569e-06
0.0800,1.00686654e-06,1.00167783e-06,1.00167784e-06
0.0810,1.00704332e-06,1.00172053e-06,1.00172053e-06
0.0820,1.00722245e-06,1.00176378e-06,1.00176378e-06
0.0830,1.00740394e-06,1.00180757e-06,1.00180757e-06
0.0840,1.00758778e-06,1.00185192e-06,1.00185192e-06
0.0850,1.00777399e-06,1.00189681e-06,1.00189681e-06
0.0860,1.00796256e-06,1.00194226e-06,1.00194226e-06
0.0870,1.00815350e-06,1.00198825e-06,1.00198826e-06
0.0880,1.00834682e-06,1.00203480e-06,1.00203480e-06
0.0890,1.00854251e-06,1.00208190e-06,1.00208190e-06
0.0900,1.00874059e-06,1.00212956e-06,1.00212956e-06
0.0910,1.00894104e-06,1.00217776e-06,1.00217776e-06
0.0920,1.00914389e-06,1.00222652e-06,1.00222652e-06
0.0930,1.00934913e-06,1.00227583e-06,1.00227584e-06
0.0940,1.00955677e-06,1.00232570e-06,1.00232571e-06
0.0950,1.00976681e-06,1.00237612e-06,1.00237613e-06
0.0960,1.00997926e-06,1.00242710e-06,1.00242711e-06
0.0970,1.01019411e-06,1.00247864e-06,1.00247864e-06
0.0980,1.01041138e-06,1.00253073e-06,1.00253073e-06
0.0990,1.01063106e-06,1.00258337e-06,1.00258338e-06
0.1000,1.01085317e-06,1.00263658e-06,1.00263658e-06
0.1010,1.01107770e-06,1.00269034e-06,1.00269034e-06
0.1020,1.01130466e-06,1.00274466e-06,1.00274466e-06
0.1030,1.01153405e-06,1.00279954e-06,1.00279954e-06
0.1040,1.01176588e-06,1.00285498e-06,1.00285498e-06
0.1050,1.01200015e-06,1.00291098e-06,1.00291098e-06
0.1060,1.01223686e-06,1.00296753e-06,1.00296754e-06
0.1070,1.01247603e-06,1.00302465e-06,1.00302466e-06
0.1080,1.01271764e-06,1.00308233e-06,1.00308234e-06
0.1090,1.01296172e-06,1.00314057e-06,1.00314058e-06
0.1100,1.01320825e-06,1.00319937e-06,1.00319938e-06
0.1110,1.01345725e-06,1.00325874e-06,1.00325874e-06
0.1120,1.01370871e-06,1.00331867e-06,1.00331867e-06
0.1130,1.01396265e-06,1.00337916e-06,1.00337916e-06
0.1140,1.01421907e-06,1.00344021e-06,1.00344022e-06
0.1150,1.01447797e-06,1.00350183e-06,1.00350184e-06
0.1160,1.01473935e-06,1.00356402e-06,1.00356402e-06
0.1170,1.01500322e-06,1.00362677e-06,1.00362677e-06
0.1180,1.01526958e-06,1.00369008e-06,1.00369009e-06
0.1190,1.01553844e-06,1.00375397e-06,1.00375397e-06
0.1200,1.01580980e-06,1.00381841e-06,1.00381842e-06
0.1210,1.01608367e-06,1.00388343e-06,1.00388343e-06
0.1220,1.01636004e-06,1.00394901e-06,1.00394902e-06
0.1230,1.01663893e-06,1.00401516e-06,1.00401517e-06
0.1240,1.01692033e-06,1.00408188e-06,1.00408189e-06
0.1250,1.01720425e-06,1.00414917e-06,1.00414918e-06
0.1260,1.01749070e-06,1.00421703e-06,1.00421704e-06
0.1270,1.01777968e-06,1.00428546e-06,1.00428547e-06
0.1280,1.01807119e-06,1.00435446e-06,1.00435447e-06
0.1290,1.01836523e-06,1.00442403e-06,1.00442404e-06
0.1300,1.01866182e-06,1.00449417e-06,1.00449418e-06
0.1310,1.01896095e-06,1.00456489e-06,1.00456489e-06
0.1320,1.01926263e-06,1.00463617e-06,1.00463618e-06
0.1330,1.01956686e-06,1.00470803e-06,1.00470804e-06
0.1340,1.01987365e-06,1.00478047e-06,1.00478047e-06
0.1350,1.02018300e-06,1.00485347e-06,1.00485348e-06
0.1360,1.02049492e-06,1.00492705e-06,1.00492706e-06
0.1370,1.02080940e-06,1.00500121e-06,1.00500122e-06
0.1380,1.02112645e-06,1.00507594e-06,1.00507595e-06
0.1390,1.02144608e-06,1.00515125e-06,1.00515125e-06
0.1400,1.02176830e-06,1.00522713e-06,1.00522714e-06
0.1410,1.02209309e-06,1.00530359e-06,1.00530360e-06
0.1420,1.02242048e-06,1.00538063e-06,1.00538063e-06
0.1430,1.02275045e-06,1.00545824e-06,1.00545825e-06
0.1440,1.02308303e-06,1.00553644e-06,1.00553644e-06
0.1450,1.02341820e-06,1.00561521e-06,1.00561522e-06
0.1460,1.02375598e-06,1.00569456e-06,1.00569457e-06
0.1470,1.02409636e-06,1.00577449e-06,1.00577450e-06
0.1480,1.02443936e-06,1.00585500e-06,1.00585501e-06
0.1490,1.02478498e-06,1.00593610e-06,1.00593610e-06
0.1500,1.02513321e-06,1.00601777e-06,1.00601778e-06
0.1510,1.02548407e-06,1.00610002e-06,1.00610003e-06
0.1520,1.02583755e-06,1.00618286e-06,1.00618287e-06
0.1530,1.02619367e-06,1.00626628e-06,1.00626629e-06
0.1540,1.02655243e-06,1.00635028e-06,1.00635029e-06
0.1550,1.02691382e-06,1.00643487e-06,1.00643488e-06
0.1560,1.02727786e-06,1.00652004e-06,1.00652005e-06
0.1570,1.02764454e-06,1.00660579e-06,1.00660580e-06
0.1580,1.02801388e-06,1.00669213e-06,1.00669214e-06
0.1590,1.02838587e-06,1.00677906e-06,1.00677907e-06
0.1600,1.02876052e-06,1.00686657e-06,1.00686658e-06
0.1610,1.02913783e-06,1.00695467e-06,1.00695468e-06
0.1620,1.02951781e-06,1.00704335e-06,1.00704336e-06
0.1630,1.02990046e-06,1.00713263e-06,1.00713263e-06
0.1640,1.03028579e-06,1.00722249e-06,1.00722249e-06
0.1650,1.03067380e-06,1.00731294e-06,1.00731294e-06
0.1660,1.03106448e-06,1.00740397e-06,1.00740398e-06
0.1670,1.03145786e-06,1.00749560e-06,1.00749561e-06
0.1680,1.03185392e-06,1.00758782e-06,1.00758783e-06
0.1690,1.03225268e-06,1.00768063e-06,1.00768063e-06
0.1700,1.03265414e-06,1.00777403e-06,1.00777403e-06
0.1710,1.03305830e-06,1.00786802e-06,1.00786802e-06
0.1720,1.03346516e-06,1.00796260e-06,1.00796261e-06
0.1730,1.03387473e-06,1.00805777e-06,1.00805778e-06
0.1740,1.03428702e-06,1.00815354e-06,1.00815355e-06
0.1750,1.03470202e-06,1.00824990e-06,1.00824991e-06
0.1760,1.03511975e-06,1.00834685e-06,1.00834686e-06
0.1770,1.03554020e-06,1.00844440e-06,1.00844441e-06
0.1780,1.03596337e-06,1.00854255e-06,1.00854256e-06
0.1790,1.03638928e-06,1.00864129e-06,1.00864130e-06
0.1800,1.03681793e-06,1.00874062e-06,1.00874063e-06
0.1810,1.03724931e-06,1.00884055e-06,1.00884056e-06
0.1820,1.03768344e-06,1.00894108e-06,1.00894109e-06
0.1830,1.03812032e-06,1.00904221e-06,1.00904222e-06
0.1840,1.03855994e-06,1.00914393e-06,1.00914394e-06
0.1850,1.03900233e-06,1.00924625e-06,1.00924626e-06
0.1860,1.03944746e-06,1.00934917e-06,1.00934918e-06
0.1870,1.03989537e-06,1.00945269e-06,1.00945270e-06
0.1880,1.04034603e-06,1.00955681e-06,1.00955682e-06
0.1890,1.04079947e-06,1.00966153e-06,1.00966154e-06
0.1900,1.04125568e-06,1.00976685e-06,1.00976686e-06
0.1910,1.04171466e-06,1.00987277e-06,1.00987278e-06
0.1920,1.04217643e-06,1.00997930e-06,1.00997931e-06
0.1930,1.04264098e-06,1.01008642e-06,1.01008643e-06
0.1940,1.04310832e-06,1.01019415e-06,1.01019416e-06
0.1950,1.04357845e-06,1.01030248e-06,1.01030249e-06
0.1960,1.04405137e-06,1.01041142e-06,1.01041143e-06
0.1970,1.04452709e-06,1.01052096e-06,1.01052097e-06
0.1980,1.04500562e-06,1.01063111e-06,1.01063112e-06
0.1990,1.04548694e-06,1.01074186e-06,1.01074187e-06
0.2000,1.04597108e-06,1.01085321e-06,1.01085322e-06
0.2010,1.04645803e-06,1.01096517e-06,1.01096518e-06
0.2020,1.04694780e-06,1.01107774e-06,1.01107775e-06
0.2030,1.04744038e-06,1.01119092e-06,1.01119093e-06
0.2040,1.04793579e-06,1.01130470e-06,1.01130471e-06
0.2050,1.04843403e-06,1.01141909e-06,1.01141910e-06
0.2060,1.04893509e-06,1.01153409e-06,1.01153410e-06
0.2070,1.04943899e-06,1.01164970e-06,1.01164971e-06
0.2080,1.04994573e-06,1.01176592e-06,1.01176593e-06
0.2090,1.05045530e-06,1.01188275e-06,1.01188276e-06
0.2100,1.05096772e-06,1.01200019e-06,1.01200020e-06
0.2110,1.05148298e-06,1.01211824e-06,1.01211825e-06
0.2120,1.05200110e-06,1.01223691e-06,1.01223692e-06
0.2130,1.05252207e-06,1.01235618e-06,1.01235619e-06
0.2140,1.05304590e-06,1.01247607e-06,1.01247608e-06
0.2150,1.05357258e-06,1.01259657e-06,1.01259658e-06
0.2160,1.05410213e-06,1.01271769e-06,1.01271770e-06
0.2170,1.05463455e-06,1.01283942e-06,1.01283943e-06
0.2180,1.05516984e-06,1.01296176e-06,1.01296177e-06
0.2190,1.05570800e-06,1.01308472e-06,1.01308473e-06
0.2200,1.05624904e-06,1.01320829e-06,1.01320831e-06
0.2210,1.05679295e-06,1.01333249e-06,1.01333250e-06
0.2220,1.05733975e-06,1.01345729e-06,1.01345730e-06
0.2230,1.05788944e-06,1.01358272e-06,1.01358273e-06
0.2240,1.05844201e-06,1.01370876e-06,1.01370877e-06
0.2250,1.05899748e-06,1.01383542e-06,1.01383543e-06
0.2260,1.05955585e-06,1.01396270e-06,1.01396271e-06
0.2270,1.06011711e-06,1.01409060e-06,1.01409061e-06
0.2280,1.06068127e-06,1.01421912e-06,1.01421913e-06
0.2290,1.06124834e-06,1.01434826e-06,1.01434827e-06
0.2300,1.06181832e-06,1.01447801e-06,1.01447803e-06
0.2310,1.06239121e-06,1.01460839e-06,1.01460841e-06
0.2320,1.06296701e-06,1.01473940e-06,1.01473941e-06
0.2330,1.06354573e-06,1.01487102e-06,1.01487103e-06
0.2340,1.06412736e-06,1.01500327e-06,1.01500328e-06
0.2350,1.06471193e-06,1.01513614e-06,1.01513615e-06
0.2360,1.06529941e-06,1.01526963e-06,1.01526964e-06
0.2370,1.06588983e-06,1.01540375e-06,1.01540376e-06
0.2380,1.06648317e-06,1.01553849e-06,1.01553850e-06
0.2390,1.06707946e-06,1.01567386e-06,1.01567387e-06
0.2400,1.06767867e-06,1.01580985e-06,1.01580986e-06
0.2410,1.06828083e-06,1.01594647e-06,1.01594648e-06
0.2420,1.06888593e-06,1.01608372e-06,1.01608373e-06
0.2430,1.06949398e-06,1.01622159e-06,1.01622160e-06
0.2440,1.07010497e-06,1.01636009e-06,1.01636010e-06
0.2450,1.07071891e-06,1.01649922e-06,1.01649923e-06
0.2460,1.07133581e-06,1.01663898e-06,1.01663899e-06
0.2470,1.07195567e-06,1.01677936e-06,1.01677938e-06
0.2480,1.07257848e-06,1.01692038e-06,1.01692039e-06
0.2490,1.07320425e-06,1.01706203e-06,1.01706204e-06
0.2500,1.07383299e-06,1.01720430e-06,1.01720432e-06
0.2510,1.07446470e-06,1.01734721e-06,1.01734723e-06
0.2520,1.07509937e-06,1.01749075e-06,1.01749077e-06
0.2530,1.07573702e-06,1.01763493e-06,1.01763494e-06
0.2540,1.07637763e-06,1.01777973e-06,1.01777974e-06
0.2550,1.07702123e-06,1.01792517e-06,1.01792518e-06
0.2560,1.07766780e-06,1.01807124e-06,1.01807125e-06
0.2570,1.07831736e-06,1.01821795e-06,1.01821796e-06
0.2580,1.07896990e-06,1.01836529e-06,1.01836530e-06
0.2590,1.07962542e-06,1.01851326e-06,1.01851328e-06
0.2600,1.08028394e-06,1.01866187e-06,1.01866189e-06
0.2610,1.08094544e-06,1.01881112e-06,1.01881113e-06
0.2620,1.08160994e-06,1.01896101e-06,1.01896102e-06
0.2630,1.08227743e-06,1.01911153e-06,1.01911154e-06
0.2640,1.08294792e-06,1.01926269e-06,1.01926270e-06
0.2650,1.08362141e-06,1.01941448e-06,1.01941450e-06
0.2660,1.08429789e-06,1.01956692e-06,1.01956693e-06
0.2670,1.08497739e-06,1.01971999e-06,1.01972001e-06
0.2680,1.08565989e-06,1.01987371e-06,1.01987372e-06
0.2690,1.08634539e-06,1.02002806e-06,1.02002808e-06
0.2700,1.08703391e-06,1.02018306e-06,1.02018307e-06
0.2710,1.08772543e-06,1.02033869e-06,1.02033871e-06
0.2720,1.08841997e-06,1.02049497e-06,1.02049499e-06
0.2730,1.08911753e-06,1.02065189e-06,1.02065191e-06
0.2740,1.08981810e-06,1.02080945e-06,1.02080947e-06
0.2750,1.09052170e-06,1.02096766e-06,1.02096767e-06
0.2760,1.09122831e-06,1.02112651e-06,1.02112652e-06
0.2770,1.09193795e-06,1.02128600e-06,1.02128602e-06
0.2780,1.09265061e-06,1.02144614e-06,1.02144616e-06
0.2790,1.09336629e-06,1.02160692e-06,1.02160694e-06
0.2800,1.09408501e-06,1.02176835e-06,1.02176837e-06
0.2810,1.09480675e-06,1.02193043e-06,1.02193044e-06
0.2820,1.09553153e-06,1.02209315e-06,1.02209316e-06
0.2830,1.09625934e-06,1.02225652e-06,1.02225653e-06
0.2840,1.09699018e-06,1.02242053e-06,1.02242055e-06
0.2850,1.09772406e-06,1.02258520e-06,1.02258521e-06
0.2860,1.09846097e-06,1.02275051e-06,1.02275053e-06
0.2870,1.09920093e-06,1.02291647e-06,1.02291649e-06
0.2880,1.09994392e-06,1.02308309e-06,1.02308310e-06
0.2890,1.10068995e-06,1.02325035e-06,1.02325036e-06
0.2900,1.10143903e-06,1.02341826e-06,1.02341827e-06
0.2910,1.10219115e-06,1.02358682e-06,1.02358684e-06
0.2920,1.10294632e-06,1.02375604e-06,1.02375605e-06
0.2930,1.10370453e-06,1.02392590e-06,1.02392592e-06
0.2940,1.10446579e-06,1.02409642e-06,1.02409644e-06
0.2950,1.10523010e-06,1.02426760e-06,1.02426761e-06
0.2960,1.10599746e-06,1.02443942e-06,1.02443944e-06
0.2970,1.10676787e-06,1.02461190e-06,1.02461192e-06
0.2980,1.10754134e-06,1.02478504e-06,1.02478505e-06
0.2990,1.10831785e-06,1.02495883e-06,1.02495884e-06
0.3000,1.10909742e-06,1.02513327e-06,1.02513329e-06
0.3010,1.10988004e-06,1.02530837e-06,1.02530839e-06
0.3020,1.11066572e-06,1.02548413e-06,1.02548414e-06
0.3030,1.11145446e-06,1.02566054e-06,1.02566056e-06
0.3040,1.11224625e-06,1.02583762e-06,1.02583763e-06
0.3050,1.11304110e-06,1.02601535e-06,1.02601536e-06
0.3060,1.11383901e-06,1.02619373e-06,1.02619375e-06
0.3070,1.11463998e-06,1.02637278e-06,1.02637280e-06
0.3080,1.11544400e-06,1.02655249e-06,1.02655250e-06
0.3090,1.11625109e-06,1.02673286e-06,1.02673287e-06
0.3100,1.11706124e-06,1.02691388e-06,1.02691390e-06
0.3110,1.11787445e-06,1.02709557e-06,1.02709559e-06
0.3120,1.11869072e-06,1.02727792e-06,1.02727793e-06
0.3130,1.11951006e-06,1.02746093e-06,1.02746095e-06
0.3140,1.12033246e-06,1.02764460e-06,1.02764462e-06
0.3150,1.12115792e-06,1.02782894e-06,1.02782896e-06
0.3160,1.12198644e-06,1.02801394e-06,1.02801396e-06
0.3170,1.12281803e-06,1.02819961e-06,1.02819962e-06
0.3180,1.12365268e-06,1.02838593e-06,1.02838595e-06
0.3190,1.12449039e-06,1.02857293e-06,1.02857294e-06
0.3200,1.12533117e-06,1.02876058e-06,1.02876060e-06
0.3210,1.12617501e-06,1.02894891e-06,1.02894892e-06
0.3220,1.12702191e-06,1.02913790e-06,1.02913791e-06
0.3230,1.12787188e-06,1.02932755e-06,1.02932757e-06
0.3240,1.12872492e-06,1.02951788e-06,1.02951790e-06
0.3250,1.12958101e-06,1.02970887e-06,1.02970889e-06
0.3260,1.13044017e-06,1.02990053e-06,1.02990055e-06
0.3270,1.13130239e-06,1.03009286e-06,1.03009288e-06
0.3280,1.13216768e-06,1.03028586e-06,1.03028587e-06
0.3290,1.13303603e-06,1.03047953e-06,1.03047954e-06
0.3300,1.13390744e-06,1.03067386e-06,1.03067388e-06
0.3310,1.13478191e-06,1.03086887e-06,1.03086889e-06
0.3320,1.13565944e-06,1.03106455e-06,1.03106457e-06
0.3330,1.13654004e-06,1.03126090e-06,1.03126092e-06
0.3340,1.13742369e-06,1.03145793e-06,1.03145794e-06
0.3350,1.13831040e-06,1.03165562e-06,1.03165564e-06
0.3360,1.13920018e-06,1.03185399e-06,1.03185401e-06
0.3370,1.14009301e-06,1.03205303e-06,1.03205305e-06
0.3380,1.14098890e-06,1.03225275e-06,1.03225277e-06
0.3390,1.14188784e-06,1.03245314e-06,1.03245316e-06
0.3400,1.14278984e-06,1.03265421e-06,1.03265422e-06
0.3410,1.14369490e-06,1.03285595e-06,1.03285597e-06
0.3420,1.14460301e-06,1.03305837e-06,1.03305838e-06
0.3430,1.14551417e-06,1.03326146e-06,1.03326148e-06
0.3440,1.14642839e-06,1.03346523e-06,1.03346525e-06
0.3450,1.14734565e-06,1.03366968e-06,1.03366969e-06
0.3460,1.14826597e-06,1.03387480e-06,1.03387482e-06
0.3470,1.14918933e-06,1.03408061e-06,1.03408062e-06
0.3480,1.15011574e-06,1.03428709e-06,1.03428711e-06
0.3490,1.15104520e-06,1.03449425e-06,1.03449427e-06
0.3500,1.15197770e-06,1.03470209e-06,1.03470211e-06
0.3510,1.15291325e-06,1.03491062e-06,1.03491063e-06
0.3520,1.15385183e-06,1.03511982e-06,1.03511984e-06
0.3530,1.15479346e-06,1.03532970e-06,1.03532972e-06
0.3540,1.15573813e-06,1.03554027e-06,1.03554029e-06
0.3550,1.15668583e-06,1.03575152e-06,1.03575153e-06
0.3560,1.15763657e-06,1.03596345e-06,1.03596346e-06
0.3570,1.15859034e-06,1.03617606e-06,1.03617608e-06
0.3580,1.15954714e-06,1.03638936e-06,1.03638937e-06
0.3590,1.16050698e-06,1.03660334e-06,1.03660335e-06
0.3600,1.16146984e-06,1.03681800e-06,1.03681802e-06
0.3610,1.16243573e-06,1.03703335e-06,1.03703337e-06
0.3620,1.16340464e-06,1.03724939e-06,1.03724941e-06
0.3630,1.16437657e-06,1.03746611e-06,1.03746613e-06
0.3640,1.16535153e-06,1.03768352e-06,1.03768353e-06
0.3650,1.16632950e-06,1.03790161e-06,1.03790163e-06
0.3660,1.16731049e-06,1.03812039e-06,1.03812041e-06
0.3670,1.16829449e-06,1.03833986e-06,1.03833988e-06
0.3680,1.16928151e-06,1.03856002e-06,1.03856004e-06
0.3690,1.17027153e-06,1.03878087e-06,1.03878088e-06
0.3700,1.17126456e-06,1.03900240e-06,1.03900242e-06
0.3710,1.17226060e-06,1.03922463e-06,1.03922464e-06
0.3720,1.17325963e-06,1.03944754e-06,1.03944756e-06
0.3730,1.17426167e-06,1.03967115e-06,1.03967116e-06
0.3740,1.17526670e-06,1.03989544e-06,1.03989546e-06
0.3750,1.17627472e-06,1.04012043e-06,1.04012045e-06
0.3760,1.17728574e-06,1.04034611e-06,1.04034613e-06
0.3770,1.17829975e-06,1.04057248e-06,1.04057250e-06
0.3780,1.17931674e-06,1.04079955e-06,1.04079957e-06
0.3790,1.18033671e-06,1.04102731e-06,1.04102732e-06
0.3800,1.18135966e-06,1.04125576e-06,1.04125578e-06
0.3810,1.18238559e-06,1.04148490e-06,1.04148492e-06
0.3820,1.18341449e-06,1.04171474e-06,1.04171476e-06
0.3830,1.18444637e-06,1.04194528e-06,1.04194530e-06
0.3840,1.18548121e-06,1.04217651e-06,1.04217653e-06
0.3850,1.18651901e-06,1.04240844e-06,1.04240846e-06
0.3860,1.18755978e-06,1.04264106e-06,1.04264108e-06
0.3870,1.18860350e-06,1.04287438e-06,1.04287440e-06
0.3880,1.18965018e-06,1.04310840e-06,1.04310842e-06
0.3890,1.19069981e-06,1.04334311e-06,1.04334313e-06
0.3900,1.19175239e-06,1.04357853e-06,1.04357855e-06
0.3910,1.19280791e-06,1.04381464e-06,1.04381466e-06
0.3920,1.19386637e-06,1.04405145e-06,1.04405147e-06
0.3930,1.19492777e-06,1.04428896e-06,1.04428898e-06
0.3940,1.19599210e-06,1.04452717e-06,1.04452719e-06
0.3950,1.19705935e-06,1.04476609e-06,1.04476610e-06
0.3960,1.19812954e-06,1.04500570e-06,1.04500572e-06
0.3970,1.19920264e-06,1.04524601e-06,1.04524603e-06
0.3980,1.20027867e-06,1.04548703e-06,1.04548705e-06
0.3990,1.20135760e-06,1.04572875e-06,1.04572876e-06
0.4000,1.20243945e-06,1.04597117e-06,1.04597119e-06
0.4010,1.20352420e-06,1.04621429e-06,1.04621431e-06
0.4020,1.20461185e-06,1.04645812e-06,1.04645814e-06
0.4030,1.20570241e-06,1.04670265e-06,1.04670267e-06
0.4040,1.20679585e-06,1.04694788e-06,1.04694790e-06
0.4050,1.20789218e-06,1.04719382e-06,1.04719384e-06
0.4060,1.20899139e-06,1.04744047e-06,1.04744049e-06
0.4070,1.21009349e-06,1.04768782e-06,1.04768784e-06
0.4080,1.21119846e-06,1.04793588e-06,1.04793590e-06
0.4090,1.21230630e-06,1.04818464e-06,1.04818466e-06
0.4100,1.21341701e-06,1.04843411e-06,1.04843413e-06
0.4110,1.21453058e-06,1.04868429e-06,1.04868431e-06
0.4120,1.21564701e-06,1.04893518e-06,1.04893520e-06
0.4130,1.21676629e-06,1.04918677e-06,1.04918679e-06
0.4140,1.21788841e-06,1.04943908e-06,1.04943910e-06
0.4150,1.21901338e-06,1.04969209e-06,1.04969211e-06
0.4160,1.22014119e-06,1.04994581e-06,1.04994583e-06
0.4170,1.22127183e-06,1.05020025e-06,1.05020027e-06
0.4180,1.22240529e-06,1.05045539e-06,1.05045541e-06
0.4190,1.22354158e-06,1.05071124e-06,1.05071126e-06
0.4200,1.22468069e-06,1.05096781e-06,1.05096783e-06
0.4210,1.22582261e-06,1.05122509e-06,1.05122511e-06
0.4220,1.22696734e-06,1.05148307e-06,1.05148309e-06
0.4230,1.22811486e-06,1.05174178e-06,1.05174180e-06
0.4240,1.22926519e-06,1.05200119e-06,1.05200121e-06
0.4250,1.23041831e-06,1.05226132e-06,1.05226134e-06
0.4260,1.23157421e-06,1.05252216e-06,1.05252218e-06
0.4270,1.23273289e-06,1.05278372e-06,1.05278374e-06
0.4280,1.23389435e-06,1.05304599e-06,1.05304601e-06
0.4290,1.23505858e-06,1.05330897e-06,1.05330899e-06
0.4300,1.23622557e-06,1.05357267e-06,1.05357270e-06
0.4310,1.23739532e-06,1.05383709e-06,1.05383711e-06
0.4320,1.23856782e-06,1.05410223e-06,1.05410225e-06
0.4330,1.23974307e-06,1.05436808e-06,1.05436810e-06
0.4340,1.24092105e-06,1.05463464e-06,1.05463466e-06
0.4350,1.24210178e-06,1.05490193e-06,1.05490195e-06
0.4360,1.24328523e-06,1.05516993e-06,1.05516995e-06
0.4370,1.24447140e-06,1.05543865e-06,1.05543867e-06
0.4380,1.24566030e-06,1.05570809e-06,1.05570811e-06
0.4390,1.24685190e-06,1.05597825e-06,1.05597827e-06
0.4400,1.24804621e-06,1.05624913e-06,1.05624915e-06
0.4410,1.24924321e-06,1.05652073e-06,1.05652075e-06
0.4420,1.25044291e-06,1.05679305e-06,1.05679307e-06
0.4430,1.25164529e-06,1.05706609e-06,1.05706611e-06
0.4440,1.25285036e-06,1.05733985e-06,1.05733987e-06
0.4450,1.25405809e-06,1.05761433e-06,1.05761435e-06
0.4460,1.25526850e-06,1.05788954e-06,1.05788956e-06
0.4470,1.25648156e-06,1.05816546e-06,1.05816548e-06
0.4480,1.25769728e-06,1.05844211e-06,1.05844213e-06
0.4490,1.25891565e-06,1.05871948e-06,1.05871951e-06
0.4500,1.26013665e-06,1.05899758e-06,1.05899760e-06
0.4510,1.26136029e-06,1.05927640e-06,1.05927642e-06
0.4520,1.26258656e-06,1.05955594e-06,1.05955597e-06
0.4530,1.26381545e-06,1.05983621e-06,1.05983624e-06
0.4540,1.26504695e-06,1.06011721e-06,1.06011723e-06
0.4550,1.26628106e-06,1.06039893e-06,1.06039895e-06
0.4560,1.26751777e-06,1.06068137e-06,1.06068139e-06
0.4570,1.26875707e-06,1.06096454e-06,1.06096457e-06
0.4580,1.26999896e-06,1.06124844e-06,1.06124846e-06
0.4590,1.27124343e-06,1.06153307e-06,1.06153309e-06
0.4600,1.27249047e-06,1.06181842e-06,1.06181844e-06
0.4610,1.27374007e-06,1.06210450e-06,1.06210452e-06
0.4620,1.27499224e-06,1.06239131e-06,1.06239133e-06
0.4630,1.27624695e-06,1.06267884e-06,1.06267887e-06
0.4640,1.27750421e-06,1.06296711e-06,1.06296713e-06
0.4650,1.27876400e-06,1.06325610e-06,1.06325613e-06
0.4660,1.28002632e-06,1.06354583e-06,1.06354585e-06
0.4670,1.28129117e-06,1.06383628e-06,1.06383631e-06
0.4680,1.28255852e-06,1.06412747e-06,1.06412749e-06
0.4690,1.28382839e-06,1.06441938e-06,1.06441941e-06
0.4700,1.28510075e-06,1.06471203e-06,1.06471205e-06
0.4710,1.28637561e-06,1.06500541e-06,1.06500543e-06
0.4720,1.28765295e-06,1.06529952e-06,1.06529954e-06
0.4730,1.28893276e-06,1.06559436e-06,1.06559438e-06
0.4740,1.29021505e-06,1.06588993e-06,1.06588996e-06
0.4750,1.29149979e-06,1.06618624e-06,1.06618626e-06
0.4760,1.29278699e-06,1.06648328e-06,1.06648330e-06
0.4770,1.29407664e-06,1.06678105e-06,1.06678108e-06
0.4780,1.29536872e-06,1.06707956e-06,1.06707958e-06
0.4790,1.29666324e-06,1.06737880e-06,1.06737883e-06
0.4800,1.29796017e-06,1.06767878e-06,1.06767880e-06
0.4810,1.29925952e-06,1.06797949e-06,1.06797951e-06
0.4820,1.30056128e-06,1.06828094e-06,1.06828096e-06
0.4830,1.30186543e-06,1.06858312e-06,1.06858314e-06
0.4840,1.30317198e-06,1.06888604e-06,1.06888606e-06
0.4850,1.30448090e-06,1.06918969e-06,1.06918972e-06
0.4860,1.30579220e-06,1.06949408e-06,1.06949411e-06
0.4870,1.30710587e-06,1.06979921e-06,1.06979924e-06
0.4880,1.30842190e-06,1.07010508e-06,1.07010510e-06
0.4890,1.30974027e-06,1.07041168e-06,1.07041171e-06
0.4900,1.31106099e-06,1.07071902e-06,1.07071905e-06
0.4910,1.31238404e-06,1.07102710e-06,1.07102713e-06
0.4920,1.31370942e-06,1.07133592e-06,1.07133595e-06
0.4930,1.31503711e-06,1.07164548e-06,1.07164550e-06
0.4940,1.31636711e-06,1.07195578e-06,1.07195580e-06
0.4950,1.31769941e-06,1.07226681e-06,1.07226684e-06
0.4960,1.31903400e-06,1.07257859e-06,1.07257862e-06
0.4970,1.32037088e-06,1.07289111e-06,1.07289113e-06
0.4980,1.32171003e-06,1.07320436e-06,1.07320439e-06
0.4990,1.32305144e-06,1.07351836e-06,1.07351839e-06
0.5000,1.32439512e-06,1.07383310e-06,1.07383313e-06
0.5010,1.32574104e-06,1.07414859e-06,1.07414861e-06
0.5020,1.32708920e-06,1.07446481e-06,1.07446483e-06
0.5030,1.32843960e-06,1.07478177e-06,1.07478180e-06
0.5040,1.32979222e-06,1.07509948e-06,1.07509951e-06
0.5050,1.33114705e-06,1.07541793e-06,1.07541796e-06
0.5060,1.33250409e-06,1.07573713e-06,1.07573715e-06
0.5070,1.33386333e-06,1.07605707e-06,1.07605709e-06
0.5080,1.33522476e-06,1.07637775e-06,1.07637777e-06
0.5090,1.33658836e-06,1.07669917e-06,1.07669920e-06
0.5100,1.33795414e-06,1.07702134e-06,1.07702137e-06
0.5110,1.33932208e-06,1.07734426e-06,1.07734429e-06
0.5120,1.34069217e-06,1.07766792e-06,1.07766795e-06
0.5130,1.34206440e-06,1.07799233e-06,1.07799235e-06
0.5140,1.34343878e-06,1.07831748e-06,1.07831750e-06
0.5150,1.34481528e-06,1.07864337e-06,1.07864340e-06
0.5160,1.34619389e-06,1.07897002e-06,1.07897004e-06
0.5170,1.34757462e-06,1.07929741e-06,1.07929743e-06
0.5180,1.34895744e-06,1.07962554e-06,1.07962557e-06
0.5190,1.35034236e-06,1.07995442e-06,1.07995445e-06
0.5200,1.35172936e-06,1.08028406e-06,1.08028408e-06
0.5210,1.35311843e-06,1.08061443e-06,1.08061446e-06
0.5220,1.35450957e-06,1.08094556e-06,1.08094559e-06
0.5230,1.35590276e-06,1.08127743e-06,1.08127746e-06
0.5240,1.35729799e-06,1.08161006e-06,1.08161008e-06
0.5250,1.35869527e-06,1.08194343e-06,1.08194346e-06
0.5260,1.36009457e-06,1.08227755e-06,1.08227758e-06
0.5270,1.36149589e-06,1.08261242e-06,1.08261245e-06
0.5280,1.36289921e-06,1.08294804e-06,1.08294807e-06
0.5290,1.36430454e-06,1.08328441e-06,1.08328443e-06
0.5300,1.36571186e-06,1.08362153e-06,1.08362155e-06
0.5310,1.36712116e-06,1.08395940e-06,1.08395942e-06
0.5320,1.36853244e-06,1.08429802e-06,1.08429804e-06
0.5330,1.36994567e-06,1.08463739e-06,1.08463742e-06
0.5340,1.37136086e-06,1.08497751e-06,1.08497754e-06
0.5350,1.37277800e-06,1.08531838e-06,1.08531841e-06
0.5360,1.37419707e-06,1.08566001e-06,1.08566004e-06
0.5370,1.37561807e-06,1.08600239e-06,1.08600241e-06
0.5380,1.37704099e-06,1.08634551e-06,1.08634554e-06
0.5390,1.37846581e-06,1.08668940e-06,1.08668942e-06
0.5400,1.37989253e-06,1.08703403e-06,1.08703406e-06
0.5410,1.38132114e-06,1.08737942e-06,1.08737945e-06
0.5420,1.38275163e-06,1.08772556e-06,1.08772559e-06
0.5430,1.38418400e-06,1.08807245e-06,1.08807248e-06
0.5440,1.38561822e-06,1.08842010e-06,1.08842013e-06
0.5450,1.38705430e-06,1.08876850e-06,1.08876853e-06
0.5460,1.38849221e-06,1.08911766e-06,1.08911769e-06
0.5470,1.38993196e-06,1.08946757e-06,1.08946760e-06
0.5480,1.39137354e-06,1.08981823e-06,1.08981826e-06
0.5490,1.39281693e-06,1.09016965e-06,1.09016968e-06
0.5500,1.39426212e-06,1.09052182e-06,1.09052185e-06
0.5510,1.39570912e-06,1.09087475e-06,1.09087478e-06
0.5520,1.39715789e-06,1.09122844e-06,1.09122847e-06
0.5530,1.39860845e-06,1.09158288e-06,1.09158291e-06
0.5540,1.40006077e-06,1.09193808e-06,1.09193810e-06
0.5550,1.40151485e-06,1.09229403e-06,1.09229406e-06
0.5560,1.40297068e-06,1.09265074e-06,1.09265077e-06
0.5570,1.40442825e-06,1.09300820e-06,1.09300823e-06
0.5580,1.40588755e-06,1.09336642e-06,1.09336645e-06
0.5590,1.40734857e-06,1.09372540e-06,1.09372543e-06
0.5600,1.40881130e-06,1.09408514e-06,1.09408517e-06
0.5610,1.41027573e-06,1.09444563e-06,1.09444566e-06
0.5620,1.41174186e-06,1.09480688e-06,1.09480691e-06
0.5630,1.41320967e-06,1.09516889e-06,1.09516892e-06
0.5640,1.41467915e-06,1.09553166e-06,1.09553169e-06
0.5650,1.41615029e-06,1.09589519e-06,1.09589522e-06
0.5660,1.41762310e-06,1.09625947e-06,1.09625950e-06
0.5670,1.41909754e-06,1.09662451e-06,1.09662454e-06
0.5680,1.42057363e-06,1.09699031e-06,1.09699034e-06
0.5690,1.42205134e-06,1.09735687e-06,1.09735690e-06
0.5700,1.42353067e-06,1.09772419e-06,1.09772422e-06
0.5710,1.42501160e-06,1.09809227e-06,1.09809230e-06
0.5720,1.42649414e-06,1.09846111e-06,1.09846114e-06
0.5730,1.42797826e-06,1.09883070e-06,1.09883073e-06
0.5740,1.42946396e-06,1.09920106e-06,1.09920109e-06
0.5750,1.43095124e-06,1.09957218e-06,1.09957221e-06
0.5760,1.43244007e-06,1.09994406e-06,1.09994409e-06
0.5770,1.43393046e-06,1.10031669e-06,1.10031672e-06
0.5780,1.43542239e-06,1.10069009e-06,1.10069012e-06
0.5790,1.43691586e-06,1.10106425e-06,1.10106428e-06
0.5800,1.43841084e-06,1.10143917e-06,1.10143920e-06
0.5810,1.43990734e-06,1.10181485e-06,1.10181488e-06
0.5820,1.44140535e-06,1.10219129e-06,1.10219132e-06
0.5830,1.44290485e-06,1.10256849e-06,1.10256853e-06
0.5840,1.44440584e-06,1.10294646e-06,1.10294649e-06
0.5850,1.44590831e-06,1.10332519e-06,1.10332522e-06
0.5860,1.44741225e-06,1.10370467e-06,1.10370471e-06
0.5870,1.44891764e-06,1.10408492e-06,1.10408496e-06
0.5880,1.45042448e-06,1.10446593e-06,1.10446597e-06
0.5890,1.45193277e-06,1.10484771e-06,1.10484774e-06
0.5900,1.45344248e-06,1.10523025e-06,1.10523028e-06
0.5910,1.45495362e-06,1.10561354e-06,1.10561358e-06
0.5920,1.45646617e-06,1.10599761e-06,1.10599764e-06
0.5930,1.45798012e-06,1.10638243e-06,1.10638246e-06
0.5940,1.45949547e-06,1.10676802e-06,1.10676805e-06
0.5950,1.46101220e-06,1.10715437e-06,1.10715440e-06
0.5960,1.46253031e-06,1.10754148e-06,1.10754151e-06
0.5970,1.46404978e-06,1.10792936e-06,1.10792939e-06
0.5980,1.46557062e-06,1.10831799e-06,1.10831803e-06
0.5990,1.46709280e-06,1.10870740e-06,1.10870743e-06
0.6000,1.46861632e-06,1.10909756e-06,1.10909760e-06
0.6010,1.47014117e-06,1.10948849e-06,1.10948853e-06
0.6020,1.47166734e-06,1.10988019e-06,1.10988022e-06
0.6030,1.47319483e-06,1.11027265e-06,1.11027268e-06
0.6040,1.47472361e-06,1.11066587e-06,1.11066590e-06
0.6050,1.47625370e-06,1.11105985e-06,1.11105989e-06
0.6060,1.47778506e-06,1.11145460e-06,1.11145464e-06
0.6070,1.47931771e-06,1.11185012e-06,1.11185015e-06
0.6080,1.48085162e-06,1.11224640e-06,1.11224643e-06
0.6090,1.48238679e-06,1.11264344e-06,1.11264348e-06
0.6100,1.48392320e-06,1.11304125e-06,1.11304128e-06
0.6110,1.48546086e-06,1.11343982e-06,1.11343986e-06
0.6120,1.48699975e-06,1.11383916e-06,1.11383919e-06
0.6130,1.48853987e-06,1.11423926e-06,1.11423930e-06
0.6140,1.49008119e-06,1.11464013e-06,1.11464016e-06
0.6150,1.49162372e-06,1.11504176e-06,1.11504179e-06
0.6160,1.49316745e-06,1.11544416e-06,1.11544419e-06
0.6170,1.49471237e-06,1.11584732e-06,1.11584735e-06
0.6180,1.49625846e-06,1.11625124e-06,1.11625128e-06
0.6190,1.49780572e-06,1.11665594e-06,1.11665597e-06
0.6200,1.49935415e-06,1.11706139e-06,1.11706143e-06
0.6210,1.50090372e-06,1.11746762e-06,1.11746765e-06
0.6220,1.50245444e-06,1.11787461e-06,1.11787464e-06
0.6230,1.50400630e-06,1.11828236e-06,1.11828239e-06
0.6240,1.50555928e-06,1.11869088e-06,1.11869091e-06
0.6250,1.50711338e-06,1.11910016e-06,1.11910020e-06
0.6260,1.50866858e-06,1.11951021e-06,1.11951025e-06
0.6270,1.51022489e-06,1.11992103e-06,1.11992107e-06
0.6280,1.51178229e-06,1.12033261e-06,1.12033265e-06
0.6290,1.51334077e-06,1.12074496e-06,1.12074500e-06
0.6300,1.51490033e-06,1.12115807e-06,1.12115811e-06
0.6310,1.51646095e-06,1.12157195e-06,1.12157199e-06
0.6320,1.51802263e-06,1.12198660e-06,1.12198663e-06
0.6330,1.51958536e-06,1.12240201e-06,1.12240204e-06
0.6340,1.52114914e-06,1.12281818e-06,1.12281822e-06
0.6350,1.52271394e-06,1.12323513e-06,1.12323516e-06
0.6360,1.52427977e-06,1.12365284e-06,1.12365287e-06
0.6370,1.52584661e-06,1.12407131e-06,1.12407135e-06
0.6380,1.52741446e-06,1.12449055e-06,1.12449059e-06
0.6390,1.52898331e-06,1.12491056e-06,1.12491059e-06
0.6400,1.53055315e-06,1.12533133e-06,1.12533137e-06
0.6410,1.53212397e-06,1.12575287e-06,1.12575290e-06
0.6420,1.53369577e-06,1.12617517e-06,1.12617521e-06
0.6430,1.53526853e-06,1.12659824e-06,1.12659828e-06
0.6440,1.53684225e-06,1.12702208e-06,1.12702211e-06
0.6450,1.53841692e-06,1.12744668e-06,1.12744672e-06
0.6460,1.53999253e-06,1.12787205e-06,1.12787208e-06
0.6470,1.54156907e-06,1.12829818e-06,1.12829822e-06
0.6480,1.54314654e-06,1.12872508e-06,1.12872512e-06
0.6490,1.54472493e-06,1.12915275e-06,1.12915278e-06
0.6500,1.54630422e-06,1.12958118e-06,1.12958121e-06
0.6510,1.54788442e-06,1.13001037e-06,1.13001041e-06
0.6520,1.54946551e-06,1.13044034e-06,1.13044038e-06
0.6530,1.55104748e-06,1.13087107e-06,1.13087110e-06
0.6540,1.55263033e-06,1.13130256e-06,1.13130260e-06
0.6550,1.55421405e-06,1.13173482e-06,1.13173486e-06
0.6560,1.55579863e-06,1.13216785e-06,1.13216789e-06
0.6570,1.55738407e-06,1.13260164e-06,1.13260168e-06
0.6580,1.55897035e-06,1.13303620e-06,1.13303623e-06
0.6590,1.56055747e-06,1.13347152e-06,1.13347156e-06
0.6600,1.56214542e-06,1.13390761e-06,1.13390765e-06
0.6610,1.56373419e-06,1.13434446e-06,1.13434450e-06
0.6620,1.56532377e-06,1.13478208e-06,1.13478212e-06
0.6630,1.56691416e-06,1.13522046e-06,1.13522050e-06
0.6640,1.56850535e-06,1.13565961e-06,1.13565965e-06
0.6650,1.57009734e-06,1.13609953e-06,1.13609957e-06
0.6660,1.57169010e-06,1.13654021e-06,1.13654025e-06
0.6670,1.57328364e-06,1.13698165e-06,1.13698169e-06
0.6680,1.57487795e-06,1.13742386e-06,1.13742390e-06
0.6690,1.57647303e-06,1.13786684e-06,1.13786688e-06
0.6700,1.57806885e-06,1.13831058e-06,1.13831062e-06
0.6710,1.57966542e-06,1.13875508e-06,1.13875512e-06
0.6720,1.58126273e-06,1.13920035e-06,1.13920039e-06
0.6730,1.58286078e-06,1.13964639e-06,1.13964643e-06
0.6740,1.58445954e-06,1.14009318e-06,1.14009322e-06
0.6750,1.58605902e-06,1.14054075e-06,1.14054079e-06
0.6760,1.58765921e-06,1.14098907e-06,1.14098911e-06
0.6770,1.58926011e-06,1.14143817e-06,1.14143821e-06
0.6780,1.59086169e-06,1.14188802e-06,1.14188806e-06
0.6790,1.59246397e-06,1.14233864e-06,1.14233868e-06
0.6800,1.59406692e-06,1.14279002e-06,1.14279006e-06
0.6810,1.59567055e-06,1.14324217e-06,1.14324221e-06
0.6820,1.59727484e-06,1.14369508e-06,1.14369512e-06
0.6830,1.59887979e-06,1.14414875e-06,1.14414879e-06
0.6840,1.60048539e-06,1.14460319e-06,1.14460323e-06
0.6850,1.60209164e-06,1.14505839e-06,1.14505843e-06
0.6860,1.60369852e-06,1.14551435e-06,1.14551440e-06
0.6870,1.60530604e-06,1.14597108e-06,1.14597112e-06
0.6880,1.60691417e-06,1.14642857e-06,1.14642861e-06
0.6890,1.60852292e-06,1.14688682e-06,1.14688686e-06
0.6900,1.61013228e-06,1.14734584e-06,1.14734588e-06
0.6910,1.61174225e-06,1.14780561e-06,1.14780566e-06
0.6920,1.61335281e-06,1.14826615e-06,1.14826620e-06
0.6930,1.61496395e-06,1.14872746e-06,1.14872750e-06
0.6940,1.61657568e-06,1.14918952e-06,1.14918956e-06
0.6950,1.61818798e-06,1.14965234e-06,1.14965239e-06
0.6960,1.61980085e-06,1.15011593e-06,1.15011597e-06
0.6970,1.62141428e-06,1.15058028e-06,1.15058032e-06
0.6980,1.62302827e-06,1.15104539e-06,1.15104543e-06
0.6990,1.62464280e-06,1.15151126e-06,1.15151130e-06
0.7000,1.62625787e-06,1.15197789e-06,1.15197793e-06
0.7010,1.62787348e-06,1.15244528e-06,1.15244533e-06
0.7020,1.62948961e-06,1.15291344e-06,1.15291348e-06
0.7030,1.63110627e-06,1.15338235e-06,1.15338239e-06
0.7040,1.63272344e-06,1.15385203e-06,1.15385207e-06
0.7050,1.63434111e-06,1.15432246e-06,1.15432250e-06
0.7060,1.63595929e-06,1.15479365e-06,1.15479370e-06
0.7070,1.63757796e-06,1.15526561e-06,1.15526565e-06
0.7080,1.63919712e-06,1.15573832e-06,1.15573836e-06
0.7090,1.64081676e-06,1.15621179e-06,1.15621184e-06
0.7100,1.64243688e-06,1.15668602e-06,1.15668607e-06
0.7110,1.64405746e-06,1.15716101e-06,1.15716106e-06
0.7120,1.64567851e-06,1.15763676e-06,1.15763681e-06
0.7130,1.64730001e-06,1.15811327e-06,1.15811331e-06
0.7140,1.64892197e-06,1.15859054e-06,1.15859058e-06
0.7150,1.65054436e-06,1.15906856e-06,1.15906860e-06
0.7160,1.65216719e-06,1.15954734e-06,1.15954739e-06
0.7170,1.65379046e-06,1.16002688e-06,1.16002692e-06
0.7180,1.65541415e-06,1.16050717e-06,1.16050722e-06
0.7190,1.65703825e-06,1.16098823e-06,1.16098827e-06
0.7200,1.65866277e-06,1.16147004e-06,1.16147008e-06
0.7210,1.66028769e-06,1.16195260e-06,1.16195265e-06
0.7220,1.66191302e-06,1.16243593e-06,1.16243597e-06
0.7230,1.66353873e-06,1.16292001e-06,1.16292005e-06
0.7240,1.66516484e-06,1.16340484e-06,1.16340489e-06
0.7250,1.66679132e-06,1.16389043e-06,1.16389048e-06
0.7260,1.66841818e-06,1.16437678e-06,1.16437682e-06
0.7270,1.67004541e-06,1.16486388e-06,1.16486392e-06
0.7280,1.67167300e-06,1.16535173e-06,1.16535178e-06
0.7290,1.67330095e-06,1.16584034e-06,1.16584039e-06
0.7300,1.67492926e-06,1.16632971e-06,1.16632975e-06
0.7310,1.67655790e-06,1.16681983e-06,1.16681987e-06
0.7320,1.67818689e-06,1.16731070e-06,1.16731075e-06
0.7330,1.67981621e-06,1.16780232e-06,1.16780237e-06
0.7340,1.68144586e-06,1.16829470e-06,1.16829475e-06
0.7350,1.68307582e-06,1.16878783e-06,1.16878788e-06
0.7360,1.68470611e-06,1.16928172e-06,1.16928177e-06
0.7370,1.68633670e-06,1.16977635e-06,1.16977640e-06
0.7380,1.68796760e-06,1.17027174e-06,1.17027179e-06
0.7390,1.68959880e-06,1.17076788e-06,1.17076793e-06
0.7400,1.69123029e-06,1.17126477e-06,1.17126482e-06
0.7410,1.69286207e-06,1.17176241e-06,1.17176246e-06
0.7420,1.69449413e-06,1.17226081e-06,1.17226086e-06
0.7430,1.69612647e-06,1.17275995e-06,1.17276000e-06
0.7440,1.69775907e-06,1.17325984e-06,1.17325990e-06
0.7450,1.69939194e-06,1.17376049e-06,1.17376054e-06
0.7460,1.70102507e-06,1.17426188e-06,1.17426193e-06
0.7470,1.70265845e-06,1.17476402e-06,1.17476407e-06
0.7480,1.70429208e-06,1.17526691e-06,1.17526696e-06
0.7490,1.70592595e-06,1.17577055e-06,1.17577060e-06
0.7500,1.70756006e-06,1.17627494e-06,1.17627499e-06
0.7510,1.70919440e-06,1.17678008e-06,1.17678013e-06
0.7520,1.71082896e-06,1.17728596e-06,1.17728601e-06
0.7530,1.71246375e-06,1.17779259e-06,1.17779264e-06
0.7540,1.71409875e-06,1.17829996e-06,1.17830002e-06
0.7550,1.71573396e-06,1.17880809e-06,1.17880814e-06
0.7560,1.71736937e-06,1.17931696e-06,1.17931701e-06
0.7570,1.71900498e-06,1.17982657e-06,1.17982662e-06
0.7580,1.72064079e-06,1.18033693e-06,1.18033698e-06
0.7590,1.72227678e-06,1.18084803e-06,1.18084809e-06
0.7600,1.72391295e-06,1.18135988e-06,1.18135994e-06
0.7610,1.72554930e-06,1.18187248e-06,1.18187253e-06
0.7620,1.72718582e-06,1.18238581e-06,1.18238587e-06
0.7630,1.72882251e-06,1.18289990e-06,1.18289995e-06
0.7640,1.73045936e-06,1.18341472e-06,1.18341477e-06
0.7650,1.73209637e-06,1.18393029e-06,1.18393034e-06
0.7660,1.73373352e-06,1.18444659e-06,1.18444665e-06
0.7670,1.73537082e-06,1.18496364e-06,1.18496370e-06
0.7680,1.73700827e-06,1.18548144e-06,1.18548149e-06
0.7690,1.73864584e-06,1.18599997e-06,1.18600002e-06
0.7700,1.74028355e-06,1.18651924e-06,1.18651930e-06
0.7710,1.74192138e-06,1.18703926e-06,1.18703931e-06
0.7720,1.74355933e-06,1.18756001e-06,1.18756007e-06
0.7730,1.74519739e-06,1.18808150e-06,1.18808156e-06
0.7740,1.74683556e-06,1.18860374e-06,1.18860379e-06
0.7750,1.74847384e-06,1.18912671e-06,1.18912676e-06
0.7760,1.75011222e-06,1.18965042e-06,1.18965047e-06
0.7770,1.75175069e-06,1.19017486e-06,1.19017492e-06
0.7780,1.75338925e-06,1.19070005e-06,1.19070010e-06
0.7790,1.75502789e-06,1.19122597e-06,1.19122602e-06
0.7800,1.75666661e-06,1.19175262e-06,1.19175268e-06
0.7810,1.75830540e-06,1.19228002e-06,1.19228007e-06
0.7820,1.75994427e-06,1.19280814e-06,1.19280820e-06
0.7830,1.76158319e-06,1.19333701e-06,1.19333706e-06
0.7840,1.76322218e-06,1.19386661e-06,1.19386666e-06
0.7850,1.76486122e-06,1.19439694e-06,1.19439699e-06
0.7860,1.76650031e-06,1.19492800e-06,1.19492806e-06
0.7870,1.76813944e-06,1.19545980e-06,1.19545986e-06
0.7880,1.76977861e-06,1.19599234e-06,1.19599239e-06
0.7890,1.77141782e-06,1.19652560e-06,1.19652566e-06
0.7900,1.77305705e-06,1.19705960e-06,1.19705965e-06
0.7910,1.77469631e-06,1.19759432e-06,1.19759438e-06
0.7920,1.77633559e-06,1.19812978e-06,1.19812984e-06
0.7930,1.77797488e-06,1.19866597e-06,1.19866603e-06
0.7940,1.77961418e-06,1.19920289e-06,1.19920295e-06
0.7950,1.78125349e-06,1.19974054e-06,1.19974059e-06
0.7960,1.78289279e-06,1.20027891e-06,1.20027897e-06
0.7970,1.78453209e-06,1.20081802e-06,1.20081808e-06
0.7980,1.78617138e-06,1.20135785e-06,1.20135791e-06
0.7990,1.78781066e-06,1.20189841e-06,1.20189847e-06
0.8000,1.78944992e-06,1.20243970e-06,1.20243976e-06
0.8010,1.79108915e-06,1.20298171e-06,1.20298177e-06
0.8020,1.79272835e-06,1.20352445e-06,1.20352451e-06
0.8030,1.79436752e-06,1.20406792e-06,1.20406798e-06
0.8040,1.79600666e-06,1.20461211e-06,1.20461216e-06
0.8050,1.79764574e-06,1.20515702e-06,1.20515708e-06
0.8060,1.79928479e-06,1.20570266e-06,1.20570272e-06
0.8070,1.80092377e-06,1.20624902e-06,1.20624908e-06
0.8080,1.80256270e-06,1.20679610e-06,1.20679616e-06
0.8090,1.80420157e-06,1.20734391e-06,1.20734397e-06
0.8100,1.80584037e-06,1.20789243e-06,1.20789249e-06
0.8110,1.80747910e-06,1.20844168e-06,1.20844174e-06
0.8120,1.80911776e-06,1.20899165e-06,1.20899171e-06
0.8130,1.81075633e-06,1.20954234e-06,1.20954240e-06
0.8140,1.81239481e-06,1.21009375e-06,1.21009381e-06
0.8150,1.81403321e-06,1.21064587e-06,1.21064594e-06
0.8160,1.81567151e-06,1.21119872e-06,1.21119878e-06
0.8170,1.81730971e-06,1.21175228e-06,1.21175234e-06
0.8180,1.81894781e-06,1.21230656e-06,1.21230662e-06
0.8190,1.82058580e-06,1.21286156e-06,1.21286162e-06
0.8200,1.82222367e-06,1.21341727e-06,1.21341733e-06
0.8210,1.82386143e-06,1.21397370e-06,1.21397376e-06
0.8220,1.82549906e-06,1.21453084e-06,1.21453091e-06
0.8230,1.82713657e-06,1.21508870e-06,1.21508876e-06
0.8240,1.82877394e-06,1.21564727e-06,1.21564733e-06
0.8250,1.83041117e-06,1.21620655e-06,1.21620662e-06
0.8260,1.83204827e-06,1.21676655e-06,1.21676661e-06
0.8270,1.83368522e-06,1.21732726e-06,1.21732732e-06
0.8280,1.83532202e-06,1.21788868e-06,1.21788874e-06
0.8290,1.83695866e-06,1.21845081e-06,1.21845087e-06
0.8300,1.83859514e-06,1.21901365e-06,1.21901371e-06
0.8310,1.84023146e-06,1.21957720e-06,1.21957726e-06
0.8320,1.84186761e-06,1.22014146e-06,1.22014152e-06
0.8330,1.84350358e-06,1.22070642e-06,1.22070649e-06
0.8340,1.84513938e-06,1.22127210e-06,1.22127216e-06
0.8350,1.84677500e-06,1.22183848e-06,1.22183854e-06
0.8360,1.84841042e-06,1.22240557e-06,1.22240563e-06
0.8370,1.85004566e-06,1.22297336e-06,1.22297342e-06
0.8380,1.85168070e-06,1.22354186e-06,1.22354192e-06
0.8390,1.85331553e-06,1.22411106e-06,1.22411112e-06
0.8400,1.85495017e-06,1.22468096e-06,1.22468103e-06
0.8410,1.85658459e-06,1.22525157e-06,1.22525164e-06
0.8420,1.85821879e-06,1.22582289e-06,1.22582295e-06
0.8430,1.85985278e-06,1.22639490e-06,1.22639497e-06
0.8440,1.86148654e-06,1.22696761e-06,1.22696768e-06
0.8450,1.86312008e-06,1.22754103e-06,1.22754110e-06
0.8460,1.86475338e-06,1.22811514e-06,1.22811521e-06
0.8470,1.86638644e-06,1.22868996e-06,1.22869003e-06
0.8480,1.86801927e-06,1.22926547e-06,1.22926554e-06
0.8490,1.86965184e-06,1.22984168e-06,1.22984175e-06
0.8500,1.87128416e-06,1.23041859e-06,1.23041866e-06
0.8510,1.87291623e-06,1.23099619e-06,1.23099626e-06
0.8520,1.87454804e-06,1.23157449e-06,1.23157456e-06
0.8530,1.87617958e-06,1.23215349e-06,1.23215356e-06
0.8540,1.87781085e-06,1.23273318e-06,1.23273325e-06
0.8550,1.87944185e-06,1.23331356e-06,1.23331363e-06
0.8560,1.88107257e-06,1.23389464e-06,1.23389471e-06
0.8570,1.88270300e-06,1.23447641e-06,1.23447648e-06
0.8580,1.88433315e-06,1.23505887e-06,1.23505894e-06
0.8590,1.88596300e-06,1.23564202e-06,1.23564209e-06
0.8600,1.88759256e-06,1.23622586e-06,1.23622593e-06
0.8610,1.88922182e-06,1.23681039e-06,1.23681046e-06
0.8620,1.89085077e-06,1.23739561e-06,1.23739568e-06
0.8630,1.89247941e-06,1.23798152e-06,1.23798159e-06
0.8640,1.89410773e-06,1.23856811e-06,1.23856818e-06
0.8650,1.89573574e-06,1.23915540e-06,1.23915547e-06
0.8660,1.89736342e-06,1.23974336e-06,1.23974343e-06
0.8670,1.89899077e-06,1.24033202e-06,1.24033209e-06
0.8680,1.90061778e-06,1.24092135e-06,1.24092142e-06
0.8690,1.90224446e-06,1.24151137e-06,1.24151145e-06
0.8700,1.90387080e-06,1.24210208e-06,1.24210215e-06
0.8710,1.90549679e-06,1.24269346e-06,1.24269354e-06
0.8720,1.90712242e-06,1.24328553e-06,1.24328560e-06
0.8730,1.90874770e-06,1.24387828e-06,1.24387835e-06
0.8740,1.91037262e-06,1.24447171e-06,1.24447178e-06
0.8750,1.91199717e-06,1.24506582e-06,1.24506589e-06
0.8760,1.91362136e-06,1.24566060e-06,1.24566068e-06
0.8770,1.91524516e-06,1.24625607e-06,1.24625614e-06
0.8780,1.91686859e-06,1.24685221e-06,1.24685228e-06
0.8790,1.91849163e-06,1.24744902e-06,1.24744910e-06
0.8800,1.92011429e-06,1.24804652e-06,1.24804659e-06
0.8810,1.92173655e-06,1.24864468e-06,1.24864476e-06
0.8820,1.92335841e-06,1.24924352e-06,1.24924360e-06
0.8830,1.92497987e-06,1.24984304e-06,1.24984311e-06
0.8840,1.92660092e-06,1.25044322e-06,1.25044330e-06
0.8850,1.92822156e-06,1.25104408e-06,1.25104416e-06
0.8860,1.92984178e-06,1.25164561e-06,1.25164568e-06
0.8870,1.93146158e-06,1.25224781e-06,1.25224788e-06
0.8880,1.93308096e-06,1.25285067e-06,1.25285075e-06
0.8890,1.93469990e-06,1.25345421e-06,1.25345429e-06
0.8900,1.93631841e-06,1.25405841e-06,1.25405849e-06
0.8910,1.93793648e-06,1.25466328e-06,1.25466336e-06
0.8920,1.93955410e-06,1.25526882e-06,1.25526890e-06
0.8930,1.94117127e-06,1.25587502e-06,1.25587510e-06
0.8940,1.94278799e-06,1.25648189e-06,1.25648196e-06
0.8950,1.94440425e-06,1.25708941e-06,1.25708949e-06
0.8960,1.94602005e-06,1.25769761e-06,1.25769768e-06
0.8970,1.94763538e-06,1.25830646e-06,1.25830654e-06
0.8980,1.94925023e-06,1.25891597e-06,1.25891605e-06
0.8990,1.95086461e-06,1.25952615e-06,1.25952623e-06
0.9000,1.95247850e-06,1.26013698e-06,1.26013706e-06
0.9010,1.95409191e-06,1.26074847e-06,1.26074855e-06
0.9020,1.95570483e-06,1.26136062e-06,1.26136070e-06
0.9030,1.95731724e-06,1.26197343e-06,1.26197351e-06
0.9040,1.95892916e-06,1.26258689e-06,1.26258697e-06
0.9050,1.96054057e-06,1.26320101e-06,1.26320109e-06
0.9060,1.96215147e-06,1.26381578e-06,1.26381586e-06
0.9070,1.96376185e-06,1.26443121e-06,1.26443129e-06
0.9080,1.96537171e-06,1.26504729e-06,1.26504737e-06
0.9090,1.96698105e-06,1.26566402e-06,1.26566410e-06
0.9100,1.96858985e-06,1.26628140e-06,1.26628148e-06
0.9110,1.97019812e-06,1.26689943e-06,1.26689951e-06
0.9120,1.97180585e-06,1.26751811e-06,1.26751819e-06
0.9130,1.97341304e-06,1.26813744e-06,1.26813752e-06
0.9140,1.97501967e-06,1.26875741e-06,1.26875750e-06
0.9150,1.97662575e-06,1.26937804e-06,1.26937812e-06
0.9160,1.97823127e-06,1.26999930e-06,1.26999939e-06
0.9170,1.97983623e-06,1.27062122e-06,1.27062130e-06
0.9180,1.98144061e-06,1.27124377e-06,1.27124386e-06
0.9190,1.98304443e-06,1.27186697e-06,1.27186706e-06
0.9200,1.98464766e-06,1.27249082e-06,1.27249090e-06
0.9210,1.98625031e-06,1.27311530e-06,1.27311538e-06
0.9220,1.98785237e-06,1.27374042e-06,1.27374051e-06
0.9230,1.98945384e-06,1.27436619e-06,1.27436627e-06
0.9240,1.99105471e-06,1.27499259e-06,1.27499267e-06
0.9250,1.99265497e-06,1.27561963e-06,1.27561971e-06
0.9260,1.99425463e-06,1.27624731e-06,1.27624739e-06
0.9270,1.99585367e-06,1.27687562e-06,1.27687570e-06
0.9280,1.99745210e-06,1.27750456e-06,1.27750465e-06
0.9290,1.99904990e-06,1.27813415e-06,1.27813423e-06
0.9300,2.00064707e-06,1.27876436e-06,1.27876444e-06
0.9310,2.00224361e-06,1.27939521e-06,1.27939529e-06
0.9320,2.00383951e-06,1.28002668e-06,1.28002677e-06
0.9330,2.00543477e-06,1.28065879e-06,1.28065888e-06
0.9340,2.00702938e-06,1.28129153e-06,1.28129162e-06
0.9350,2.00862333e-06,1.28192490e-06,1.28192498e-06
0.9360,2.01021663e-06,1.28255889e-06,1.28255898e-06
0.9370,2.01180927e-06,1.28319351e-06,1.28319360e-06
0.9380,2.01340123e-06,1.28382876e-06,1.28382884e-06
0.9390,2.01499252e-06,1.28446463e-06,1.28446471e-06
0.9400,2.01658313e-06,1.28510112e-06,1.28510121e-06
0.9410,2.01817306e-06,1.28573824e-06,1.28573833e-06
0.9420,2.01976230e-06,1.28637598e-06,1.28637607e-06
0.9430,2.02135085e-06,1.28701434e-06,1.28701443e-06
0.9440,2.02293870e-06,1.28765332e-06,1.28765341e-06
0.9450,2.02452584e-06,1.28829292e-06,1.28829301e-06
0.9460,2.02611227e-06,1.28893314e-06,1.28893323e-06
0.9470,2.02769799e-06,1.28957397e-06,1.28957406e-06
0.9480,2.02928299e-06,1.29021543e-06,1.29021552e-06
0.9490,2.03086726e-06,1.29085749e-06,1.29085758e-06
0.9500,2.03245081e-06,1.29150017e-06,1.29150026e-06
0.9510,2.03403362e-06,1.29214347e-06,1.29214356e-06
0.9520,2.03561569e-06,1.29278738e-06,1.29278747e-06
0.9530,2.03719701e-06,1.29343189e-06,1.29343199e-06
0.9540,2.03877758e-06,1.29407702e-06,1.29407711e-06
0.9550,2.04035740e-06,1.29472276e-06,1.29472285e-06
0.9560,2.04193646e-06,1.29536911e-06,1.29536920e-06
0.9570,2.04351475e-06,1.29601606e-06,1.29601616e-06
0.9580,2.04509226e-06,1.29666362e-06,1.29666372e-06
0.9590,2.04666900e-06,1.29731179e-06,1.29731188e-06
0.9600,2.04824496e-06,1.29796056e-06,1.29796065e-06
0.9610,2.04982013e-06,1.29860994e-06,1.29861003e-06
0.9620,2.05139451e-06,1.29925991e-06,1.29926001e-06
0.9630,2.05296809e-06,1.29991049e-06,1.29991059e-06
0.9640,2.05454087e-06,1.30056167e-06,1.30056177e-06
0.9650,2.05611284e-06,1.30121345e-06,1.30121355e-06
0.9660,2.05768400e-06,1.30186583e-06,1.30186592e-06
0.9670,2.05925433e-06,1.30251880e-06,1.30251890e-06
0.9680,2.06082384e-06,1.30317238e-06,1.30317247e-06
0.9690,2.06239253e-06,1.30382654e-06,1.30382664e-06
0.9700,2.06396037e-06,1.30448131e-06,1.30448140e-06
0.9710,2.06552738e-06,1.30513666e-06,1.30513676e-06
0.9720,2.06709354e-06,1.30579261e-06,1.30579271e-06
0.9730,2.06865885e-06,1.30644915e-06,1.30644925e-06
0.9740,2.07022330e-06,1.30710628e-06,1.30710638e-06
0.9750,2.07178689e-06,1.30776400e-06,1.30776410e-06
0.9760,2.07334961e-06,1.30842231e-06,1.30842240e-06
0.9770,2.07491146e-06,1.30908120e-06,1.30908130e-06
0.9780,2.07647243e-06,1.30974068e-06,1.30974078e-06
0.9790,2.07803252e-06,1.31040075e-06,1.31040085e-06
0.9800,2.07959172e-06,1.31106140e-06,1.31106150e-06
0.9810,2.08115002e-06,1.31172264e-06,1.31172274e-06
0.9820,2.08270742e-06,1.31238446e-06,1.31238456e-06
0.9830,2.08426392e-06,1.31304686e-06,1.31304696e-06
0.9840,2.08581950e-06,1.31370983e-06,1.31370993e-06
0.9850,2.08737417e-06,1.31437339e-06,1.31437349e-06
0.9860,2.08892792e-06,1.31503753e-06,1.31503763e-06
0.9870,2.09048074e-06,1.31570224e-06,1.31570234e-06
0.9880,2.09203263e-06,1.31636753e-06,1.31636763e-06
0.9890,2.09358357e-06,1.31703340e-06,1.31703350e-06
0.9900,2.09513358e-06,1.31769983e-06,1.31769994e-06
0.9910,2.09668263e-06,1.31836685e-06,1.31836695e-06
0.9920,2.09823073e-06,1.31903443e-06,1.31903453e-06
0.9930,2.09977787e-06,1.31970258e-06,1.31970269e-06
0.9940,2.10132404e-06,1.32037131e-06,1.32037141e-06
0.9950,2.10286924e-06,1.32104060e-06,1.32104070e-06
0.9960,2.10441346e-06,1.32171046e-06,1.32171056e-06
0.9970,2.10595670e-06,1.32238089e-06,1.32238099e-06
0.9980,2.10749895e-06,1.32305188e-06,1.32305198e-06
0.9990,2.10904021e-06,1.32372344e-06,1.32372354e-06
1.0000,2.11058046e-06,1.32439556e-06,1.32439566e-06
1.0010,2.11211971e-06,1.32506824e-06,1.32506834e-06
1.0020,2.11365795e-06,1.32574148e-06,1.32574159e-06
1.0030,2.11519517e-06,1.32641528e-06,1.32641539e-06
1.0040,2.11673137e-06,1.32708965e-06,1.32708975e-06
1.0050,2.11826654e-06,1.32776457e-06,1.32776467e-06
1.0060,2.11980068e-06,1.32844005e-06,1.32844015e-06
1.0070,2.12133378e-06,1.32911608e-06,1.32911619e-06
1.0080,2.12286583e-06,1.32979267e-06,1.32979277e-06
1.0090,2.12439683e-06,1.33046981e-06,1.33046992e-06
1.0100,2.12592678e-06,1.33114750e-06,1.33114761e-06
1.0110,2.12745566e-06,1.33182575e-06,1.33182586e-06
1.0120,2.12898348e-06,1.33250455e-06,1.33250466e-06
1.0130,2.13051022e-06,1.33318389e-06,1.33318400e-06
1.0140,2.13203589e-06,1.33386379e-06,1.33386390e-06
1.0150,2.13356047e-06,1.33454423e-06,1.33454434e-06
1.0160,2.13508395e-06,1.33522521e-06,1.33522532e-06
1.0170,2.13660634e-06,1.33590675e-06,1.33590686e-06
1.0180,2.13812763e-06,1.33658882e-06,1.33658893e-06
1.0190,2.13964782e-06,1.33727144e-06,1.33727155e-06
1.0200,2.14116688e-06,1.33795460e-06,1.33795471e-06
1.0210,2.14268483e-06,1.33863830e-06,1.33863841e-06
1.0220,2.14420166e-06,1.33932254e-06,1.33932266e-06
1.0230,2.14571735e-06,1.34000732e-06,1.34000743e-06
1.0240,2.14723191e-06,1.34069264e-06,1.34069275e-06
1.0250,2.14874532e-06,1.34137849e-06,1.34137860e-06
1.0260,2.15025759e-06,1.34206488e-06,1.34206499e-06
1.0270,2.15176870e-06,1.34275180e-06,1.34275191e-06
1.0280,2.15327865e-06,1.34343925e-06,1.34343937e-06
1.0290,2.15478744e-06,1.34412724e-06,1.34412735e-06
1.0300,2.15629506e-06,1.34481575e-06,1.34481587e-06
1.0310,2.15780149e-06,1.34550480e-06,1.34550492e-06
1.0320,2.15930675e-06,1.34619437e-06,1.34619449e-06
1.0330,2.16081082e-06,1.34688448e-06,1.34688459e-06
1.0340,2.16231369e-06,1.34757510e-06,1.34757522e-06
1.0350,2.16381537e-06,1.34826625e-06,1.34826637e-06
1.0360,2.16531584e-06,1.34895793e-06,1.34895805e-06
1.0370,2.16681509e-06,1.34965013e-06,1.34965025e-06
1.0380,2.16831313e-06,1.35034285e-06,1.35034297e-06
1.0390,2.16980995e-06,1.35103609e-06,1.35103621e-06
1.0400,2.17130553e-06,1.35172985e-06,1.35172997e-06
1.0410,2.17279988e-06,1.35242413e-06,1.35242425e-06
1.0420,2.17429300e-06,1.35311893e-06,1.35311904e-06
1.0430,2.17578486e-06,1.35381424e-06,1.35381436e-06
1.0440,2.17727547e-06,1.35451006e-06,1.35451018e-06
1.0450,2.17876483e-06,1.35520641e-06,1.35520652e-06
1.0460,2.18025292e-06,1.35590326e-06,1.35590338e-06
1.0470,2.18173974e-06,1.35660062e-06,1.35660074e-06
1.0480,2.18322528e-06,1.35729850e-06,1.35729862e-06
1.0490,2.18470955e-06,1.35799688e-06,1.35799700e-06
1.0500,2.18619253e-06,1.35869577e-06,1.35869589e-06
1.0510,2.18767421e-06,1.35939517e-06,1.35939529e-06
1.0520,2.18915460e-06,1.36009508e-06,1.36009520e-06
1.0530,2.19063368e-06,1.36079549e-06,1.36079561e-06
1.0540,2.19211145e-06,1.36149640e-06,1.36149652e-06
1.0550,2.19358790e-06,1.36219781e-06,1.36219794e-06
1.0560,2.19506303e-06,1.36289973e-06,1.36289985e-06
1.0570,2.19653684e-06,1.36360214e-06,1.36360227e-06
1.0580,2.19800931e-06,1.36430506e-06,1.36430518e-06
1.0590,2.19948044e-06,1.36500847e-06,1.36500860e-06
1.0600,2.20095023e-06,1.36571238e-06,1.36571251e-06
1.0610,2.20241867e-06,1.36641679e-06,1.36641691e-06
1.0620,2.20388575e-06,1.36712169e-06,1.36712181e-06
1.0630,2.20535147e-06,1.36782708e-06,1.36782720e-06
1.0640,2.20681581e-06,1.36853296e-06,1.36853309e-06
1.0650,2.20827879e-06,1.36923934e-06,1.36923946e-06
1.0660,2.20974039e-06,1.36994620e-06,1.36994633e-06
1.0670,2.21120060e-06,1.37065356e-06,1.37065368e-06
1.0680,2.21265942e-06,1.37136140e-06,1.37136152e-06
1.0690,2.21411684e-06,1.37206972e-06,1.37206985e-06
1.0700,2.21557286e-06,1.37277854e-06,1.37277867e-06
1.0710,2.21702747e-06,1.37348783e-06,1.37348796e-06
1.0720,2.21848067e-06,1.37419761e-06,1.37419774e-06
1.0730,2.21993244e-06,1.37490787e-06,1.37490800e-06
1.0740,2.22138280e-06,1.37561861e-06,1.37561874e-06
1.0750,2.22283172e-06,1.37632983e-06,1.37632996e-06
1.0760,2.22427920e-06,1.37704153e-06,1.37704166e-06
1.0770,2.22572524e-06,1.37775371e-06,1.37775384e-06
1.0780,2.22716983e-06,1.37846636e-06,1.37846649e-06
1.0790,2.22861297e-06,1.37917948e-06,1.37917962e-06
1.0800,2.23005465e-06,1.37989308e-06,1.37989322e-06
1.0810,2.23149487e-06,1.38060716e-06,1.38060729e-06
1.0820,2.23293361e-06,1.38132170e-06,1.38132183e-06
1.0830,2.23437088e-06,1.38203671e-06,1.38203684e-06
1.0840,2.23580666e-06,1.38275219e-06,1.38275233e-06
1.0850,2.23724096e-06,1.38346814e-06,1.38346828e-06
1.0860,2.23867376e-06,1.38418456e-06,1.38418469e-06
1.0870,2.24010506e-06,1.38490144e-06,1.38490157e-06
1.0880,2.24153486e-06,1.38561878e-06,1.38561892e-06
1.0890,2.24296315e-06,1.38633659e-06,1.38633673e-06
1.0900,2.24438993e-06,1.38705486e-06,1.38705500e-06
1.0910,2.24581518e-06,1.38777359e-06,1.38777373e-06
1.0920,2.24723891e-06,1.38849278e-06,1.38849292e-06
1.0930,2.24866110e-06,1.38921243e-06,1.38921257e-06
1.0940,2.25008175e-06,1.38993254e-06,1.38993268e-06
1.0950,2.25150087e-06,1.39065310e-06,1.39065324e-06
1.0960,2.25291843e-06,1.39137412e-06,1.39137425e-06
1.0970,2.25433444e-06,1.39209559e-06,1.39209573e-06
1.0980,2.25574889e-06,1.39281751e-06,1.39281765e-06
1.0990,2.25716177e-06,1.39353988e-06,1.39354002e-06
1.1000,2.25857309e-06,1.39426271e-06,1.39426285e-06
1.1010,2.25998283e-06,1.39498598e-06,1.39498612e-06
1.1020,2.26139098e-06,1.39570970e-06,1.39570984e-06
1.1030,2.26279755e-06,1.39643387e-06,1.39643401e-06
1.1040,2.26420253e-06,1.39715848e-06,1.39715862e-06
1.1050,2.26560591e-06,1.39788354e-06,1.39788368e-06
1.1060,2.26700769e-06,1.39860904e-06,1.39860918e-06
1.1070,2.26840786e-06,1.39933498e-06,1.39933512e-06
1.1080,2.26980642e-06,1.40006136e-06,1.40006151e-06
1.1090,2.27120336e-06,1.40078819e-06,1.40078833e-06
1.1100,2.27259868e-06,1.40151545e-06,1.40151559e-06
1.1110,2.27399236e-06,1.40224315e-06,1.40224329e-06
1.1120,2.27538442e-06,1.40297128e-06,1.40297143e-06
1.1130,2.27677483e-06,1.40369985e-06,1.40370000e-06
1.1140,2.27816360e-06,1.40442885e-06,1.40442900e-06
1.1150,2.27955072e-06,1.40515829e-06,1.40515844e-06
1.1160,2.28093619e-06,1.40588816e-06,1.40588830e-06
1.1170,2.28231999e-06,1.40661845e-06,1.40661860e-06
1.1180,2.28370214e-06,1.40734918e-06,1.40734933e-06
1.1190,2.28508261e-06,1.40808033e-06,1.40808048e-06
1.1200,2.28646141e-06,1.40881191e-06,1.40881206e-06
1.1210,2.28783852e-06,1.40954392e-06,1.40954407e-06
1.1220,2.28921396e-06,1.41027635e-06,1.41027650e-06
1.1230,2.29058770e-06,1.41100920e-06,1.41100935e-06
1.1240,2.29195975e-06,1.41174248e-06,1.41174263e-06
1.1250,2.29333010e-06,1.41247618e-06,1.41247633e-06
1.1260,2.29469875e-06,1.41321029e-06,1.41321044e-06
1.1270,2.29606569e-06,1.41394483e-06,1.41394498e-06
1.1280,2.29743091e-06,1.41467978e-06,1.41467993e-06
1.1290,2.29879442e-06,1.41541515e-06,1.41541530e-06
1.1300,2.30015620e-06,1.41615093e-06,1.41615108e-06
1.1310,2.30151625e-06,1.41688712e-06,1.41688728e-06
1.1320,2.30287458e-06,1.41762373e-06,1.41762389e-06
1.1330,2.30423116e-06,1.41836075e-06,1.41836091e-06
1.1340,2.30558601e-06,1.41909818e-06,1.41909834e-06
1.1350,2.30693910e-06,1.41983602e-06,1.41983618e-06
1.1360,2.30829045e-06,1.42057427e-06,1.42057443e-06
1.1370,2.30964004e-06,1.42131293e-06,1.42131308e-06
1.1380,2.31098787e-06,1.42205199e-06,1.42205214e-06
1.1390,2.31233394e-06,1.42279145e-06,1.42279161e-06
1.1400,2.31367824e-06,1.42353132e-06,1.42353147e-06
1.1410,2.31502077e-06,1.42427159e-06,1.42427174e-06
1.1420,2.31636152e-06,1.42501226e-06,1.42501241e-06
1.1430,2.31770049e-06,1.42575333e-06,1.42575349e-06
1.1440,2.31903767e-06,1.42649480e-06,1.42649495e-06
1.1450,2.32037306e-06,1.42723666e-06,1.42723682e-06
1.1460,2.32170666e-06,1.42797892e-06,1.42797908e-06
1.1470,2.32303846e-06,1.42872158e-06,1.42872174e-06
1.1480,2.32436846e-06,1.42946463e-06,1.42946479e-06
1.1490,2.32569665e-06,1.43020807e-06,1.43020823e-06
1.1500,2.32702303e-06,1.43095191e-06,1.43095207e-06
1.1510,2.32834759e-06,1.43169613e-06,1.43169630e-06
1.1520,2.32967034e-06,1.43244075e-06,1.43244091e-06
1.1530,2.33099127e-06,1.43318575e-06,1.43318591e-06
1.1540,2.33231037e-06,1.43393114e-06,1.43393130e-06
1.1550,2.33362764e-06,1.43467691e-06,1.43467708e-06
1.1560,2.33494308e-06,1.43542307e-06,1.43542324e-06
1.1570,2.33625668e-06,1.43616961e-06,1.43616978e-06
1.1580,2.33756843e-06,1.43691654e-06,1.43691670e-06
1.1590,2.33887835e-06,1.43766384e-06,1.43766401e-06
1.1600,2.34018641e-06,1.43841153e-06,1.43841170e-06
1.1610,2.34149263e-06,1.43915959e-06,1.43915976e-06
1.1620,2.34279699e-06,1.43990804e-06,1.43990820e-06
1.1630,2.34409949e-06,1.44065685e-06,1.44065702e-06
1.1640,2.34540013e-06,1.44140605e-06,1.44140621e-06
1.1650,2.34669890e-06,1.44215561e-06,1.44215578e-06
1.1660,2.34799581e-06,1.44290555e-06,1.44290572e-06
1.1670,2.34929084e-06,1.44365586e-06,1.44365603e-06
1.1680,2.35058400e-06,1.44440655e-06,1.44440672e-06
1.1690,2.35187528e-06,1.44515760e-06,1.44515777e-06
1.1700,2.35316468e-06,1.44590902e-06,1.44590919e-06
1.1710,2.35445220e-06,1.44666080e-06,1.44666097e-06
1.1720,2.35573783e-06,1.44741296e-06,1.44741313e-06
1.1730,2.35702157e-06,1.44816547e-06,1.44816564e-06
1.1740,2.35830341e-06,1.44891835e-06,1.44891853e-06
1.1750,2.35958337e-06,1.44967160e-06,1.44967177e-06
1.1760,2.36086142e-06,1.45042520e-06,1.45042537e-06
1.1770,2.36213757e-06,1.45117916e-06,1.45117934e-06
1.1780,2.36341182e-06,1.45193349e-06,1.45193366e-06
1.1790,2.36468416e-06,1.45268817e-06,1.45268834e-06
1.1800,2.36595460e-06,1.45344321e-06,1.45344338e-06
1.1810,2.36722312e-06,1.45419860e-06,1.45419878e-06
1.1820,2.36848973e-06,1.45495435e-06,1.45495452e-06
1.1830,2.36975442e-06,1.45571045e-06,1.45571062e-06
1.1840,2.37101720e-06,1.45646690e-06,1.45646708e-06
1.1850,2.37227805e-06,1.45722370e-06,1.45722388e-06
1.1860,2.37353699e-06,1.45798086e-06,1.45798104e-06
1.1870,2.37479400e-06,1.45873836e-06,1.45873854e-06
1.1880,2.37604908e-06,1.45949621e-06,1.45949639e-06
1.1890,2.37730224e-06,1.46025440e-06,1.46025458e-06
1.1900,2.37855346e-06,1.46101294e-06,1.46101312e-06
1.1910,2.37980276e-06,1.46177183e-06,1.46177201e-06
1.1920,2.38105012e-06,1.46253106e-06,1.46253124e-06
1.1930,2.38229554e-06,1.46329063e-06,1.46329081e-06
1.1940,2.38353903e-06,1.46405054e-06,1.46405072e-06
1.1950,2.38478058e-06,1.46481078e-06,1.46481097e-06
1.1960,2.38602020e-06,1.46557137e-06,1.46557155e-06
1.1970,2.38725787e-06,1.46633230e-06,1.46633248e-06
1.1980,2.38849360e-06,1.46709356e-06,1.46709374e-06
1.1990,2.38972738e-06,1.46785515e-06,1.46785534e-06
1.2000,2.39095922e-06,1.46861708e-06,1.46861727e-06
1.2010,2.39218912e-06,1.46937934e-06,1.46937953e-06
1.2020,2.39341707e-06,1.47014194e-06,1.47014212e-06
1.2030,2.39464307e-06,1.47090486e-06,1.47090505e-06
1.2040,2.39586712e-06,1.47166811e-06,1.47166830e-06
1.2050,2.39708922e-06,1.47243169e-06,1.47243188e-06
1.2060,2.39830938e-06,1.47319560e-06,1.47319579e-06
1.2070,2.39952758e-06,1.47395984e-06,1.47396002e-06
1.2080,2.40074384e-06,1.47472439e-06,1.47472458e-06
1.2090,2.40195814e-06,1.47548928e-06,1.47548947e-06
1.2100,2.40317049e-06,1.47625448e-06,1.47625467e-06
1.2110,2.40438089e-06,1.47702001e-06,1.47702020e-06
1.2120,2.40558934e-06,1.47778585e-06,1.47778604e-06
1.2130,2.40679583e-06,1.47855202e-06,1.47855221e-06
1.2140,2.40800038e-06,1.47931850e-06,1.47931869e-06
1.2150,2.40920297e-06,1.48008530e-06,1.48008549e-06
1.2160,2.41040361e-06,1.48085241e-06,1.48085261e-06
1.2170,2.41160230e-06,1.48161984e-06,1.48162004e-06
1.2180,2.41279904e-06,1.48238759e-06,1.48238778e-06
1.2190,2.41399383e-06,1.48315564e-06,1.48315584e-06
1.2200,2.41518667e-06,1.48392401e-06,1.48392420e-06
1.2210,2.41637755e-06,1.48469269e-06,1.48469288e-06
1.2220,2.41756649e-06,1.48546167e-06,1.48546187e-06
1.2230,2.41875349e-06,1.48623097e-06,1.48623116e-06
1.2240,2.41993853e-06,1.48700057e-06,1.48700076e-06
1.2250,2.42112163e-06,1.48777047e-06,1.48777067e-06
1.2260,2.42230279e-06,1.48854068e-06,1.48854088e-06
1.2270,2.42348200e-06,1.48931120e-06,1.48931140e-06
1.2280,2.42465927e-06,1.49008201e-06,1.49008221e-06
1.2290,2.42583460e-06,1.49085313e-06,1.49085333e-06
1.2300,2.42700799e-06,1.49162455e-06,1.49162475e-06
1.2310,2.42817944e-06,1.49239627e-06,1.49239647e-06
1.2320,2.42934895e-06,1.49316828e-06,1.49316848e-06
1.2330,2.43051654e-06,1.49394059e-06,1.49394079e-06
1.2340,2.43168219e-06,1.49471320e-06,1.49471340e-06
1.2350,2.43284591e-06,1.49548610e-06,1.49548631e-06
1.2360,2.43400770e-06,1.49625930e-06,1.49625950e-06
1.2370,2.43516756e-06,1.49703279e-06,1.49703299e-06
1.2380,2.43632550e-06,1.49780656e-06,1.49780677e-06
1.2390,2.43748153e-06,1.49858063e-06,1.49858084e-06
1.2400,2.43863563e-06,1.49935499e-06,1.49935520e-06
1.2410,2.43978781e-06,1.50012964e-06,1.50012985e-06
1.2420,2.44093809e-06,1.50090457e-06,1.50090478e-06
1.2430,2.44208645e-06,1.50167979e-06,1.50168000e-06
1.2440,2.44323291e-06,1.50245530e-06,1.50245551e-06
1.2450,2.44437746e-06,1.50323109e-06,1.50323129e-06
1.2460,2.44552011e-06,1.50400716e-06,1.50400737e-06
1.2470,2.44666086e-06,1.50478351e-06,1.50478372e-06
1.2480,2.44779972e-06,1.50556014e-06,1.50556035e-06
1.2490,2.44893669e-06,1.50633705e-06,1.50633726e-06
1.2500,2.45007177e-06,1.50711424e-06,1.50711446e-06
1.2510,2.45120497e-06,1.50789171e-06,1.50789192e-06
1.2520,2.45233629e-06,1.50866946e-06,1.50866967e-06
1.2530,2.45346574e-06,1.50944747e-06,1.50944769e-06
1.2540,2.45459331e-06,1.51022577e-06,1.51022598e-06
1.2550,2.45571902e-06,1.51100433e-06,1.51100455e-06
1.2560,2.45684286e-06,1.51178317e-06,1.51178339e-06
1.2570,2.45796485e-06,1.51256228e-06,1.51256250e-06
1.2580,2.45908499e-06,1.51334166e-06,1.51334187e-06
1.2590,2.46020327e-06,1.51412131e-06,1.51412152e-06
1.2600,2.46131972e-06,1.51490122e-06,1.51490144e-06
1.2610,2.46243432e-06,1.51568140e-06,1.51568162e-06
1.2620,2.46354709e-06,1.51646185e-06,1.51646207e-06
1.2630,2.46465803e-06,1.51724256e-06,1.51724278e-06
1.2640,2.46576715e-06,1.51802353e-06,1.51802375e-06
1.2650,2.46687446e-06,1.51880477e-06,1.51880499e-06
1.2660,2.46797995e-06,1.51958627e-06,1.51958649e-06
1.2670,2.46908364e-06,1.52036803e-06,1.52036825e-06
1.2680,2.47018552e-06,1.52115004e-06,1.52115026e-06
1.2690,2.47128562e-06,1.52193232e-06,1.52193254e-06
1.2700,2.47238393e-06,1.52271485e-06,1.52271507e-06
1.2710,2.47348045e-06,1.52349764e-06,1.52349786e-06
1.2720,2.47457520e-06,1.52428068e-06,1.52428091e-06
1.2730,2.47566819e-06,1.52506398e-06,1.52506420e-06
1.2740,2.47675941e-06,1.52584753e-06,1.52584775e-06
1.2750,2.47784888e-06,1.52663133e-06,1.52663156e-06
1.2760,2.47893660e-06,1.52741539e-06,1.52741561e-06
1.2770,2.48002258e-06,1.52819969e-06,1.52819991e-06
1.2780,2.48110682e-06,1.52898424e-06,1.52898447e-06
1.2790,2.48218935e-06,1.52976904e-06,1.52976926e-06
1.2800,2.48327015e-06,1.53055408e-06,1.53055431e-06
1.2810,2.48434925e-06,1.53133937e-06,1.53133960e-06
1.2820,2.48542664e-06,1.53212491e-06,1.53212514e-06
1.2830,2.48650234e-06,1.53291069e-06,1.53291092e-06
1.2840,2.48757635e-06,1.53369671e-06,1.53369694e-06
1.2850,2.48864869e-06,1.53448297e-06,1.53448320e-06
1.2860,2.48971935e-06,1.53526948e-06,1.53526971e-06
1.2870,2.49078836e-06,1.53605622e-06,1.53605645e-06
1.2880,2.49185571e-06,1.53684320e-06,1.53684343e-06
1.2890,2.49292142e-06,1.53763042e-06,1.53763065e-06
1.2900,2.49398550e-06,1.53841787e-06,1.53841811e-06
1.2910,2.49504795e-06,1.53920557e-06,1.53920580e-06
1.2920,2.49610879e-06,1.53999349e-06,1.53999372e-06
1.2930,2.49716802e-06,1.54078165e-06,1.54078188e-06
1.2940,2.49822566e-06,1.54157004e-06,1.54157027e-06
1.2950,2.49928171e-06,1.54235866e-06,1.54235890e-06
1.2960,2.50033618e-06,1.54314751e-06,1.54314775e-06
1.2970,2.50138909e-06,1.54393659e-06,1.54393683e-06
1.2980,2.50244044e-06,1.54472590e-06,1.54472614e-06
1.2990,2.50349025e-06,1.54551544e-06,1.54551568e-06
1.3000,2.50453852e-06,1.54630520e-06,1.54630544e-06
1.3010,2.50558526e-06,1.54709519e-06,1.54709543e-06
1.3020,2.50663050e-06,1.54788540e-06,1.54788564e-06
1.3030,2.50767423e-06,1.54867584e-06,1.54867608e-06
1.3040,2.50871647e-06,1.54946650e-06,1.54946674e-06
1.3050,2.50975723e-06,1.55025738e-06,1.55025762e-06
1.3060,2.51079653e-06,1.55104848e-06,1.55104872e-06
1.3070,2.51183437e-06,1.55183979e-06,1.55184004e-06
1.3080,2.51287076e-06,1.55263133e-06,1.55263158e-06
1.3090,2.51390572e-06,1.55342309e-06,1.55342333e-06
1.3100,2.51493926e-06,1.55421506e-06,1.55421530e-06
1.3110,2.51597140e-06,1.55500724e-06,1.55500749e-06
1.3120,2.51700214e-06,1.55579964e-06,1.55579989e-06
1.3130,2.51803149e-06,1.55659226e-06,1.55659250e-06
1.3140,2.51905948e-06,1.55738508e-06,1.55738533e-06
1.3150,2.52008611e-06,1.55817812e-06,1.55817837e-06
1.3160,2.52111140e-06,1.55897137e-06,1.55897162e-06
1.3170,2.52213536e-06,1.55976482e-06,1.55976507e-06
1.3180,2.52315800e-06,1.56055849e-06,1.56055874e-06
1.3190,2.52417934e-06,1.56135236e-06,1.56135261e-06
1.3200,2.52519939e-06,1.56214644e-06,1.56214669e-06
1.3210,2.52621816e-06,1.56294073e-06,1.56294098e-06
1.3220,2.52723568e-06,1.56373522e-06,1.56373547e-06
1.3230,2.52825195e-06,1.56452991e-06,1.56453016e-06
1.3240,2.52926699e-06,1.56532481e-06,1.56532506e-06
1.3250,2.53028081e-06,1.56611991e-06,1.56612016e-06
1.3260,2.53129343e-06,1.56691520e-06,1.56691546e-06
1.3270,2.53230486e-06,1.56771070e-06,1.56771096e-06
1.3280,2.53331513e-06,1.56850640e-06,1.56850666e-06
1.3290,2.53432423e-06,1.56930230e-06,1.56930255e-06
1.3300,2.53533220e-06,1.57009839e-06,1.57009864e-06
1.3310,2.53633904e-06,1.57089468e-06,1.57089493e-06
1.3320,2.53734477e-06,1.57169116e-06,1.57169142e-06
1.3330,2.53834942e-06,1.57248784e-06,1.57248809e-06
1.3340,2.53935298e-06,1.57328471e-06,1.57328496e-06
1.3350,2.54035549e-06,1.57408177e-06,1.57408203e-06
1.3360,2.54135695e-06,1.57487902e-06,1.57487928e-06
1.3370,2.54235739e-06,1.57567646e-06,1.57567673e-06
1.3380,2.54335681e-06,1.57647410e-06,1.57647436e-06
1.3390,2.54435525e-06,1.57727192e-06,1.57727218e-06
1.3400,2.54535271e-06,1.57806993e-06,1.57807019e-06
1.3410,2.54634922e-06,1.57886812e-06,1.57886839e-06
1.3420,2.54734478e-06,1.57966651e-06,1.57966677e-06
1.3430,2.54833943e-06,1.58046507e-06,1.58046534e-06
1.3440,2.54933317e-06,1.58126382e-06,1.58126409e-06
1.3450,2.55032603e-06,1.58206275e-06,1.58206302e-06
1.3460,2.55131802e-06,1.58286187e-06,1.58286213e-06
1.3470,2.55230917e-06,1.58366116e-06,1.58366143e-06
1.3480,2.55329948e-06,1.58446064e-06,1.58446091e-06
1.3490,2.55428899e-06,1.58526029e-06,1.58526056e-06
1.3500,2.55527770e-06,1.58606012e-06,1.58606039e-06
1.3510,2.55626565e-06,1.58686013e-06,1.58686040e-06
1.3520,2.55725284e-06,1.58766032e-06,1.58766059e-06
1.3530,2.55823930e-06,1.58846068e-06,1.58846095e-06
1.3540,2.55922505e-06,1.58926122e-06,1.58926149e-06
1.3550,2.56021011e-06,1.59006193e-06,1.59006220e-06
1.3560,2.56119449e-06,1.59086281e-06,1.59086308e-06
1.3570,2.56217822e-06,1.59166386e-06,1.59166414e-06
1.3580,2.56316133e-06,1.59246509e-06,1.59246536e-06
1.3590,2.56414382e-06,1.59326648e-06,1.59326676e-06
1.3600,2.56512573e-06,1.59406805e-06,1.59406832e-06
1.3610,2.56610707e-06,1.59486978e-06,1.59487006e-06
1.3620,2.56708786e-06,1.59567168e-06,1.59567196e-06
1.3630,2.56806813e-06,1.59647375e-06,1.59647402e-06
1.3640,2.56904789e-06,1.59727598e-06,1.59727626e-06
1.3650,2.57002717e-06,1.59807837e-06,1.59807865e-06
1.3660,2.57100600e-06,1.59888093e-06,1.59888121e-06
1.3670,2.57198439e-06,1.59968366e-06,1.59968394e-06
1.3680,2.57296236e-06,1.60048654e-06,1.60048682e-06
1.3690,2.57393994e-06,1.60128959e-06,1.60128987e-06
1.3700,2.57491716e-06,1.60209279e-06,1.60209307e-06
1.3710,2.57589402e-06,1.60289616e-06,1.60289644e-06
1.3720,2.57687057e-06,1.60369968e-06,1.60369996e-06
1.3730,2.57784682e-06,1.60450336e-06,1.60450364e-06
1.3740,2.57882279e-06,1.60530720e-06,1.60530748e-06
1.3750,2.57979851e-06,1.60611119e-06,1.60611148e-06
1.3760,2.58077400e-06,1.60691534e-06,1.60691562e-06
1.3770,2.58174928e-06,1.60771964e-06,1.60771993e-06
1.3780,2.58272439e-06,1.60852410e-06,1.60852438e-06
1.3790,2.58369934e-06,1.60932870e-06,1.60932899e-06
1.3800,2.58467416e-06,1.61013346e-06,1.61013375e-06
1.3810,2.58564888e-06,1.61093837e-06,1.61093866e-06
1.3820,2.58662351e-06,1.61174343e-06,1.61174372e-06
1.3830,2.58759809e-06,1.61254864e-06,1.61254893e-06
1.3840,2.58857263e-06,1.61335399e-06,1.61335428e-06
1.3850,2.58954717e-06,1.61415949e-06,1.61415979e-06
1.3860,2.59052174e-06,1.61496514e-06,1.61496544e-06
1.3870,2.59149634e-06,1.61577094e-06,1.61577123e-06
1.3880,2.59247102e-06,1.61657688e-06,1.61657717e-06
1.3890,2.59344580e-06,1.61738296e-06,1.61738325e-06
1.3900,2.59442070e-06,1.61818918e-06,1.61818948e-06
1.3910,2.59539576e-06,1.61899555e-06,1.61899585e-06
1.3920,2.59637099e-06,1.61980206e-06,1.61980235e-06
1.3930,2.59734643e-06,1.62060871e-06,1.62060900e-06
1.3940,2.59832209e-06,1.62141549e-06,1.62141579e-06
1.3950,2.59929802e-06,1.62222242e-06,1.62222272e-06
1.3960,2.60027423e-06,1.62302948e-06,1.62302978e-06
1.3970,2.60125076e-06,1.62383668e-06,1.62383698e-06
1.3980,2.60222763e-06,1.62464402e-06,1.62464432e-06
1.3990,2.60320486e-06,1.62545149e-06,1.62545179e-06
1.4000,2.60418250e-06,1.62625910e-06,1.62625940e-06
1.4010,2.60516056e-06,1.62706684e-06,1.62706714e-06
1.4020,2.60613907e-06,1.62787471e-06,1.62787501e-06
1.4030,2.60711806e-06,1.62868271e-06,1.62868302e-06
1.4040,2.60809757e-06,1.62949085e-06,1.62949115e-06
1.4050,2.60907761e-06,1.63029911e-06,1.63029942e-06
1.4060,2.61005822e-06,1.63110751e-06,1.63110781e-06
1.4070,2.61103943e-06,1.63191603e-06,1.63191634e-06
1.4080,2.61202127e-06,1.63272468e-06,1.63272499e-06
1.4090,2.61300376e-06,1.63353346e-06,1.63353377e-06
1.4100,2.61398694e-06,1.63434236e-06,1.63434267e-06
1.4110,2.61497083e-06,1.63515139e-06,1.63515170e-06
1.4120,2.61595547e-06,1.63596055e-06,1.63596086e-06
1.4130,2.61694088e-06,1.63676982e-06,1.63677013e-06
1.4140,2.61792710e-06,1.63757922e-06,1.63757954e-06
1.4150,2.61891415e-06,1.63838875e-06,1.63838906e-06
1.4160,2.61990207e-06,1.63919839e-06,1.63919870e-06
1.4170,2.62089089e-06,1.64000815e-06,1.64000847e-06
1.4180,2.62188063e-06,1.64081804e-06,1.64081835e-06
1.4190,2.62287133e-06,1.64162804e-06,1.64162835e-06
1.4200,2.62386303e-06,1.64243816e-06,1.64243847e-06
1.4210,2.62485574e-06,1.64324839e-06,1.64324871e-06
1.4220,2.62584950e-06,1.64405875e-06,1.64405906e-06
1.4230,2.62684435e-06,1.64486922e-06,1.64486953e-06
1.4240,2.62784031e-06,1.64567980e-06,1.64568012e-06
1.4250,2.62883741e-06,1.64649050e-06,1.64649082e-06
1.4260,2.62983570e-06,1.64730131e-06,1.64730163e-06
1.4270,2.63083519e-06,1.64811223e-06,1.64811255e-06
1.4280,2.63183593e-06,1.64892327e-06,1.64892359e-06
1.4290,2.63283794e-06,1.64973441e-06,1.64973473e-06
1.4300,2.63384126e-06,1.65054567e-06,1.65054599e-06
1.4310,2.63484592e-06,1.65135703e-06,1.65135735e-06
1.4320,2.63585194e-06,1.65216851e-06,1.65216883e-06
1.4330,2.63685938e-06,1.65298009e-06,1.65298041e-06
1.4340,2.63786825e-06,1.65379177e-06,1.65379210e-06
1.4350,2.63887858e-06,1.65460357e-06,1.65460389e-06
1.4360,2.63989043e-06,1.65541547e-06,1.65541579e-06
1.4370,2.64090381e-06,1.65622747e-06,1.65622780e-06
1.4380,2.64191875e-06,1.65703958e-06,1.65703990e-06
1.4390,2.64293530e-06,1.65785179e-06,1.65785212e-06
1.4400,2.64395349e-06,1.65866410e-06,1.65866443e-06
1.4410,2.64497334e-06,1.65947652e-06,1.65947684e-06
1.4420,2.64599490e-06,1.66028903e-06,1.66028936e-06
1.4430,2.64701820e-06,1.66110164e-06,1.66110197e-06
1.4440,2.64804327e-06,1.66191436e-06,1.66191469e-06
1.4450,2.64907014e-06,1.66272717e-06,1.66272750e-06
1.4460,2.65009885e-06,1.66354008e-06,1.66354041e-06
1.4470,2.65112943e-06,1.66435309e-06,1.66435342e-06
1.4480,2.65216192e-06,1.66516619e-06,1.66516652e-06
1.4490,2.65319635e-06,1.66597939e-06,1.66597972e-06
1.4500,2.65423276e-06,1.66679268e-06,1.66679302e-06
1.4510,2.65527118e-06,1.66760607e-06,1.66760640e-06
1.4520,2.65631164e-06,1.66841955e-06,1.66841988e-06
1.4530,2.65735419e-06,1.66923312e-06,1.66923345e-06
1.4540,2.65839884e-06,1.67004678e-06,1.67004712e-06
1.4550,2.65944565e-06,1.67086054e-06,1.67086087e-06
1.4560,2.66049464e-06,1.67167438e-06,1.67167472e-06
1.4570,2.66154585e-06,1.67248831e-06,1.67248865e-06
1.4580,2.66259931e-06,1.67330233e-06,1.67330268e-06
1.4590,2.66365506e-06,1.67411644e-06,1.67411679e-06
1.4600,2.66471314e-06,1.67493064e-06,1.67493098e-06
1.4610,2.66577357e-06,1.67574492e-06,1.67574527e-06
1.4620,2.66683640e-06,1.67655929e-06,1.67655964e-06
1.4630,2.66790166e-06,1.67737375e-06,1.67737409e-06
1.4640,2.66896938e-06,1.67818829e-06,1.67818863e-06
1.4650,2.67003961e-06,1.67900291e-06,1.67900325e-06
1.4660,2.67111237e-06,1.67981761e-06,1.67981796e-06
1.4670,2.67218770e-06,1.68063240e-06,1.68063274e-06
1.4680,2.67326564e-06,1.68144726e-06,1.68144761e-06
1.4690,2.67434622e-06,1.68226221e-06,1.68226256e-06
1.4700,2.67542947e-06,1.68307724e-06,1.68307759e-06
1.4710,2.67651544e-06,1.68389234e-06,1.68389269e-06
1.4720,2.67760417e-06,1.68470753e-06,1.68470788e-06
1.4730,2.67869567e-06,1.68552279e-06,1.68552314e-06
1.4740,2.67979000e-06,1.68633813e-06,1.68633848e-06
1.4750,2.68088718e-06,1.68715354e-06,1.68715389e-06
1.4760,2.68198725e-06,1.68796903e-06,1.68796939e-06
1.4770,2.68309026e-06,1.68878460e-06,1.68878495e-06
1.4780,2.68419622e-06,1.68960024e-06,1.68960059e-06
1.4790,2.68530519e-06,1.69041595e-06,1.69041630e-06
1.4800,2.68641719e-06,1.69123173e-06,1.69123209e-06
1.4810,2.68753226e-06,1.69204759e-06,1.69204795e-06
1.4820,2.68865044e-06,1.69286352e-06,1.69286387e-06
1.4830,2.68977176e-06,1.69367951e-06,1.69367987e-06
1.4840,2.69089626e-06,1.69449558e-06,1.69449594e-06
1.4850,2.69202397e-06,1.69531172e-06,1.69531208e-06
1.4860,2.69315494e-06,1.69612792e-06,1.69612828e-06
1.4870,2.69428919e-06,1.69694419e-06,1.69694455e-06
1.4880,2.69542676e-06,1.69776053e-06,1.69776089e-06
1.4890,2.69656769e-06,1.69857694e-06,1.69857730e-06
1.4900,2.69771201e-06,1.69939341e-06,1.69939377e-06
1.4910,2.69885976e-06,1.70020994e-06,1.70021031e-06
1.4920,2.70001098e-06,1.70102654e-06,1.70102691e-06
1.4930,2.70116570e-06,1.70184320e-06,1.70184357e-06
1.4940,2.70232395e-06,1.70265993e-06,1.70266029e-06
1.4950,2.70348578e-06,1.70347672e-06,1.70347708e-06
1.4960,2.70465121e-06,1.70429356e-06,1.70429393e-06
1.4970,2.70582028e-06,1.70511047e-06,1.70511084e-06
1.4980,2.70699303e-06,1.70592744e-06,1.70592781e-06
1.4990,2.70816950e-06,1.70674447e-06,1.70674484e-06
1.5000,2.70934972e-06,1.70756156e-06,1.70756192e-06
1.5010,2.71053372e-06,1.70837870e-06,1.70837907e-06
1.5020,2.71172154e-06,1.70919590e-06,1.70919627e-06
1.5030,2.71291321e-06,1.71001316e-06,1.71001353e-06
1.5040,2.71410878e-06,1.71083047e-06,1.71083084e-06
1.5050,2.71530827e-06,1.71164784e-06,1.71164821e-06
1.5060,2.71651172e-06,1.71246526e-06,1.71246563e-06
1.5070,2.71771916e-06,1.71328274e-06,1.71328311e-06
1.5080,2.71893064e-06,1.71410027e-06,1.71410064e-06
1.5090,2.72014618e-06,1.71491785e-06,1.71491822e-06
1.5100,2.72136582e-06,1.71573548e-06,1.71573586e-06
1.5110,2.72258960e-06,1.71655316e-06,1.71655354e-06
1.5120,2.72381754e-06,1.71737090e-06,1.71737128e-06
1.5130,2.72504969e-06,1.71818868e-06,1.71818906e-06
1.5140,2.72628608e-06,1.71900652e-06,1.71900689e-06
1.5150,2.72752674e-06,1.71982440e-06,1.71982478e-06
1.5160,2.72877170e-06,1.72064232e-06,1.72064271e-06
1.5170,2.73002101e-06,1.72146030e-06,1.72146068e-06
1.5180,2.73127469e-06,1.72227832e-06,1.72227870e-06
1.5190,2.73253278e-06,1.72309639e-06,1.72309677e-06
1.5200,2.73379531e-06,1.72391450e-06,1.72391488e-06
1.5210,2.73506231e-06,1.72473266e-06,1.72473304e-06
1.5220,2.73633383e-06,1.72555086e-06,1.72555124e-06
1.5230,2.73760989e-06,1.72636910e-06,1.72636949e-06
1.5240,2.73889053e-06,1.72718738e-06,1.72718777e-06
1.5250,2.74017577e-06,1.72800571e-06,1.72800610e-06
1.5260,2.74146566e-06,1.72882408e-06,1.72882447e-06
1.5270,2.74276023e-06,1.72964249e-06,1.72964288e-06
1.5280,2.74405950e-06,1.73046093e-06,1.73046132e-06
1.5290,2.74536352e-06,1.73127942e-06,1.73127981e-06
1.5300,2.74667230e-06,1.73209795e-06,1.73209834e-06
1.5310,2.74798590e-06,1.73291651e-06,1.73291690e-06
1.5320,2.74930433e-06,1.73373511e-06,1.73373550e-06
1.5330,2.75062764e-06,1.73455374e-06,1.73455413e-06
1.5340,2.75195584e-06,1.73537241e-06,1.73537281e-06
1.5350,2.75328898e-06,1.73619112e-06,1.73619151e-06
1.5360,2.75462709e-06,1.73700986e-06,1.73701025e-06
1.5370,2.75597019e-06,1.73782863e-06,1.73782903e-06
1.5380,2.75731833e-06,1.73864744e-06,1.73864784e-06
1.5390,2.75867152e-06,1.73946628e-06,1.73946668e-06
1.5400,2.76002981e-06,1.74028515e-06,1.74028555e-06
1.5410,2.76139321e-06,1.74110406e-06,1.74110445e-06
1.5420,2.76276177e-06,1.74192299e-06,1.74192339e-06
1.5430,2.76413552e-06,1.74274195e-06,1.74274235e-06
1.5440,2.76551447e-06,1.74356094e-06,1.74356134e-06
1.5450,2.76689867e-06,1.74437997e-06,1.74438037e-06
1.5460,2.76828814e-06,1.74519901e-06,1.74519942e-06
1.5470,2.76968292e-06,1.74601809e-06,1.74601849e-06
1.5480,2.77108303e-06,1.74683719e-06,1.74683760e-06
1.5490,2.77248850e-06,1.74765632e-06,1.74765672e-06
1.5500,2.77389937e-06,1.74847548e-06,1.74847588e-06
1.5510,2.77531565e-06,1.74929465e-06,1.74929506e-06
1.5520,2.77673738e-06,1.75011386e-06,1.75011426e-06
1.5530,2.77816459e-06,1.75093308e-06,1.75093349e-06
1.5540,2.77959731e-06,1.75175233e-06,1.75175274e-06
1.5550,2.78103556e-06,1.75257160e-06,1.75257201e-06
1.5560,2.78247938e-06,1.75339090e-06,1.75339130e-06
1.5570,2.78392878e-06,1.75421021e-06,1.75421062e-06
1.5580,2.78538381e-06,1.75502954e-06,1.75502995e-06
1.5590,2.78684447e-06,1.75584890e-06,1.75584931e-06
1.5600,2.78831081e-06,1.75666827e-06,1.75666868e-06
1.5610,2.78978285e-06,1.75748766e-06,1.75748807e-06
1.5620,2.79126062e-06,1.75830707e-06,1.75830748e-06
1.5630,2.79274414e-06,1.75912650e-06,1.75912691e-06
1.5640,2.79423343e-06,1.75994594e-06,1.75994635e-06
1.5650,2.79572853e-06,1.76076540e-06,1.76076581e-06
1.5660,2.79722946e-06,1.76158487e-06,1.76158529e-06
1.5670,2.79873625e-06,1.76240436e-06,1.76240478e-06
1.5680,2.80024892e-06,1.76322386e-06,1.76322428e-06
1.5690,2.80176749e-06,1.76404338e-06,1.76404380e-06
1.5700,2.80329200e-06,1.76486291e-06,1.76486333e-06
1.5710,2.80482246e-06,1.76568245e-06,1.76568287e-06
1.5720,2.80635890e-06,1.76650200e-06,1.76650242e-06
1.5730,2.80790134e-06,1.76732157e-06,1.76732199e-06
1.5740,2.80944981e-06,1.76814114e-06,1.76814156e-06
1.5750,2.81100433e-06,1.76896073e-06,1.76896115e-06
1.5760,2.81256493e-06,1.76978032e-06,1.76978074e-06
1.5770,2.81413163e-06,1.77059992e-06,1.77060034e-06
1.5780,2.81570444e-06,1.77141953e-06,1.77141995e-06
1.5790,2.81728340e-06,1.77223914e-06,1.77223957e-06
1.5800,2.81886853e-06,1.77305877e-06,1.77305919e-06
1.5810,2.82045984e-06,1.77387840e-06,1.77387882e-06
1.5820,2.82205736e-06,1.77469803e-06,1.77469846e-06
1.5830,2.82366111e-06,1.77551767e-06,1.77551810e-06
1.5840,2.82527111e-06,1.77633731e-06,1.77633774e-06
1.5850,2.82688739e-06,1.77715696e-06,1.77715739e-06
1.5860,2.82850996e-06,1.77797661e-06,1.77797704e-06
1.5870,2.83013884e-06,1.77879627e-06,1.77879670e-06
1.5880,2.83177406e-06,1.77961592e-06,1.77961635e-06
1.5890,2.83341563e-06,1.78043558e-06,1.78043601e-06
1.5900,2.83506358e-06,1.78125523e-06,1.78125566e-06
1.5910,2.83671792e-06,1.78207489e-06,1.78207532e-06
1.5920,2.83837867e-06,1.78289454e-06,1.78289498e-06
1.5930,2.84004585e-06,1.78371420e-06,1.78371463e-06
1.5940,2.84171948e-06,1.78453385e-06,1.78453428e-06
1.5950,2.84339957e-06,1.78535350e-06,1.78535393e-06
1.5960,2.84508616e-06,1.78617315e-06,1.78617358e-06
1.5970,2.84677924e-06,1.78699279e-06,1.78699323e-06
1.5980,2.84847885e-06,1.78781243e-06,1.78781287e-06
1.5990,2.85018499e-06,1.78863206e-06,1.78863250e-06
1.6000,2.85189769e-06,1.78945169e-06,1.78945213e-06
1.6010,2.85361696e-06,1.79027131e-06,1.79027175e-06
1.6020,2.85534281e-06,1.79109093e-06,1.79109137e-06
1.6030,2.85707527e-06,1.79191054e-06,1.79191098e-06
1.6040,2.85881435e-06,1.79273014e-06,1.79273058e-06
1.6050,2.86056006e-06,1.79354973e-06,1.79355017e-06
1.6060,2.86231241e-06,1.79436932e-06,1.79436976e-06
1.6070,2.86407144e-06,1.79518889e-06,1.79518933e-06
1.6080,2.86583714e-06,1.79600845e-06,1.79600890e-06
1.6090,2.86760953e-06,1.79682801e-06,1.79682845e-06
1.6100,2.86938863e-06,1.79764755e-06,1.79764799e-06
1.6110,2.87117444e-06,1.79846708e-06,1.79846752e-06
1.6120,2.87296699e-06,1.79928659e-06,1.79928704e-06
1.6130,2.87476629e-06,1.80010610e-06,1.80010654e-06
1.6140,2.87657234e-06,1.80092559e-06,1.80092603e-06
1.6150,2.87838517e-06,1.80174506e-06,1.80174551e-06
1.6160,2.88020477e-06,1.80256452e-06,1.80256497e-06
1.6170,2.88203118e-06,1.80338397e-06,1.80338442e-06
1.6180,2.88386438e-06,1.80420340e-06,1.80420385e-06
1.6190,2.88570441e-06,1.80502281e-06,1.80502326e-06
1.6200,2.88755126e-06,1.80584220e-06,1.80584266e-06
1.6210,2.88940495e-06,1.80666158e-06,1.80666203e-06
1.6220,2.89126549e-06,1.80748094e-06,1.80748139e-06
1.6230,2.89313289e-06,1.80830028e-06,1.80830073e-06
1.6240,2.89500716e-06,1.80911960e-06,1.80912005e-06
1.6250,2.89688831e-06,1.80993890e-06,1.80993935e-06
1.6260,2.89877634e-06,1.81075817e-06,1.81075863e-06
1.6270,2.90067127e-06,1.81157743e-06,1.81157789e-06
1.6280,2.90257311e-06,1.81239667e-06,1.81239712e-06
1.6290,2.90448185e-06,1.81321588e-06,1.81321634e-06
1.6300,2.90639752e-06,1.81403507e-06,1.81403553e-06
1.6310,2.90832011e-06,1.81485423e-06,1.81485469e-06
1.6320,2.91024964e-06,1.81567337e-06,1.81567384e-06
1.6330,2.91218612e-06,1.81649249e-06,1.81649295e-06
1.6340,2.91412954e-06,1.81731158e-06,1.81731204e-06
1.6350,2.91607991e-06,1.81813065e-06,1.81813111e-06
1.6360,2.91803725e-06,1.81894968e-06,1.81895015e-06
1.6370,2.92000156e-06,1.81976869e-06,1.81976916e-06
1.6380,2.92197284e-06,1.82058768e-06,1.82058814e-06
1.6390,2.92395109e-06,1.82140663e-06,1.82140710e-06
1.6400,2.92593633e-06,1.82222556e-06,1.82222602e-06
1.6410,2.92792856e-06,1.82304445e-06,1.82304492e-06
1.6420,2.92992778e-06,1.82386332e-06,1.82386379e-06
1.6430,2.93193400e-06,1.82468215e-06,1.82468262e-06
1.6440,2.93394721e-06,1.82550096e-06,1.82550143e-06
1.6450,2.93596743e-06,1.82631973e-06,1.82632020e-06
1.6460,2.93799465e-06,1.82713847e-06,1.82713894e-06
1.6470,2.94002889e-06,1.82795717e-06,1.82795765e-06
1.6480,2.94207013e-06,1.82877585e-06,1.82877632e-06
1.6490,2.94411840e-06,1.82959448e-06,1.82959496e-06
1.6500,2.94617367e-06,1.83041309e-06,1.83041356e-06
1.6510,2.94823597e-06,1.83123166e-06,1.83123213e-06
1.6520,2.95030528e-06,1.83205019e-06,1.83205066e-06
1.6530,2.95238162e-06,1.83286868e-06,1.83286916e-06
1.6540,2.95446498e-06,1.83368714e-06,1.83368762e-06
1.6550,2.95655535e-06,1.83450556e-06,1.83450604e-06
1.6560,2.95865276e-06,1.83532395e-06,1.83532442e-06
1.6570,2.96075718e-06,1.83614229e-06,1.83614277e-06
1.6580,2.96286863e-06,1.83696059e-06,1.83696107e-06
1.6590,2.96498710e-06,1.83777886e-06,1.83777934e-06
1.6600,2.96711259e-06,1.83859708e-06,1.83859756e-06
1.6610,2.96924510e-06,1.83941527e-06,1.83941575e-06
1.6620,2.97138463e-06,1.84023341e-06,1.84023389e-06
1.6630,2.97353118e-06,1.84105151e-06,1.84105199e-06
1.6640,2.97568474e-06,1.84186956e-06,1.84187005e-06
1.6650,2.97784532e-06,1.84268757e-06,1.84268806e-06
1.6660,2.98001291e-06,1.84350554e-06,1.84350603e-06
1.6670,2.98218750e-06,1.84432347e-06,1.84432395e-06
1.6680,2.98436910e-06,1.84514135e-06,1.84514183e-06
1.6690,2.98655771e-06,1.84595918e-06,1.84595967e-06
1.6700,2.98875331e-06,1.84677697e-06,1.84677745e-06
1.6710,2.99095591e-06,1.84759471e-06,1.84759519e-06
1.6720,2.99316550e-06,1.84841240e-06,1.84841289e-06
1.6730,2.99538208e-06,1.84923004e-06,1.84923053e-06
1.6740,2.99760564e-06,1.85004764e-06,1.85004813e-06
1.6750,2.99983618e-06,1.85086519e-06,1.85086568e-06
1.6760,3.00207370e-06,1.85168268e-06,1.85168318e-06
1.6770,3.00431818e-06,1.85250013e-06,1.85250062e-06
1.6780,3.00656962e-06,1.85331753e-06,1.85331802e-06
1.6790,3.00882803e-06,1.85413487e-06,1.85413537e-06
1.6800,3.01109338e-06,1.85495216e-06,1.85495266e-06
1.6810,3.01336568e-06,1.85576940e-06,1.85576990e-06
1.6820,3.01564492e-06,1.85658659e-06,1.85658709e-06
1.6830,3.01793109e-06,1.85740372e-06,1.85740422e-06
1.6840,3.02022418e-06,1.85822080e-06,1.85822130e-06
1.6850,3.02252420e-06,1.85903783e-06,1.85903832e-06
1.6860,3.02483113e-06,1.85985479e-06,1.85985529e-06
1.6870,3.02714496e-06,1.86067171e-06,1.86067221e-06
1.6880,3.02946568e-06,1.86148856e-06,1.86148906e-06
1.6890,3.03179330e-06,1.86230536e-06,1.86230586e-06
1.6900,3.03412779e-06,1.86312210e-06,1.86312261e-06
1.6910,3.03646916e-06,1.86393879e-06,1.86393929e-06
1.6920,3.03881739e-06,1.86475541e-06,1.86475591e-06
1.6930,3.04117248e-06,1.86557197e-06,1.86557248e-06
1.6940,3.04353441e-06,1.86638848e-06,1.86638898e-06
1.6950,3.04590317e-06,1.86720492e-06,1.86720543e-06
1.6960,3.04827877e-06,1.86802131e-06,1.86802181e-06
1.6970,3.05066118e-06,1.86883763e-06,1.86883813e-06
1.6980,3.05305040e-06,1.86965389e-06,1.86965439e-06
1.6990,3.05544641e-06,1.87047008e-06,1.87047059e-06
1.7000,3.05784922e-06,1.87128621e-06,1.87128672e-06
1.7010,3.06025880e-06,1.87210228e-06,1.87210279e-06
1.7020,3.06267514e-06,1.87291829e-06,1.87291880e-06
1.7030,3.06509825e-06,1.87373423e-06,1.87373474e-06
1.7040,3.06752809e-06,1.87455010e-06,1.87455061e-06
1.7050,3.06996467e-06,1.87536591e-06,1.87536642e-06
1.7060,3.07240798e-06,1.87618165e-06,1.87618216e-06
1.7070,3.07485799e-06,1.87699732e-06,1.87699783e-06
1.7080,3.07731470e-06,1.87781292e-06,1.87781344e-06
1.7090,3.07977810e-06,1.87862846e-06,1.87862898e-06
1.7100,3.08224818e-06,1.87944393e-06,1.87944444e-06
1.7110,3.08472492e-06,1.88025932e-06,1.88025984e-06
1.7120,3.08720831e-06,1.88107465e-06,1.88107517e-06
1.7130,3.08969833e-06,1.88188991e-06,1.88189043e-06
1.7140,3.09219499e-06,1.88270509e-06,1.88270561e-06
1.7150,3.09469825e-06,1.88352021e-06,1.88352073e-06
1.7160,3.09720812e-06,1.88433525e-06,1.88433577e-06
1.7170,3.09972457e-06,1.88515021e-06,1.88515073e-06
1.7180,3.10224760e-06,1.88596511e-06,1.88596563e-06
1.7190,3.10477718e-06,1.88677993e-06,1.88678045e-06
1.7200,3.10731331e-06,1.88759467e-06,1.88759519e-06
1.7210,3.10985598e-06,1.88840934e-06,1.88840986e-06
1.7220,3.11240516e-06,1.88922393e-06,1.88922446e-06
1.7230,3.11496085e-06,1.89003845e-06,1.89003897e-06
1.7240,3.11752303e-06,1.89085289e-06,1.89085341e-06
1.7250,3.12009168e-06,1.89166725e-06,1.89166778e-06
1.7260,3.12266680e-06,1.89248153e-06,1.89248206e-06
1.7270,3.12524836e-06,1.89329574e-06,1.89329626e-06
1.7280,3.12783636e-06,1.89410986e-06,1.89411039e-06
1.7290,3.13043078e-06,1.89492391e-06,1.89492444e-06
1.7300,3.13303160e-06,1.89573787e-06,1.89573840e-06
1.7310,3.13563881e-06,1.89655176e-06,1.89655229e-06
1.7320,3.13825239e-06,1.89736556e-06,1.89736609e-06
1.7330,3.14087233e-06,1.89817928e-06,1.89817981e-06
1.7340,3.14349861e-06,1.89899291e-06,1.89899345e-06
1.7350,3.14613121e-06,1.89980647e-06,1.89980700e-06
1.7360,3.14877014e-06,1.90061994e-06,1.90062047e-06
1.7370,3.15141535e-06,1.90143332e-06,1.90143385e-06
1.7380,3.15406685e-06,1.90224662e-06,1.90224715e-06
1.7390,3.15672461e-06,1.90305983e-06,1.90306037e-06
1.7400,3.15938862e-06,1.90387296e-06,1.90387350e-06
1.7410,3.16205886e-06,1.90468600e-06,1.90468654e-06
1.7420,3.16473532e-06,1.90549895e-06,1.90549949e-06
1.7430,3.16741798e-06,1.90631182e-06,1.90631236e-06
1.7440,3.17010682e-06,1.90712460e-06,1.90712514e-06
1.7450,3.17280183e-06,1.90793728e-06,1.90793782e-06
1.7460,3.17550299e-06,1.90874988e-06,1.90875042e-06
1.7470,3.17821029e-06,1.90956239e-06,1.90956293e-06
1.7480,3.18092371e-06,1.91037480e-06,1.91037535e-06
1.7490,3.18364322e-06,1.91118713e-06,1.91118767e-06
1.7500,3.18636882e-06,1.91199936e-06,1.91199991e-06
1.7510,3.18910049e-06,1.91281150e-06,1.91281205e-06
1.7520,3.19183821e-06,1.91362355e-06,1.91362410e-06
1.7530,3.19458197e-06,1.91443550e-06,1.91443605e-06
1.7540,3.19733174e-06,1.91524736e-06,1.91524791e-06
1.7550,3.20008751e-06,1.91605913e-06,1.91605967e-06
1.7560,3.20284927e-06,1.91687079e-06,1.91687134e-06
1.7570,3.20561699e-06,1.91768237e-06,1.91768292e-06
1.7580,3.20839066e-06,1.91849384e-06,1.91849439e-06
1.7590,3.21117027e-06,1.91930522e-06,1.91930577e-06
1.7600,3.21395579e-06,1.92011650e-06,1.92011705e-06
1.7610,3.21674720e-06,1.92092768e-06,1.92092824e-06
1.7620,3.21954450e-06,1.92173877e-06,1.92173932e-06
1.7630,3.22234766e-06,1.92254975e-06,1.92255030e-06
1.7640,3.22515666e-06,1.92336064e-06,1.92336119e-06
1.7650,3.22797149e-06,1.92417142e-06,1.92417197e-06
1.7660,3.23079214e-06,1.92498210e-06,1.92498265e-06
1.7670,3.23361857e-06,1.92579268e-06,1.92579323e-06
1.7680,3.23645078e-06,1.92660316e-06,1.92660371e-06
1.7690,3.23928875e-06,1.92741353e-06,1.92741409e-06
1.7700,3.24213247e-06,1.92822380e-06,1.92822436e-06
1.7710,3.24498190e-06,1.92903397e-06,1.92903453e-06
1.7720,3.24783704e-06,1.92984403e-06,1.92984459e-06
1.7730,3.25069787e-06,1.93065398e-06,1.93065454e-06
1.7740,3.25356436e-06,1.93146384e-06,1.93146440e-06
1.7750,3.25643652e-06,1.93227358e-06,1.93227414e-06
1.7760,3.25931430e-06,1.93308322e-06,1.93308378e-06
1.7770,3.26219771e-06,1.93389274e-06,1.93389331e-06
1.7780,3.26508671e-06,1.93470216e-06,1.93470273e-06
1.7790,3.26798130e-06,1.93551148e-06,1.93551204e-06
1.7800,3.27088145e-06,1.93632068e-06,1.93632124e-06
1.7810,3.27378715e-06,1.93712977e-06,1.93713033e-06
1.7820,3.27669838e-06,1.93793875e-06,1.93793932e-06
1.7830,3.27961512e-06,1.93874762e-06,1.93874819e-06
1.7840,3.28253736e-06,1.93955638e-06,1.93955695e-06
1.7850,3.28546508e-06,1.94036503e-06,1.94036559e-06
1.7860,3.28839825e-06,1.94117356e-06,1.94117413e-06
1.7870,3.29133687e-06,1.94198198e-06,1.94198255e-06
1.7880,3.29428092e-06,1.94279028e-06,1.94279085e-06
1.7890,3.29723037e-06,1.94359847e-06,1.94359904e-06
1.7900,3.30018521e-06,1.94440655e-06,1.94440712e-06
1.7910,3.30314543e-06,1.94521451e-06,1.94521508e-06
1.7920,3.30611100e-06,1.94602235e-06,1.94602292e-06
1.7930,3.30908191e-06,1.94683008e-06,1.94683065e-06
1.7940,3.31205814e-06,1.94763768e-06,1.94763826e-06
1.7950,3.31503968e-06,1.94844517e-06,1.94844575e-06
1.7960,3.31802650e-06,1.94925254e-06,1.94925312e-06
1.7970,3.32101859e-06,1.95005979e-06,1.95006037e-06
1.7980,3.32401594e-06,1.95086693e-06,1.95086750e-06
1.7990,3.32701852e-06,1.95167394e-06,1.95167451e-06
1.8000,3.33002632e-06,1.95248082e-06,1.95248140e-06
1.8010,3.33303932e-06,1.95328759e-06,1.95328817e-06
1.8020,3.33605751e-06,1.95409424e-06,1.95409482e-06
1.8030,3.33908086e-06,1.95490076e-06,1.95490134e-06
1.8040,3.34210937e-06,1.95570716e-06,1.95570774e-06
1.8050,3.34514301e-06,1.95651343e-06,1.95651401e-06
1.8060,3.34818177e-06,1.95731958e-06,1.95732016e-06
1.8070,3.35122564e-06,1.95812560e-06,1.95812619e-06
1.8080,3.35427458e-06,1.95893150e-06,1.95893208e-06
1.8090,3.35732860e-06,1.95973727e-06,1.95973786e-06
1.8100,3.36038767e-06,1.96054292e-06,1.96054350e-06
1.8110,3.36345177e-06,1.96134843e-06,1.96134902e-06
1.8120,3.36652089e-06,1.96215382e-06,1.96215440e-06
1.8130,3.36959502e-06,1.96295908e-06,1.96295966e-06
1.8140,3.37267413e-06,1.96376421e-06,1.96376479e-06
1.8150,3.37575822e-06,1.96456920e-06,1.96456979e-06
1.8160,3.37884726e-06,1.96537407e-06,1.96537466e-06
1.8170,3.38194124e-06,1.96617881e-06,1.96617940e-06
1.8180,3.38504015e-06,1.96698341e-06,1.96698400e-06
1.8190,3.38814396e-06,1.96778789e-06,1.96778848e-06
1.8200,3.39125266e-06,1.96859222e-06,1.96859281e-06
1.8210,3.39436625e-06,1.96939643e-06,1.96939702e-06
1.8220,3.39748469e-06,1.97020050e-06,1.97020109e-06
1.8230,3.40060798e-06,1.97100443e-06,1.97100503e-06
1.8240,3.40373610e-06,1.97180823e-06,1.97180883e-06
1.8250,3.40686904e-06,1.97261190e-06,1.97261249e-06
1.8260,3.41000677e-06,1.97341542e-06,1.97341602e-06
1.8270,3.41314930e-06,1.97421881e-06,1.97421941e-06
1.8280,3.41629659e-06,1.97502206e-06,1.97502266e-06
1.8290,3.41944864e-06,1.97582518e-06,1.97582577e-06
1.8300,3.42260543e-06,1.97662815e-06,1.97662875e-06
1.8310,3.42576694e-06,1.97743098e-06,1.97743158e-06
1.8320,3.42893317e-06,1.97823367e-06,1.97823427e-06
1.8330,3.43210410e-06,1.97903623e-06,1.97903683e-06
1.8340,3.43527971e-06,1.97983864e-06,1.97983924e-06
1.8350,3.43845999e-06,1.98064090e-06,1.98064150e-06
1.8360,3.44164493e-06,1.98144303e-06,1.98144363e-06
1.8370,3.44483450e-06,1.98224501e-06,1.98224561e-06
1.8380,3.44802870e-06,1.98304685e-06,1.98304745e-06
1.8390,3.45122752e-06,1.98384854e-06,1.98384914e-06
1.8400,3.45443094e-06,1.98465009e-06,1.98465069e-06
1.8410,3.45763894e-06,1.98545149e-06,1.98545209e-06
1.8420,3.46085152e-06,1.98625274e-06,1.98625335e-06
1.8430,3.46406865e-06,1.98705385e-06,1.98705445e-06
1.8440,3.46729034e-06,1.98785481e-06,1.98785541e-06
1.8450,3.47051655e-06,1.98865562e-06,1.98865623e-06
1.8460,3.47374729e-06,1.98945628e-06,1.98945689e-06
1.8470,3.47698254e-06,1.99025679e-06,1.99025740e-06
1.8480,3.48022228e-06,1.99105715e-06,1.99105776e-06
1.8490,3.48346650e-06,1.99185736e-06,1.99185797e-06
1.8500,3.48671519e-06,1.99265742e-06,1.99265803e-06
1.8510,3.48996834e-06,1.99345733e-06,1.99345794e-06
1.8520,3.49322594e-06,1.99425709e-06,1.99425770e-06
1.8530,3.49648797e-06,1.99505669e-06,1.99505730e-06
1.8540,3.49975442e-06,1.99585613e-06,1.99585675e-06
1.8550,3.50302529e-06,1.99665543e-06,1.99665604e-06
1.8560,3.50630055e-06,1.99745456e-06,1.99745518e-06
1.8570,3.50958019e-06,1.99825354e-06,1.99825416e-06
1.8580,3.51286421e-06,1.99905237e-06,1.99905298e-06
1.8590,3.51615260e-06,1.99985104e-06,1.99985165e-06
1.8600,3.51944534e-06,2.00064955e-06,2.00065016e-06
1.8610,3.52274242e-06,2.00144790e-06,2.00144852e-06
1.8620,3.52604383e-06,2.00224609e-06,2.00224671e-06
1.8630,3.52934956e-06,2.00304412e-06,2.00304474e-06
1.8640,3.53265960e-06,2.00384200e-06,2.00384262e-06
1.8650,3.53597395e-06,2.00463971e-06,2.00464033e-06
1.8660,3.53929258e-06,2.00543726e-06,2.00543788e-06
1.8670,3.54261548e-06,2.00623465e-06,2.00623527e-06
1.8680,3.54594266e-06,2.00703187e-06,2.00703250e-06
1.8690,3.54927410e-06,2.00782894e-06,2.00782956e-06
1.8700,3.55260978e-06,2.00862583e-06,2.00862646e-06
1.8710,3.55594971e-06,2.00942257e-06,2.00942319e-06
1.8720,3.55929386e-06,2.01021914e-06,2.01021976e-06
1.8730,3.56264224e-06,2.01101554e-06,2.01101616e-06
1.8740,3.56599482e-06,2.01181177e-06,2.01181240e-06
1.8750,3.56935161e-06,2.01260784e-06,2.01260847e-06
1.8760,3.57271260e-06,2.01340374e-06,2.01340437e-06
1.8770,3.57607776e-06,2.01419948e-06,2.01420010e-06
1.8780,3.57944711e-06,2.01499504e-06,2.01499567e-06
1.8790,3.58282062e-06,2.01579043e-06,2.01579106e-06
1.8800,3.58619829e-06,2.01658566e-06,2.01658629e-06
1.8810,3.58958012e-06,2.01738071e-06,2.01738134e-06
1.8820,3.59296608e-06,2.01817559e-06,2.01817622e-06
1.8830,3.59635619e-06,2.01897030e-06,2.01897093e-06
1.8840,3.59975042e-06,2.01976484e-06,2.01976547e-06
1.8850,3.60314877e-06,2.02055920e-06,2.02055983e-06
1.8860,3.60655124e-06,2.02135339e-06,2.02135402e-06
1.8870,3.60995781e-06,2.02214740e-06,2.02214803e-06
1.8880,3.61336848e-06,2.02294124e-06,2.02294187e-06
1.8890,3.61678324e-06,2.02373490e-06,2.02373554e-06
1.8900,3.62020209e-06,2.02452839e-06,2.02452902e-06
1.8910,3.62362501e-06,2.02532169e-06,2.02532233e-06
1.8920,3.62705201e-06,2.02611482e-06,2.02611546e-06
1.8930,3.63048308e-06,2.02690778e-06,2.02690841e-06
1.8940,3.63391820e-06,2.02770055e-06,2.02770119e-06
1.8950,3.63735738e-06,2.02849314e-06,2.02849378e-06
1.8960,3.64080061e-06,2.02928555e-06,2.02928619e-06
1.8970,3.64424788e-06,2.03007778e-06,2.03007842e-06
1.8980,3.64769919e-06,2.03086983e-06,2.03087047e-06
1.8990,3.65115453e-06,2.03166170e-06,2.03166234e-06
1.9000,3.65461389e-06,2.03245338e-06,2.03245402e-06
1.9010,3.65807728e-06,2.03324488e-06,2.03324552e-06
1.9020,3.66154468e-06,2.03403620e-06,2.03403684e-06
1.9030,3.66501610e-06,2.03482732e-06,2.03482797e-06
1.9040,3.66849153e-06,2.03561827e-06,2.03561891e-06
1.9050,3.67197095e-06,2.03640903e-06,2.03640967e-06
1.9060,3.67545438e-06,2.03719960e-06,2.03720024e-06
1.9070,3.67894180e-06,2.03798998e-06,2.03799063e-06
1.9080,3.68243322e-06,2.03878018e-06,2.03878082e-06
1.9090,3.68592862e-06,2.03957018e-06,2.03957083e-06
1.9100,3.68942801e-06,2.04036000e-06,2.04036064e-06
1.9110,3.69293138e-06,2.04114962e-06,2.04115027e-06
1.9120,3.69643872e-06,2.04193906e-06,2.04193971e-06
1.9130,3.69995004e-06,2.04272830e-06,2.04272895e-06
1.9140,3.70346533e-06,2.04351735e-06,2.04351800e-06
1.9150,3.70698459e-06,2.04430621e-06,2.04430686e-06
1.9160,3.71050782e-06,2.04509487e-06,2.04509553e-06
1.9170,3.71403501e-06,2.04588334e-06,2.04588400e-06
1.9180,3.71756617e-06,2.04667162e-06,2.04667227e-06
1.9190,3.72110128e-06,2.04745970e-06,2.04746035e-06
1.9200,3.72464035e-06,2.04824758e-06,2.04824824e-06
1.9210,3.72818338e-06,2.04903527e-06,2.04903592e-06
1.9220,3.73173037e-06,2.04982276e-06,2.04982341e-06
1.9230,3.73528130e-06,2.05061005e-06,2.05061071e-06
1.9240,3.73883619e-06,2.05139714e-06,2.05139780e-06
1.9250,3.74239504e-06,2.05218404e-06,2.05218469e-06
1.9260,3.74595783e-06,2.05297073e-06,2.05297139e-06
1.9270,3.74952457e-06,2.05375722e-06,2.05375788e-06
1.9280,3.75309526e-06,2.05454351e-06,2.05454417e-06
1.9290,3.75666991e-06,2.05532960e-06,2.05533026e-06
1.9300,3.76024850e-06,2.05611549e-06,2.05611614e-06
1.9310,3.76383104e-06,2.05690117e-06,2.05690183e-06
1.9320,3.76741752e-06,2.05768665e-06,2.05768731e-06
1.9330,3.77100796e-06,2.05847192e-06,2.05847258e-06
1.9340,3.77460235e-06,2.05925699e-06,2.05925765e-06
1.9350,3.77820069e-06,2.06004185e-06,2.06004251e-06
1.9360,3.78180298e-06,2.06082650e-06,2.06082717e-06
1.9370,3.78540922e-06,2.06161095e-06,2.06161161e-06
1.9380,3.78901942e-06,2.06239519e-06,2.06239585e-06
1.9390,3.79263357e-06,2.06317922e-06,2.06317988e-06
1.9400,3.79625168e-06,2.06396304e-06,2.06396371e-06
1.9410,3.79987375e-06,2.06474665e-06,2.06474732e-06
1.9420,3.80349977e-06,2.06553005e-06,2.06553072e-06
1.9430,3.80712976e-06,2.06631324e-06,2.06631391e-06
1.9440,3.81076372e-06,2.06709622e-06,2.06709688e-06
1.9450,3.81440164e-06,2.06787898e-06,2.06787965e-06
1.9460,3.81804353e-06,2.06866153e-06,2.06866220e-06
1.9470,3.82168939e-06,2.06944386e-06,2.06944453e-06
1.9480,3.82533923e-06,2.07022598e-06,2.07022666e-06
1.9490,3.82899304e-06,2.07100789e-06,2.07100856e-06
1.9500,3.83265084e-06,2.07178958e-06,2.07179025e-06
1.9510,3.83631262e-06,2.07257105e-06,2.07257172e-06
1.9520,3.83997839e-06,2.07335231e-06,2.07335298e-06
1.9530,3.84364815e-06,2.07413334e-06,2.07413402e-06
1.9540,3.84732190e-06,2.07491416e-06,2.07491483e-06
1.9550,3.85099966e-06,2.07569476e-06,2.07569543e-06
1.9560,3.85468142e-06,2.07647514e-06,2.07647581e-06
1.9570,3.85836719e-06,2.07725529e-06,2.07725597e-06
1.9580,3.86205698e-06,2.07803523e-06,2.07803590e-06
1.9590,3.86575078e-06,2.07881494e-06,2.07881562e-06
1.9600,3.86944860e-06,2.07959443e-06,2.07959511e-06
1.9610,3.87315045e-06,2.08037370e-06,2.08037437e-06
1.9620,3.87685634e-06,2.08115274e-06,2.08115341e-06
1.9630,3.88056626e-06,2.08193155e-06,2.08193223e-06
1.9640,3.88428023e-06,2.08271014e-06,2.08271082e-06
1.9650,3.88799825e-06,2.08348851e-06,2.08348919e-06
1.9660,3.89172032e-06,2.08426665e-06,2.08426733e-06
1.9670,3.89544646e-06,2.08504456e-06,2.08504524e-06
1.9680,3.89917667e-06,2.08582224e-06,2.08582292e-06
1.9690,3.90291095e-06,2.08659969e-06,2.08660037e-06
1.9700,3.90664931e-06,2.08737691e-06,2.08737759e-06
1.9710,3.91039176e-06,2.08815390e-06,2.08815458e-06
1.9720,3.91413830e-06,2.08893066e-06,2.08893135e-06
1.9730,3.91788895e-06,2.08970719e-06,2.08970787e-06
1.9740,3.92164371e-06,2.09048349e-06,2.09048417e-06
1.9750,3.92540258e-06,2.09125955e-06,2.09126023e-06
1.9760,3.92916558e-06,2.09203538e-06,2.09203606e-06
1.9770,3.93293272e-06,2.09281097e-06,2.09281166e-06
1.9780,3.93670399e-06,2.09358633e-06,2.09358702e-06
1.9790,3.94047941e-06,2.09436145e-06,2.09436214e-06
1.9800,3.94425899e-06,2.09513634e-06,2.09513703e-06
1.9810,3.94804273e-06,2.09591099e-06,2.09591167e-06
1.9820,3.95183065e-06,2.09668540e-06,2.09668609e-06
1.9830,3.95562275e-06,2.09745957e-06,2.09746026e-06
1.9840,3.95941905e-06,2.09823350e-06,2.09823419e-06
1.9850,3.96321954e-06,2.09900719e-06,2.09900788e-06
1.9860,3.96702425e-06,2.09978064e-06,2.09978133e-06
1.9870,3.97083317e-06,2.10055385e-06,2.10055454e-06
1.9880,3.97464633e-06,2.10132682e-06,2.10132751e-06
1.9890,3.97846372e-06,2.10209954e-06,2.10210023e-06
1.9900,3.98228536e-06,2.10287202e-06,2.10287271e-06
1.9910,3.98611127e-06,2.10364426e-06,2.10364495e-06
1.9920,3.98994144e-06,2.10441625e-06,2.10441694e-06
1.9930,3.99377589e-06,2.10518799e-06,2.10518869e-06
1.9940,3.99761464e-06,2.10595949e-06,2.10596019e-06
1.9950,4.00145768e-06,2.10673074e-06,2.10673144e-06
1.9960,4.00530504e-06,2.10750174e-06,2.10750244e-06
1.9970,4.00915672e-06,2.10827250e-06,2.10827320e-06
1.9980,4.01301274e-06,2.10904300e-06,2.10904370e-06
1.9990,4.01687310e-06,2.10981326e-06,2.10981396e-06
2.0000,4.02073783e-06,2.11058326e-06,2.11058396e-06
2.0010,4.02460692e-06,2.11135302e-06,2.11135372e-06
2.0020,4.02848039e-06,2.11212252e-06,2.11212322e-06
2.0030,4.03235826e-06,2.11289177e-06,2.11289247e-06
2.0040,4.03624053e-06,2.11366076e-06,2.11366146e-06
2.0050,4.04012723e-06,2.11442950e-06,2.11443021e-06
2.0060,4.04401835e-06,2.11519799e-06,2.11519869e-06
2.0070,4.04791392e-06,2.11596622e-06,2.11596692e-06
2.0080,4.05181395e-06,2.11673419e-06,2.11673490e-06
2.0090,4.05571844e-06,2.11750191e-06,2.11750261e-06
2.0100,4.05962742e-06,2.11826937e-06,2.11827007e-06
2.0110,4.06354090e-06,2.11903657e-06,2.11903727e-06
2.0120,4.06745889e-06,2.11980351e-06,2.11980422e-06
2.0130,4.07138140e-06,2.12057019e-06,2.12057090e-06
2.0140,4.07530845e-06,2.12133661e-06,2.12133732e-06
2.0150,4.07924005e-06,2.12210277e-06,2.12210348e-06
2.0160,4.08317622e-06,2.12286867e-06,2.12286938e-06
2.0170,4.08711697e-06,2.12363431e-06,2.12363501e-06
2.0180,4.09106231e-06,2.12439968e-06,2.12440039e-06
2.0190,4.09501227e-06,2.12516478e-06,2.12516549e-06
2.0200,4.09896685e-06,2.12592963e-06,2.12593034e-06
2.0210,4.10292607e-06,2.12669420e-06,2.12669492e-06
2.0220,4.10688994e-06,2.12745852e-06,2.12745923e-06
2.0230,4.11085849e-06,2.12822256e-06,2.12822327e-06
2.0240,4.11483172e-06,2.12898634e-06,2.12898705e-06
2.0250,4.11880965e-06,2.12974984e-06,2.12975056e-06
2.0260,4.12279230e-06,2.13051308e-06,2.13051380e-06
2.0270,4.12677968e-06,2.13127605e-06,2.13127677e-06
2.0280,4.13077182e-06,2.13203875e-06,2.13203947e-06
2.0290,4.13476872e-06,2.13280118e-06,2.13280189e-06
2.0300,4.13877040e-06,2.13356333e-06,2.13356405e-06
2.0310,4.14277687e-06,2.13432522e-06,2.13432593e-06
2.0320,4.14678817e-06,2.13508683e-06,2.13508754e-06
2.0330,4.15080430e-06,2.13584816e-06,2.13584888e-06
2.0340,4.15482527e-06,2.13660922e-06,2.13660994e-06
2.0350,4.15885112e-06,2.13737001e-06,2.13737072e-06
2.0360,4.16288185e-06,2.13813051e-06,2.13813123e-06
2.0370,4.16691747e-06,2.13889075e-06,2.13889147e-06
2.0380,4.17095802e-06,2.13965070e-06,2.13965142e-06
2.0390,4.17500351e-06,2.14041038e-06,2.14041110e-06
2.0400,4.17905395e-06,2.14116977e-06,2.14117049e-06
2.0410,4.18310936e-06,2.14192889e-06,2.14192961e-06
2.0420,4.18716977e-06,2.14268773e-06,2.14268845e-06
2.0430,4.19123518e-06,2.14344628e-06,2.14344700e-06
2.0440,4.19530563e-06,2.14420455e-06,2.14420528e-06
2.0450,4.19938112e-06,2.14496254e-06,2.14496327e-06
2.0460,4.20346167e-06,2.14572025e-06,2.14572098e-06
2.0470,4.20754731e-06,2.14647767e-06,2.14647840e-06
2.0480,4.21163806e-06,2.14723481e-06,2.14723554e-06
2.0490,4.21573393e-06,2.14799166e-06,2.14799239e-06
2.0500,4.21983494e-06,2.14874823e-06,2.14874896e-06
2.0510,4.22394112e-06,2.14950451e-06,2.14950524e-06
2.0520,4.22805248e-06,2.15026050e-06,2.15026123e-06
2.0530,4.23216904e-06,2.15101620e-06,2.15101693e-06
2.0540,4.23629082e-06,2.15177162e-06,2.15177235e-06
2.0550,4.24041785e-06,2.15252674e-06,2.15252747e-06
2.0560,4.24455014e-06,2.15328157e-06,2.15328230e-06
2.0570,4.24868771e-06,2.15403612e-06,2.15403685e-06
2.0580,4.25283059e-06,2.15479037e-06,2.15479110e-06
2.0590,4.25697879e-06,2.15554432e-06,2.15554505e-06
2.0600,4.26113234e-06,2.15629799e-06,2.15629872e-06
2.0610,4.26529126e-06,2.15705135e-06,2.15705209e-06
2.0620,4.26945556e-06,2.15780443e-06,2.15780516e-06
2.0630,4.27362528e-06,2.15855721e-06,2.15855794e-06
2.0640,4.27780042e-06,2.15930969e-06,2.15931042e-06
2.0650,4.28198102e-06,2.16006187e-06,2.16006261e-06
2.0660,4.28616710e-06,2.16081376e-06,2.16081450e-06
2.0670,4.29035867e-06,2.16156535e-06,2.16156609e-06
2.0680,4.29455576e-06,2.16231664e-06,2.16231738e-06
2.0690,4.29875839e-06,2.16306763e-06,2.16306837e-06
2.0700,4.30296658e-06,2.16381832e-06,2.16381905e-06
2.0710,4.30718036e-06,2.16456871e-06,2.16456944e-06
2.0720,4.31139975e-06,2.16531879e-06,2.16531953e-06
2.0730,4.31562478e-06,2.16606857e-06,2.16606931e-06
2.0740,4.31985545e-06,2.16681805e-06,2.16681879e-06
2.0750,4.32409181e-06,2.16756722e-06,2.16756796e-06
2.0760,4.32833386e-06,2.16831609e-06,2.16831683e-06
2.0770,4.33258164e-06,2.16906466e-06,2.16906540e-06
2.0780,4.33683517e-06,2.16981291e-06,2.16981365e-06
2.0790,4.34109447e-06,2.17056086e-06,2.17056160e-06
2.0800,4.34535956e-06,2.17130850e-06,2.17130925e-06
2.0810,4.34963047e-06,2.17205584e-06,2.17205658e-06
2.0820,4.35390723e-06,2.17280286e-06,2.17280360e-06
2.0830,4.35818985e-06,2.17354957e-06,2.17355032e-06
2.0840,4.36247837e-06,2.17429597e-06,2.17429672e-06
2.0850,4.36677280e-06,2.17504207e-06,2.17504281e-06
2.0860,4.37107317e-06,2.17578784e-06,2.17578859e-06
2.0870,4.37537951e-06,2.17653331e-06,2.17653405e-06
2.0880,4.37969184e-06,2.17727846e-06,2.17727921e-06
2.0890,4.38401018e-06,2.17802330e-06,2.17802404e-06
2.0900,4.38833457e-06,2.17876782e-06,2.17876857e-06
2.0910,4.39266501e-06,2.17951202e-06,2.17951277e-06
2.0920,4.39700156e-06,2.18025591e-06,2.18025666e-06
2.0930,4.40134421e-06,2.18099948e-06,2.18100023e-06
2.0940,4.40569301e-06,2.18174274e-06,2.18174349e-06
2.0950,4.41004798e-06,2.18248567e-06,2.18248642e-06
2.0960,4.41440914e-06,2.18322829e-06,2.18322904e-06
2.0970,4.41877652e-06,2.18397058e-06,2.18397133e-06
2.0980,4.42315015e-06,2.18471256e-06,2.18471331e-06
2.0990,4.42753005e-06,2.18545421e-06,2.18545496e-06
2.1000,4.43191625e-06,2.18619554e-06,2.18619629e-06
2.1010,4.43630877e-06,2.18693654e-06,2.18693729e-06
2.1020,4.44070765e-06,2.18767722e-06,2.18767798e-06
2.1030,4.44511290e-06,2.18841758e-06,2.18841834e-06
2.1040,4.44952456e-06,2.18915761e-06,2.18915837e-06
2.1050,4.45394265e-06,2.18989732e-06,2.18989807e-06
2.1060,4.45836720e-06,2.19063670e-06,2.19063745e-06
2.1070,4.46279824e-06,2.19137575e-06,2.19137651e-06
2.1080,4.46723580e-06,2.19211447e-06,2.19211523e-06
2.1090,4.47167989e-06,2.19285287e-06,2.19285362e-06
2.1100,4.47613056e-06,2.19359093e-06,2.19359169e-06
2.1110,4.48058782e-06,2.19432867e-06,2.19432942e-06
2.1120,4.48505171e-06,2.19506607e-06,2.19506683e-06
2.1130,4.48952225e-06,2.19580314e-06,2.19580390e-06
2.1140,4.49399947e-06,2.19653988e-06,2.19654064e-06
2.1150,4.49848340e-06,2.19727628e-06,2.19727704e-06
2.1160,4.50297407e-06,2.19801235e-06,2.19801311e-06
2.1170,4.50747151e-06,2.19874809e-06,2.19874885e-06
2.1180,4.51197574e-06,2.19948349e-06,2.19948425e-06
2.1190,4.51648680e-06,2.20021855e-06,2.20021931e-06
2.1200,4.52100470e-06,2.20095328e-06,2.20095404e-06
2.1210,4.52552949e-06,2.20168767e-06,2.20168843e-06
2.1220,4.53006119e-06,2.20242172e-06,2.20242248e-06
2.1230,4.53459983e-06,2.20315543e-06,2.20315620e-06
2.1240,4.53914544e-06,2.20388880e-06,2.20388957e-06
2.1250,4.54369804e-06,2.20462184e-06,2.20462260e-06
2.1260,4.54825767e-06,2.20535453e-06,2.20535529e-06
2.1270,4.55282436e-06,2.20608687e-06,2.20608764e-06
2.1280,4.55739814e-06,2.20681888e-06,2.20681964e-06
2.1290,4.56197903e-06,2.20755054e-06,2.20755131e-06
2.1300,4.56656707e-06,2.20828186e-06,2.20828263e-06
2.1310,4.57116229e-06,2.20901283e-06,2.20901360e-06
2.1320,4.57576471e-06,2.20974346e-06,2.20974423e-06
2.1330,4.58037437e-06,2.21047374e-06,2.21047451e-06
2.1340,4.58499130e-06,2.21120367e-06,2.21120444e-06
2.1350,4.58961552e-06,2.21193326e-06,2.21193403e-06
2.1360,4.59424707e-06,2.21266250e-06,2.21266327e-06
2.1370,4.59888598e-06,2.21339138e-06,2.21339215e-06
2.1380,4.60353228e-06,2.21411992e-06,2.21412069e-06
2.1390,4.60818600e-06,2.21484811e-06,2.21484888e-06
2.1400,4.61284717e-06,2.21557595e-06,2.21557672e-06
2.1410,4.61751583e-06,2.21630343e-06,2.21630420e-06
2.1420,4.62219199e-06,2.21703056e-06,2.21703133e-06
2.1430,4.62687571e-06,2.21775734e-06,2.21775811e-06
2.1440,4.63156699e-06,2.21848376e-06,2.21848454e-06
2.1450,4.63626589e-06,2.21920983e-06,2.21921060e-06
2.1460,4.64097242e-06,2.21993554e-06,2.21993632e-06
2.1470,4.64568662e-06,2.22066090e-06,2.22066167e-06
2.1480,4.65040852e-06,2.22138590e-06,2.22138667e-06
2.1490,4.65513816e-06,2.22211054e-06,2.22211132e-06
2.1500,4.65987557e-06,2.22283482e-06,2.22283560e-06
2.1510,4.66462077e-06,2.22355875e-06,2.22355952e-06
2.1520,4.66937380e-06,2.22428231e-06,2.22428309e-06
2.1530,4.67413469e-06,2.22500551e-06,2.22500629e-06
2.1540,4.67890347e-06,2.22572836e-06,2.22572913e-06
2.1550,4.68368019e-06,2.22645084e-06,2.22645161e-06
2.1560,4.68846485e-06,2.22717295e-06,2.22717373e-06
2.1570,4.69325752e-06,2.22789471e-06,2.22789548e-06
2.1580,4.69805820e-06,2.22861609e-06,2.22861687e-06
2.1590,4.70286694e-06,2.22933712e-06,2.22933790e-06
2.1600,4.70768377e-06,2.23005778e-06,2.23005856e-06
2.1610,4.71250872e-06,2.23077807e-06,2.23077885e-06
2.1620,4.71734182e-06,2.23149800e-06,2.23149878e-06
2.1630,4.72218311e-06,2.23221755e-06,2.23221834e-06
2.1640,4.72703262e-06,2.23293674e-06,2.23293752e-06
2.1650,4.73189039e-06,2.23365556e-06,2.23365635e-06
2.1660,4.73675644e-06,2.23437401e-06,2.23437480e-06
2.1670,4.74163081e-06,2.23509209e-06,2.23509288e-06
2.1680,4.74651353e-06,2.23580980e-06,2.23581058e-06
2.1690,4.75140464e-06,2.23652714e-06,2.23652792e-06
2.1700,4.75630417e-06,2.23724410e-06,2.23724489e-06
2.1710,4.76121215e-06,2.23796069e-06,2.23796148e-06
2.1720,4.76612862e-06,2.23867691e-06,2.23867769e-06
2.1730,4.77105361e-06,2.23939275e-06,2.23939354e-06
2.1740,4.77598715e-06,2.24010821e-06,2.24010900e-06
2.1750,4.78092928e-06,2.24082330e-06,2.24082409e-06
2.1760,4.78588003e-06,2.24153802e-06,2.24153881e-06
2.1770,4.79083944e-06,2.24225235e-06,2.24225314e-06
2.1780,4.79580754e-06,2.24296631e-06,2.24296710e-06
2.1790,4.80078436e-06,2.24367989e-06,2.24368068e-06
2.1800,4.80576993e-06,2.24439309e-06,2.24439388e-06
2.1810,4.81076430e-06,2.24510591e-06,2.24510670e-06
2.1820,4.81576750e-06,2.24581834e-06,2.24581914e-06
2.1830,4.82077955e-06,2.24653040e-06,2.24653119e-06
2.1840,4.82580050e-06,2.24724207e-06,2.24724287e-06
2.1850,4.83083038e-06,2.24795336e-06,2.24795416e-06
2.1860,4.83586922e-06,2.24866427e-06,2.24866506e-06
2.1870,4.84091706e-06,2.24937479e-06,2.24937559e-06
2.1880,4.84597393e-06,2.25008493e-06,2.25008572e-06
2.1890,4.85103986e-06,2.25079468e-06,2.25079548e-06
2.1900,4.85611490e-06,2.25150405e-06,2.25150484e-06
2.1910,4.86119907e-06,2.25221302e-06,2.25221382e-06
2.1920,4.86629241e-06,2.25292161e-06,2.25292241e-06
2.1930,4.87139495e-06,2.25362981e-06,2.25363061e-06
2.1940,4.87650674e-06,2.25433763e-06,2.25433842e-06
2.1950,4.88162780e-06,2.25504505e-06,2.25504585e-06
2.1960,4.88675817e-06,2.25575208e-06,2.25575288e-06
2.1970,4.89189788e-06,2.25645872e-06,2.25645952e-06
2.1980,4.89704697e-06,2.25716497e-06,2.25716577e-06
2.1990,4.90220547e-06,2.25787082e-06,2.25787162e-06
2.2000,4.90737343e-06,2.25857629e-06,2.25857708e-06
2.2010,4.91255086e-06,2.25928135e-06,2.25928215e-06
2.2020,4.91773782e-06,2.25998603e-06,2.25998683e-06
2.2030,4.92293432e-06,2.26069031e-06,2.26069111e-06
2.2040,4.92814042e-06,2.26139419e-06,2.26139499e-06
2.2050,4.93335614e-06,2.26209767e-06,2.26209848e-06
2.2060,4.93858152e-06,2.26280076e-06,2.26280156e-06
2.2070,4.94381659e-06,2.26350345e-06,2.26350426e-06
2.2080,4.94906139e-06,2.26420574e-06,2.26420655e-06
2.2090,4.95431595e-06,2.26490764e-06,2.26490844e-06
2.2100,4.95958031e-06,2.26560913e-06,2.26560993e-06
2.2110,4.96485451e-06,2.26631022e-06,2.26631103e-06
2.2120,4.97013857e-06,2.26701091e-06,2.26701172e-06
2.2130,4.97543254e-06,2.26771120e-06,2.26771201e-06
2.2140,4.98073645e-06,2.26841109e-06,2.26841189e-06
2.2150,4.98605034e-06,2.26911057e-06,2.26911138e-06
2.2160,4.99137423e-06,2.26980965e-06,2.26981045e-06
2.2170,4.99670817e-06,2.27050832e-06,2.27050913e-06
2.2180,5.00205219e-06,2.27120659e-06,2.27120740e-06
2.2190,5.00740632e-06,2.27190445e-06,2.27190526e-06
2.2200,5.01277061e-06,2.27260191e-06,2.27260272e-06
2.2210,5.01814508e-06,2.27329896e-06,2.27329977e-06
2.2220,5.02352977e-06,2.27399560e-06,2.27399641e-06
2.2230,5.02892472e-06,2.27469183e-06,2.27469264e-06
2.2240,5.03432996e-06,2.27538766e-06,2.27538847e-06
2.2250,5.03974552e-06,2.27608307e-06,2.27608388e-06
2.2260,5.04517145e-06,2.27677808e-06,2.27677889e-06
2.2270,5.05060777e-06,2.27747267e-06,2.27747348e-06
2.2280,5.05605453e-06,2.27816685e-06,2.27816766e-06
2.2290,5.06151175e-06,2.27886062e-06,2.27886143e-06
2.2300,5.06697948e-06,2.27955397e-06,2.27955479e-06
2.2310,5.07245774e-06,2.28024691e-06,2.28024773e-06
2.2320,5.07794657e-06,2.28093944e-06,2.28094026e-06
2.2330,5.08344601e-06,2.28163156e-06,2.28163237e-06
2.2340,5.08895610e-06,2.28232325e-06,2.28232407e-06
2.2350,5.09447686e-06,2.28301453e-06,2.28301535e-06
2.2360,5.10000833e-06,2.28370540e-06,2.28370621e-06
2.2370,5.10555055e-06,2.28439584e-06,2.28439666e-06
2.2380,5.11110355e-06,2.28508587e-06,2.28508669e-06
2.2390,5.11666736e-06,2.28577548e-06,2.28577630e-06
2.2400,5.12224203e-06,2.28646467e-06,2.28646549e-06
2.2410,5.12782759e-06,2.28715345e-06,2.28715426e-06
2.2420,5.13342406e-06,2.28784180e-06,2.28784261e-06
2.2430,5.13903149e-06,2.28852973e-06,2.28853054e-06
2.2440,5.14464991e-06,2.28921723e-06,2.28921805e-06
2.2450,5.15027935e-06,2.28990432e-06,2.28990514e-06
2.2460,5.15591986e-06,2.29059098e-06,2.29059180e-06
2.2470,5.16157145e-06,2.29127722e-06,2.29127804e-06
2.2480,5.16723417e-06,2.29196303e-06,2.29196385e-06
2.2490,5.17290806e-06,2.29264842e-06,2.29264924e-06
2.2500,5.17859314e-06,2.29333339e-06,2.29333421e-06
2.2510,5.18428945e-06,2.29401793e-06,2.29401875e-06
2.2520,5.18999703e-06,2.29470204e-06,2.29470286e-06
2.2530,5.19571590e-06,2.29538572e-06,2.29538655e-06
2.2540,5.20144611e-06,2.29606898e-06,2.29606980e-06
2.2550,5.20718769e-06,2.29675181e-06,2.29675263e-06
2.2560,5.21294066e-06,2.29743421e-06,2.29743503e-06
2.2570,5.21870507e-06,2.29811618e-06,2.29811700e-06
2.2580,5.22448094e-06,2.29879772e-06,2.29879854e-06
2.2590,5.23026832e-06,2.29947883e-06,2.29947965e-06
2.2600,5.23606723e-06,2.30015950e-06,2.30016033e-06
2.2610,5.24187771e-06,2.30083975e-06,2.30084057e-06
2.2620,5.24769980e-06,2.30151956e-06,2.30152039e-06
2.2630,5.25353351e-06,2.30219894e-06,2.30219977e-06
2.2640,5.25937890e-06,2.30287789e-06,2.30287871e-06
2.2650,5.26523599e-06,2.30355640e-06,2.30355723e-06
2.2660,5.27110481e-06,2.30423448e-06,2.30423530e-06
2.2670,5.27698539e-06,2.30491212e-06,2.30491295e-06
2.2680,5.28287778e-06,2.30558932e-06,2.30559015e-06
2.2690,5.28878200e-06,2.30626609e-06,2.30626692e-06
2.2700,5.29469809e-06,2.30694242e-06,2.30694325e-06
2.2710,5.30062607e-06,2.30761832e-06,2.30761915e-06
2.2720,5.30656598e-06,2.30829377e-06,2.30829461e-06
2.2730,5.31251786e-06,2.30896879e-06,2.30896962e-06
2.2740,5.31848172e-06,2.30964337e-06,2.30964420e-06
2.2750,5.32445762e-06,2.31031751e-06,2.31031834e-06
2.2760,5.33044557e-06,2.31099121e-06,2.31099204e-06
2.2770,5.33644562e-06,2.31166446e-06,2.31166530e-06
2.2780,5.34245778e-06,2.31233728e-06,2.31233811e-06
2.2790,5.34848210e-06,2.31300965e-06,2.31301048e-06
2.2800,5.35451860e-06,2.31368158e-06,2.31368241e-06
2.2810,5.36056732e-06,2.31435307e-06,2.31435390e-06
2.2820,5.36662828e-06,2.31502411e-06,2.31502495e-06
2.2830,5.37270152e-06,2.31569471e-06,2.31569554e-06
2.2840,5.37878707e-06,2.31636486e-06,2.31636570e-06
2.2850,5.38488496e-06,2.31703457e-06,2.31703541e-06
2.2860,5.39099522e-06,2.31770383e-06,2.31770467e-06
2.2870,5.39711788e-06,2.31837265e-06,2.31837349e-06
2.2880,5.40325296e-06,2.31904102e-06,2.31904186e-06
2.2890,5.40940051e-06,2.31970894e-06,2.31970978e-06
2.2900,5.41556055e-06,2.32037641e-06,2.32037725e-06
2.2910,5.42173311e-06,2.32104344e-06,2.32104428e-06
2.2920,5.42791822e-06,2.32171002e-06,2.32171086e-06
2.2930,5.43411590e-06,2.32237614e-06,2.32237698e-06
2.2940,5.44032620e-06,2.32304182e-06,2.32304266e-06
2.2950,5.44654913e-06,2.32370705e-06,2.32370789e-06
2.2960,5.45278473e-06,2.32437182e-06,2.32437266e-06
2.2970,5.45903302e-06,2.32503614e-06,2.32503699e-06
2.2980,5.46529404e-06,2.32570002e-06,2.32570086e-06
2.2990,5.47156780e-06,2.32636343e-06,2.32636428e-06
2.3000,5.47785435e-06,2.32702640e-06,2.32702724e-06
2.3010,5.48415370e-06,2.32768891e-06,2.32768976e-06
2.3020,5.49046590e-06,2.32835097e-06,2.32835181e-06
2.3030,5.49679095e-06,2.32901257e-06,2.32901342e-06
2.3040,5.50312889e-06,2.32967372e-06,2.32967457e-06
2.3050,5.50947975e-06,2.33033441e-06,2.33033526e-06
2.3060,5.51584356e-06,2.33099465e-06,2.33099550e-06
2.3070,5.52222034e-06,2.33165443e-06,2.33165528e-06
2.3080,5.52861011e-06,2.33231375e-06,2.33231460e-06
2.3090,5.53501291e-06,2.33297262e-06,2.33297347e-06
2.3100,5.54142876e-06,2.33363103e-06,2.33363188e-06
2.3110,5.54785769e-06,2.33428898e-06,2.33428983e-06
2.3120,5.55429972e-06,2.33494647e-06,2.33494732e-06
2.3130,5.56075488e-06,2.33560350e-06,2.33560435e-06
2.3140,5.56722318e-06,2.33626007e-06,2.33626092e-06
2.3150,5.57370467e-06,2.33691618e-06,2.33691703e-06
2.3160,5.58019936e-06,2.33757183e-06,2.33757268e-06
2.3170,5.58670728e-06,2.33822702e-06,2.33822787e-06
2.3180,5.59322845e-06,2.33888175e-06,2.33888260e-06
2.3190,5.59976289e-06,2.33953602e-06,2.33953687e-06
2.3200,5.60631064e-06,2.34018982e-06,2.34019067e-06
2.3210,5.61287170e-06,2.34084316e-06,2.34084401e-06
2.3220,5.61944612e-06,2.34149604e-06,2.34149689e-06
2.3230,5.62603390e-06,2.34214845e-06,2.34214931e-06
2.3240,5.63263507e-06,2.34280040e-06,2.34280126e-06
2.3250,5.63924966e-06,2.34345189e-06,2.34345274e-06
2.3260,5.64587769e-06,2.34410291e-06,2.34410376e-06
2.3270,5.65251917e-06,2.34475346e-06,2.34475432e-06
2.3280,5.65917414e-06,2.34540355e-06,2.34540441e-06
2.3290,5.66584261e-06,2.34605317e-06,2.34605403e-06
2.3300,5.67252460e-06,2.34670233e-06,2.34670318e-06
2.3310,5.67922014e-06,2.34735101e-06,2.34735187e-06
2.3320,5.68592924e-06,2.34799924e-06,2.34800009e-06
2.3330,5.69265193e-06,2.34864699e-06,2.34864785e-06
2.3340,5.69938822e-06,2.34929427e-06,2.34929513e-06
2.3350,5.70613814e-06,2.34994109e-06,2.34994195e-06
2.3360,5.71290171e-06,2.35058744e-06,2.35058830e-06
2.3370,5.71967893e-06,2.35123331e-06,2.35123417e-06
2.3380,5.72646984e-06,2.35187872e-06,2.35187958e-06
2.3390,5.73327446e-06,2.35252366e-06,2.35252452e-06
2.3400,5.74009279e-06,2.35316812e-06,2.35316899e-06
2.3410,5.74692486e-06,2.35381212e-06,2.35381298e-06
2.3420,5.75377069e-06,2.35445564e-06,2.35445651e-06
2.3430,5.76063028e-06,2.35509870e-06,2.35509956e-06
2.3440,5.76750367e-06,2.35574128e-06,2.35574214e-06
2.3450,5.77439087e-06,2.35638338e-06,2.35638425e-06
2.3460,5.78129189e-06,2.35702502e-06,2.35702588e-06
2.3470,5.78820675e-06,2.35766618e-06,2.35766705e-06
2.3480,5.79513546e-06,2.35830687e-06,2.35830773e-06
2.3490,5.80207804e-06,2.35894708e-06,2.35894795e-06
2.3500,5.80903451e-06,2.35958682e-06,2.35958769e-06
2.3510,5.81600488e-06,2.36022609e-06,2.36022696e-06
2.3520,5.82298916e-06,2.36086488e-06,2.36086575e-06
2.3530,5.82998737e-06,2.36150320e-06,2.36150406e-06
2.3540,5.83699952e-06,2.36214104e-06,2.36214190e-06
2.3550,5.84402563e-06,2.36277840e-06,2.36277927e-06
2.3560,5.85106571e-06,2.36341529e-06,2.36341616e-06
2.3570,5.85811976e-06,2.36405170e-06,2.36405257e-06
2.3580,5.86518782e-06,2.36468763e-06,2.36468850e-06
2.3590,5.87226987e-06,2.36532309e-06,2.36532396e-06
2.3600,5.87936594e-06,2.36595807e-06,2.36595894e-06
2.3610,5.88647604e-06,2.36659257e-06,2.36659344e-06
2.3620,5.89360018e-06,2.36722660e-06,2.36722747e-06
2.3630,5.90073837e-06,2.36786014e-06,2.36786102e-06
2.3640,5.90789062e-06,2.36849321e-06,2.36849408e-06
2.3650,5.91505693e-06,2.36912580e-06,2.36912667e-06
2.3660,5.92223732e-06,2.36975791e-06,2.36975878e-06
2.3670,5.92943180e-06,2.37038954e-06,2.37039041e-06
2.3680,5.93664038e-06,2.37102069e-06,2.37102156e-06
2.3690,5.94386305e-06,2.37165136e-06,2.37165223e-06
2.3700,5.95109984e-06,2.37228155e-06,2.37228242e-06
2.3710,5.95835075e-06,2.37291126e-06,2.37291213e-06
2.3720,5.96561578e-06,2.37354049e-06,2.37354136e-06
2.3730,5.97289494e-06,2.37416923e-06,2.37417011e-06
2.3740,5.98018824e-06,2.37479750e-06,2.37479838e-06
2.3750,5.98749568e-06,2.37542528e-06,2.37542616e-06
2.3760,5.99481727e-06,2.37605259e-06,2.37605346e-06
2.3770,6.00215301e-06,2.37667941e-06,2.37668029e-06
2.3780,6.00950291e-06,2.37730575e-06,2.37730662e-06
2.3790,6.01686697e-06,2.37793160e-06,2.37793248e-06
2.3800,6.02424520e-06,2.37855698e-06,2.37855785e-06
2.3810,6.03163759e-06,2.37918187e-06,2.37918275e-06
2.3820,6.03904415e-06,2.37980627e-06,2.37980715e-06
2.3830,6.04646489e-06,2.38043020e-06,2.38043108e-06
2.3840,6.05389980e-06,2.38105364e-06,2.38105452e-06
2.3850,6.06134889e-06,2.38167659e-06,2.38167748e-06
2.3860,6.06881215e-06,2.38229907e-06,2.38229995e-06
2.3870,6.07628959e-06,2.38292106e-06,2.38292194e-06
2.3880,6.08378120e-06,2.38354256e-06,2.38354344e-06
2.3890,6.09128699e-06,2.38416358e-06,2.38416446e-06
2.3900,6.09880696e-06,2.38478411e-06,2.38478500e-06
2.3910,6.10634110e-06,2.38540416e-06,2.38540505e-06
2.3920,6.11388941e-06,2.38602373e-06,2.38602461e-06
2.3930,6.12145189e-06,2.38664281e-06,2.38664369e-06
2.3940,6.12902854e-06,2.38726140e-06,2.38726229e-06
2.3950,6.13661935e-06,2.38787951e-06,2.38788040e-06
2.3960,6.14422432e-06,2.38849714e-06,2.38849802e-06
2.3970,6.15184345e-06,2.38911427e-06,2.38911516e-06
2.3980,6.15947673e-06,2.38973092e-06,2.38973181e-06
2.3990,6.16712415e-06,2.39034709e-06,2.39034798e-06
2.4000,6.17478571e-06,2.39096277e-06,2.39096366e-06
2.4010,6.18246141e-06,2.39157796e-06,2.39157885e-06
2.4020,6.19015123e-06,2.39219267e-06,2.39219356e-06
2.4030,6.19785517e-06,2.39280689e-06,2.39280778e-06
2.4040,6.20557323e-06,2.39342062e-06,2.39342151e-06
2.4050,6.21330538e-06,2.39403387e-06,2.39403476e-06
2.4060,6.22105164e-06,2.39464663e-06,2.39464752e-06
2.4070,6.22881198e-06,2.39525890e-06,2.39525979e-06
2.4080,6.23658639e-06,2.39587068e-06,2.39587157e-06
2.4090,6.24437487e-06,2.39648198e-06,2.39648287e-06
2.4100,6.25217741e-06,2.39709279e-06,2.39709368e-06
2.4110,6.25999399e-06,2.39770311e-06,2.39770401e-06
2.4120,6.26782461e-06,2.39831295e-06,2.39831384e-06
2.4130,6.27566924e-06,2.39892230e-06,2.39892319e-06
2.4140,6.28352788e-06,2.39953116e-06,2.39953205e-06
2.4150,6.29140052e-06,2.40013953e-06,2.40014043e-06
2.4160,6.29928714e-06,2.40074741e-06,2.40074831e-06
2.4170,6.30718772e-06,2.40135481e-06,2.40135571e-06
2.4180,6.31510225e-06,2.40196172e-06,2.40196262e-06
2.4190,6.32303072e-06,2.40256814e-06,2.40256904e-06
2.4200,6.33097311e-06,2.40317408e-06,2.40317497e-06
2.4210,6.33892940e-06,2.40377952e-06,2.40378042e-06
2.4220,6.34689958e-06,2.40438448e-06,2.40438538e-06
2.4230,6.35488363e-06,2.40498895e-06,2.40498985e-06
2.4240,6.36288153e-06,2.40559293e-06,2.40559383e-06
2.4250,6.37089326e-06,2.40619642e-06,2.40619733e-06
2.4260,6.37891881e-06,2.40679943e-06,2.40680033e-06
2.4270,6.38695814e-06,2.40740195e-06,2.40740285e-06
2.4280,6.39501125e-06,2.40800398e-06,2.40800488e-06
2.4290,6.40307812e-06,2.40860552e-06,2.40860642e-06
2.4300,6.41115871e-06,2.40920657e-06,2.40920748e-06
2.4310,6.41925301e-06,2.40980714e-06,2.40980804e-06
2.4320,6.42736100e-06,2.41040722e-06,2.41040812e-06
2.4330,6.43548266e-06,2.41100681e-06,2.41100771e-06
2.4340,6.44361795e-06,2.41160591e-06,2.41160682e-06
2.4350,6.45176686e-06,2.41220453e-06,2.41220543e-06
2.4360,6.45992936e-06,2.41280266e-06,2.41280356e-06
2.4370,6.46810542e-06,2.41340029e-06,2.41340120e-06
2.4380,6.47629503e-06,2.41399745e-06,2.41399835e-06
2.4390,6.48449815e-06,2.41459411e-06,2.41459502e-06
2.4400,6.49271475e-06,2.41519029e-06,2.41519120e-06
2.4410,6.50094481e-06,2.41578598e-06,2.41578689e-06
2.4420,6.50918831e-06,2.41638118e-06,2.41638209e-06
2.4430,6.51744521e-06,2.41697590e-06,2.41697681e-06
2.4440,6.52571548e-06,2.41757013e-06,2.41757104e-06
2.4450,6.53399909e-06,2.41816387e-06,2.41816478e-06
2.4460,6.54229601e-06,2.41875712e-06,2.41875803e-06
2.4470,6.55060622e-06,2.41934989e-06,2.41935080e-06
2.4480,6.55892968e-06,2.41994217e-06,2.41994308e-06
2.4490,6.56726635e-06,2.42053397e-06,2.42053488e-06
2.4500,6.57561621e-06,2.42112528e-06,2.42112619e-06
2.4510,6.58397922e-06,2.42171610e-06,2.42171701e-06
2.4520,6.59235535e-06,2.42230644e-06,2.42230735e-06
2.4530,6.60074457e-06,2.42289629e-06,2.42289720e-06
2.4540,6.60914683e-06,2.42348565e-06,2.42348657e-06
2.4550,6.61756210e-06,2.42407453e-06,2.42407545e-06
2.4560,6.62599035e-06,2.42466292e-06,2.42466384e-06
2.4570,6.63443155e-06,2.42525083e-06,2.42525175e-06
2.4580,6.64288564e-06,2.42583826e-06,2.42583917e-06
2.4590,6.65135260e-06,2.42642520e-06,2.42642611e-06
2.4600,6.65983238e-06,2.42701165e-06,2.42701257e-06
2.4610,6.66832495e-06,2.42759762e-06,2.42759854e-06
2.4620,6.67683027e-06,2.42818311e-06,2.42818403e-06
2.4630,6.68534829e-06,2.42876811e-06,2.42876903e-06
2.4640,6.69387898e-06,2.42935263e-06,2.42935355e-06
2.4650,6.70242229e-06,2.42993666e-06,2.42993758e-06
2.4660,6.71097818e-06,2.43052021e-06,2.43052113e-06
2.4670,6.71954662e-06,2.43110328e-06,2.43110420e-06
2.4680,6.72812755e-06,2.43168587e-06,2.43168679e-06
2.4690,6.73672093e-06,2.43226797e-06,2.43226889e-06
2.4700,6.74532672e-06,2.43284959e-06,2.43285051e-06
2.4710,6.75394487e-06,2.43343073e-06,2.43343165e-06
2.4720,6.76257534e-06,2.43401138e-06,2.43401231e-06
2.4730,6.77121808e-06,2.43459156e-06,2.43459248e-06
2.4740,6.77987304e-06,2.43517125e-06,2.43517218e-06
2.4750,6.78854018e-06,2.43575047e-06,2.43575139e-06
2.4760,6.79721945e-06,2.43632920e-06,2.43633013e-06
2.4770,6.80591080e-06,2.43690745e-06,2.43690838e-06
2.4780,6.81461418e-06,2.43748523e-06,2.43748615e-06
2.4790,6.82332954e-06,2.43806252e-06,2.43806345e-06
2.4800,6.83205683e-06,2.43863933e-06,2.43864026e-06
2.4810,6.84079600e-06,2.43921567e-06,2.43921660e-06
2.4820,6.84954699e-06,2.43979152e-06,2.43979245e-06
2.4830,6.85830977e-06,2.44036690e-06,2.44036783e-06
2.4840,6.86708426e-06,2.44094180e-06,2.44094273e-06
2.4850,6.87587043e-06,2.44151622e-06,2.44151715e-06
2.4860,6.88466821e-06,2.44209017e-06,2.44209110e-06
2.4870,6.89347756e-06,2.44266364e-06,2.44266457e-06
2.4880,6.90229841e-06,2.44323663e-06,2.44323756e-06
2.4890,6.91113071e-06,2.44380914e-06,2.44381008e-06
2.4900,6.91997441e-06,2.44438118e-06,2.44438212e-06
2.4910,6.92882944e-06,2.44495275e-06,2.44495368e-06
2.4920,6.93769576e-06,2.44552384e-06,2.44552477e-06
2.4930,6.94657329e-06,2.44609446e-06,2.44609539e-06
2.4940,6.95546199e-06,2.44666460e-06,2.44666553e-06
2.4950,6.96436180e-06,2.44723427e-06,2.44723520e-06
2.4960,6.97327265e-06,2.44780346e-06,2.44780440e-06
2.4970,6.98219449e-06,2.44837218e-06,2.44837312e-06
2.4980,6.99112726e-06,2.44894044e-06,2.44894137e-06
2.4990,7.00007088e-06,2.44950821e-06,2.44950915e-06
2.5000,7.00902531e-06,2.45007552e-06,2.45007646e-06
2.5010,7.01799047e-06,2.45064236e-06,2.45064330e-06
2.5020,7.02696632e-06,2.45120873e-06,2.45120966e-06
2.5030,7.03595277e-06,2.45177462e-06,2.45177556e-06
2.5040,7.04494977e-06,2.45234005e-06,2.45234099e-06
2.5050,7.05395726e-06,2.45290501e-06,2.45290595e-06
2.5060,7.06297516e-06,2.45346950e-06,2.45347044e-06
2.5070,7.07200341e-06,2.45403352e-06,2.45403446e-06
2.5080,7.08104195e-06,2.45459708e-06,2.45459802e-06
2.5090,7.09009071e-06,2.45516017e-06,2.45516111e-06
2.5100,7.09914963e-06,2.45572279e-06,2.45572373e-06
2.5110,7.10821862e-06,2.45628495e-06,2.45628589e-06
2.5120,7.11729763e-06,2.45684664e-06,2.45684758e-06
2.5130,7.12638659e-06,2.45740787e-06,2.45740881e-06
2.5140,7.13548542e-06,2.45796863e-06,2.45796958e-06
2.5150,7.14459406e-06,2.45852893e-06,2.45852988e-06
2.5160,7.15371243e-06,2.45908877e-06,2.45908972e-06
2.5170,7.16284047e-06,2.45964815e-06,2.45964909e-06
2.5180,7.17197810e-06,2.46020706e-06,2.46020801e-06
2.5190,7.18112525e-06,2.46076551e-06,2.46076646e-06
2.5200,7.19028185e-06,2.46132351e-06,2.46132446e-06
2.5210,7.19944782e-06,2.46188104e-06,2.46188199e-06
2.5220,7.20862309e-06,2.46243812e-06,2.46243907e-06
2.5230,7.21780759e-06,2.46299473e-06,2.46299568e-06
2.5240,7.22700124e-06,2.46355089e-06,2.46355184e-06
2.5250,7.23620397e-06,2.46410659e-06,2.46410755e-06
2.5260,7.24541569e-06,2.46466184e-06,2.46466279e-06
2.5270,7.25463634e-06,2.46521663e-06,2.46521758e-06
2.5280,7.26386584e-06,2.46577097e-06,2.46577192e-06
2.5290,7.27310410e-06,2.46632485e-06,2.46632580e-06
2.5300,7.28235106e-06,2.46687827e-06,2.46687923e-06
2.5310,7.29160663e-06,2.46743125e-06,2.46743220e-06
2.5320,7.30087074e-06,2.46798377e-06,2.46798473e-06
2.5330,7.31014330e-06,2.46853584e-06,2.46853680e-06
2.5340,7.31942423e-06,2.46908746e-06,2.46908842e-06
2.5350,7.32871347e-06,2.46963863e-06,2.46963959e-06
2.5360,7.33801091e-06,2.47018935e-06,2.47019031e-06
2.5370,7.34731650e-06,2.47073963e-06,2.47074059e-06
2.5380,7.35663013e-06,2.47128945e-06,2.47129041e-06
2.5390,7.36595173e-06,2.47183883e-06,2.47183979e-06
2.5400,7.37528122e-06,2.47238776e-06,2.47238873e-06
2.5410,7.38461852e-06,2.47293625e-06,2.47293721e-06
2.5420,7.39396354e-06,2.47348430e-06,2.47348526e-06
2.5430,7.40331619e-06,2.47403189e-06,2.47403286e-06
2.5440,7.41267640e-06,2.47457905e-06,2.47458001e-06
2.5450,7.42204408e-06,2.47512577e-06,2.47512673e-06
2.5460,7.43141914e-06,2.47567204e-06,2.47567300e-06
2.5470,7.44080150e-06,2.47621787e-06,2.47621884e-06
2.5480,7.45019107e-06,2.47676327e-06,2.47676423e-06
2.5490,7.45958776e-06,2.47730822e-06,2.47730919e-06
2.5500,7.46899150e-06,2.47785274e-06,2.47785371e-06
2.5510,7.47840218e-06,2.47839682e-06,2.47839779e-06
2.5520,7.48781974e-06,2.47894046e-06,2.47894143e-06
2.5530,7.49724406e-06,2.47948367e-06,2.47948464e-06
2.5540,7.50667508e-06,2.48002645e-06,2.48002742e-06
2.5550,7.51611269e-06,2.48056879e-06,2.48056976e-06
2.5560,7.52555682e-06,2.48111070e-06,2.48111167e-06
2.5570,7.53500736e-06,2.48165218e-06,2.48165315e-06
2.5580,7.54446424e-06,2.48219323e-06,2.48219420e-06
2.5590,7.55392736e-06,2.48273385e-06,2.48273482e-06
2.5600,7.56339662e-06,2.48327404e-06,2.48327501e-06
2.5610,7.57287195e-06,2.48381380e-06,2.48381478e-06
2.5620,7.58235324e-06,2.48435314e-06,2.48435412e-06
2.5630,7.59184041e-06,2.48489205e-06,2.48489303e-06
2.5640,7.60133337e-06,2.48543054e-06,2.48543152e-06
2.5650,7.61083201e-06,2.48596860e-06,2.48596958e-06
2.5660,7.62033626e-06,2.48650624e-06,2.48650722e-06
2.5670,7.62984601e-06,2.48704346e-06,2.48704444e-06
2.5680,7.63936117e-06,2.48758026e-06,2.48758124e-06
2.5690,7.64888165e-06,2.48811664e-06,2.48811762e-06
2.5700,7.65840736e-06,2.48865260e-06,2.48865358e-06
2.5710,7.66793820e-06,2.48918815e-06,2.48918913e-06
2.5720,7.67747408e-06,2.48972327e-06,2.48972425e-06
2.5730,7.68701490e-06,2.49025799e-06,2.49025897e-06
2.5740,7.69656056e-06,2.49079228e-06,2.49079327e-06
2.5750,7.70611098e-06,2.49132617e-06,2.49132715e-06
2.5760,7.71566605e-06,2.49185964e-06,2.49186063e-06
2.5770,7.72522568e-06,2.49239271e-06,2.49239369e-06
2.5780,7.73478978e-06,2.49292536e-06,2.49292635e-06
2.5790,7.74435824e-06,2.49345760e-06,2.49345859e-06
2.5800,7.75393098e-06,2.49398944e-06,2.49399043e-06
2.5810,7.76350789e-06,2.49452087e-06,2.49452186e-06
2.5820,7.77308887e-06,2.49505190e-06,2.49505289e-06
2.5830,7.78267383e-06,2.49558252e-06,2.49558351e-06
2.5840,7.79226268e-06,2.49611274e-06,2.49611373e-06
2.5850,7.80185531e-06,2.49664256e-06,2.49664355e-06
2.5860,7.81145162e-06,2.49717198e-06,2.49717297e-06
2.5870,7.82105152e-06,2.49770100e-06,2.49770199e-06
2.5880,7.83065492e-06,2.49822962e-06,2.49823061e-06
2.5890,7.84026170e-06,2.49875785e-06,2.49875884e-06
2.5900,7.84987177e-06,2.49928568e-06,2.49928667e-06
2.5910,7.85948503e-06,2.49981311e-06,2.49981411e-06
2.5920,7.86910139e-06,2.50034016e-06,2.50034115e-06
2.5930,7.87872074e-06,2.50086681e-06,2.50086780e-06
2.5940,7.88834299e-06,2.50139307e-06,2.50139407e-06
2.5950,7.89796803e-06,2.50191894e-06,2.50191994e-06
2.5960,7.90759576e-06,2.50244443e-06,2.50244542e-06
2.5970,7.91722609e-06,2.50296952e-06,2.50297052e-06
2.5980,7.92685891e-06,2.50349424e-06,2.50349524e-06
2.5990,7.93649412e-06,2.50401857e-06,2.50401957e-06
2.6000,7.94613163e-06,2.50454251e-06,2.50454351e-06
2.6010,7.95577134e-06,2.50506608e-06,2.50506708e-06
2.6020,7.96541313e-06,2.50558927e-06,2.50559027e-06
2.6030,7.97505691e-06,2.50611207e-06,2.50611308e-06
2.6040,7.98470259e-06,2.50663451e-06,2.50663551e-06
2.6050,7.99435005e-06,2.50715656e-06,2.50715757e-06
2.6060,8.00399921e-06,2.50767824e-06,2.50767925e-06
2.6070,8.01364995e-06,2.50819955e-06,2.50820056e-06
2.6080,8.02330217e-06,2.50872049e-06,2.50872150e-06
2.6090,8.03295578e-06,2.50924106e-06,2.50924207e-06
2.6100,8.04261068e-06,2.50976126e-06,2.50976227e-06
2.6110,8.05226675e-06,2.51028109e-06,2.51028210e-06
2.6120,8.06192390e-06,2.51080056e-06,2.51080157e-06
2.6130,8.07158204e-06,2.51131966e-06,2.51132067e-06
2.6140,8.08124105e-06,2.51183840e-06,2.51183941e-06
2.6150,8.09090083e-06,2.51235678e-06,2.51235779e-06
2.6160,8.10056129e-06,2.51287480e-06,2.51287581e-06
2.6170,8.11022232e-06,2.51339246e-06,2.51339348e-06
2.6180,8.11988382e-06,2.51390977e-06,2.51391078e-06
2.6190,8.12954569e-06,2.51442672e-06,2.51442773e-06
2.6200,8.13920782e-06,2.51494332e-06,2.51494433e-06
2.6210,8.14887012e-06,2.51545956e-06,2.51546058e-06
2.6220,8.15853248e-06,2.51597546e-06,2.51597647e-06
2.6230,8.16819480e-06,2.51649100e-06,2.51649202e-06
2.6240,8.17785699e-06,2.51700620e-06,2.51700722e-06
2.6250,8.18751893e-06,2.51752106e-06,2.51752207e-06
2.6260,8.19718053e-06,2.51803556e-06,2.51803658e-06
2.6270,8.20684168e-06,2.51854973e-06,2.51855075e-06
2.6280,8.21650229e-06,2.51906356e-06,2.51906458e-06
2.6290,8.22616224e-06,2.51957705e-06,2.51957807e-06
2.6300,8.23582145e-06,2.52009019e-06,2.52009122e-06
2.6310,8.24547981e-06,2.52060301e-06,2.52060403e-06
2.6320,8.25513721e-06,2.52111549e-06,2.52111651e-06
2.6330,8.26479357e-06,2.52162764e-06,2.52162866e-06
2.6340,8.27444876e-06,2.52213945e-06,2.52214048e-06
2.6350,8.28410271e-06,2.52265094e-06,2.52265197e-06
2.6360,8.29375529e-06,2.52316210e-06,2.52316313e-06
2.6370,8.30340642e-06,2.52367294e-06,2.52367396e-06
2.6380,8.31305599e-06,2.52418345e-06,2.52418448e-06
2.6390,8.32270391e-06,2.52469364e-06,2.52469467e-06
2.6400,8.33235006e-06,2.52520350e-06,2.52520453e-06
2.6410,8.34199436e-06,2.52571305e-06,2.52571408e-06
2.6420,8.35163669e-06,2.52622229e-06,2.52622332e-06
2.6430,8.36127697e-06,2.52673120e-06,2.52673224e-06
2.6440,8.37091509e-06,2.52723981e-06,2.52724084e-06
2.6450,8.38055095e-06,2.52774810e-06,2.52774914e-06
2.6460,8.39018445e-06,2.52825608e-06,2.52825712e-06
2.6470,8.39981549e-06,2.52876376e-06,2.52876480e-06
2.6480,8.40944398e-06,2.52927113e-06,2.52927217e-06
2.6490,8.41906981e-06,2.52977819e-06,2.52977923e-06
2.6500,8.42869289e-06,2.53028496e-06,2.53028600e-06
2.6510,8.43831311e-06,2.53079142e-06,2.53079246e-06
2.6520,8.44793038e-06,2.53129758e-06,2.53129862e-06
2.6530,8.45754460e-06,2.53180345e-06,2.53180449e-06
2.6540,8.46715568e-06,2.53230902e-06,2.53231007e-06
2.6550,8.47676350e-06,2.53281430e-06,2.53281535e-06
2.6560,8.48636799e-06,2.53331929e-06,2.53332034e-06
2.6570,8.49596903e-06,2.53382399e-06,2.53382504e-06
2.6580,8.50556654e-06,2.53432841e-06,2.53432945e-06
2.6590,8.51516041e-06,2.53483254e-06,2.53483358e-06
2.6600,8.52475055e-06,2.53533638e-06,2.53533743e-06
2.6610,8.53433686e-06,2.53583994e-06,2.53584099e-06
2.6620,8.54391925e-06,2.53634323e-06,2.53634428e-06
2.6630,8.55349762e-06,2.53684624e-06,2.53684729e-06
2.6640,8.56307187e-06,2.53734897e-06,2.53735002e-06
2.6650,8.57264191e-06,2.53785143e-06,2.53785248e-06
2.6660,8.58220765e-06,2.53835362e-06,2.53835467e-06
2.6670,8.59176899e-06,2.53885554e-06,2.53885659e-06
2.6680,8.60132583e-06,2.53935719e-06,2.53935824e-06
2.6690,8.61087808e-06,2.53985858e-06,2.53985963e-06
2.6700,8.62042565e-06,2.54035970e-06,2.54036076e-06
2.6710,8.62996844e-06,2.54086057e-06,2.54086162e-06
2.6720,8.63950637e-06,2.54136117e-06,2.54136223e-06
2.6730,8.64903933e-06,2.54186152e-06,2.54186258e-06
2.6740,8.65856724e-06,2.54236162e-06,2.54236267e-06
2.6750,8.66809000e-06,2.54286146e-06,2.54286252e-06
2.6760,8.67760752e-06,2.54336105e-06,2.54336211e-06
2.6770,8.68711971e-06,2.54386039e-06,2.54386146e-06
2.6780,8.69662648e-06,2.54435949e-06,2.54436056e-06
2.6790,8.70612773e-06,2.54485835e-06,2.54485941e-06
2.6800,8.71562339e-06,2.54535696e-06,2.54535803e-06
2.6810,8.72511334e-06,2.54585534e-06,2.54585640e-06
2.6820,8.73459752e-06,2.54635348e-06,2.54635454e-06
2.6830,8.74407582e-06,2.54685138e-06,2.54685245e-06
2.6840,8.75354816e-06,2.54734905e-06,2.54735012e-06
2.6850,8.76301445e-06,2.54784649e-06,2.54784756e-06
2.6860,8.77247460e-06,2.54834370e-06,2.54834477e-06
2.6870,8.78192853e-06,2.54884069e-06,2.54884176e-06
2.6880,8.79137614e-06,2.54933745e-06,2.54933852e-06
2.6890,8.80081734e-06,2.54983399e-06,2.54983507e-06
2.6900,8.81025206e-06,2.55033032e-06,2.55033139e-06
2.6910,8.81968021e-06,2.55082642e-06,2.55082750e-06
2.6920,8.82910170e-06,2.55132232e-06,2.55132339e-06
2.6930,8.83851644e-06,2.55181800e-06,2.55181907e-06
2.6940,8.84792434e-06,2.55231347e-06,2.55231454e-06
2.6950,8.85732534e-06,2.55280873e-06,2.55280981e-06
2.6960,8.86671933e-06,2.55330379e-06,2.55330487e-06
2.6970,8.87610624e-06,2.55379865e-06,2.55379973e-06
2.6980,8.88548599e-06,2.55429330e-06,2.55429438e-06
2.6990,8.89485848e-06,2.55478776e-06,2.55478884e-06
2.7000,8.90422364e-06,2.55528203e-06,2.55528311e-06
2.7010,8.91358139e-06,2.55577610e-06,2.55577718e-06
2.7020,8.92293164e-06,2.55626998e-06,2.55627106e-06
2.7030,8.93227432e-06,2.55676367e-06,2.55676476e-06
2.7040,8.94160933e-06,2.55725718e-06,2.55725826e-06
2.7050,8.95093661e-06,2.55775050e-06,2.55775159e-06
2.7060,8.96025607e-06,2.55824365e-06,2.55824473e-06
2.7070,8.96956764e-06,2.55873661e-06,2.55873770e-06
2.7080,8.97887123e-06,2.55922940e-06,2.55923049e-06
2.7090,8.98816677e-06,2.55972202e-06,2.55972311e-06
2.7100,8.99745417e-06,2.56021447e-06,2.56021556e-06
2.7110,9.00673337e-06,2.56070675e-06,2.56070784e-06
2.7120,9.01600428e-06,2.56119886e-06,2.56119995e-06
2.7130,9.02526683e-06,2.56169081e-06,2.56169191e-06
2.7140,9.03452094e-06,2.56218260e-06,2.56218370e-06
2.7150,9.04376654e-06,2.56267423e-06,2.56267533e-06
2.7160,9.05300354e-06,2.56316571e-06,2.56316681e-06
2.7170,9.06223189e-06,2.56365704e-06,2.56365814e-06
2.7180,9.07145150e-06,2.56414822e-06,2.56414931e-06
2.7190,9.08066230e-06,2.56463924e-06,2.56464034e-06
2.7200,9.08986422e-06,2.56513013e-06,2.56513123e-06
2.7210,9.09905719e-06,2.56562087e-06,2.56562197e-06
2.7220,9.10824113e-06,2.56611147e-06,2.56611258e-06
2.7230,9.11741597e-06,2.56660194e-06,2.56660305e-06
2.7240,9.12658164e-06,2.56709227e-06,2.56709338e-06
2.7250,9.13573807e-06,2.56758248e-06,2.56758358e-06
2.7260,9.14488519e-06,2.56807255e-06,2.56807366e-06
2.7270,9.15402294e-06,2.56856250e-06,2.56856361e-06
2.7280,9.16315124e-06,2.56905232e-06,2.56905343e-06
2.7290,9.17227003e-06,2.56954203e-06,2.56954314e-06
2.7300,9.18137923e-06,2.57003161e-06,2.57003273e-06
2.7310,9.19047879e-06,2.57052109e-06,2.57052220e-06
2.7320,9.19956863e-06,2.57101045e-06,2.57101156e-06
2.7330,9.20864869e-06,2.57149970e-06,2.57150081e-06
2.7340,9.21771890e-06,2.57198884e-06,2.57198996e-06
2.7350,9.22677921e-06,2.57247789e-06,2.57247900e-06
2.7360,9.23582953e-06,2.57296683e-06,2.57296794e-06
2.7370,9.24486982e-06,2.57345567e-06,2.57345679e-06
2.7380,9.25390000e-06,2.57394442e-06,2.57394554e-06
2.7390,9.26292002e-06,2.57443307e-06,2.57443419e-06
2.7400,9.27192982e-06,2.57492164e-06,2.57492276e-06
2.7410,9.28092932e-06,2.57541012e-06,2.57541124e-06
2.7420,9.28991847e-06,2.57589852e-06,2.57589964e-06
2.7430,9.29889722e-06,2.57638683e-06,2.57638796e-06
2.7440,9.30786549e-06,2.57687507e-06,2.57687620e-06
2.7450,9.31682324e-06,2.57736323e-06,2.57736436e-06
2.7460,9.32577039e-06,2.57785132e-06,2.57785245e-06
2.7470,9.33470691e-06,2.57833935e-06,2.57834048e-06
2.7480,9.34363271e-06,2.57882730e-06,2.57882843e-06
2.7490,9.35254776e-06,2.57931520e-06,2.57931633e-06
2.7500,9.36145199e-06,2.57980303e-06,2.57980416e-06
2.7510,9.37034535e-06,2.58029081e-06,2.58029194e-06
2.7520,9.37922778e-06,2.58077853e-06,2.58077966e-06
2.7530,9.38809923e-06,2.58126620e-06,2.58126734e-06
2.7540,9.39695964e-06,2.58175383e-06,2.58175496e-06
2.7550,9.40580896e-06,2.58224140e-06,2.58224254e-06
2.7560,9.41464714e-06,2.58272894e-06,2.58273008e-06
2.7570,9.42347412e-06,2.58321644e-06,2.58321758e-06
2.7580,9.43228986e-06,2.58370390e-06,2.58370504e-06
2.7590,9.44109430e-06,2.58419133e-06,2.58419247e-06
2.7600,9.44988738e-06,2.58467873e-06,2.58467987e-06
2.7610,9.45866907e-06,2.58516610e-06,2.58516725e-06
2.7620,9.46743931e-06,2.58565345e-06,2.58565460e-06
2.7630,9.47619805e-06,2.58614078e-06,2.58614193e-06
2.7640,9.48494525e-06,2.58662810e-06,2.58662924e-06
2.7650,9.49368085e-06,2.58711539e-06,2.58711654e-06
2.7660,9.50240481e-06,2.58760268e-06,2.58760383e-06
2.7670,9.51111709e-06,2.58808996e-06,2.58809111e-06
2.7680,9.51981763e-06,2.58857724e-06,2.58857839e-06
2.7690,9.52850639e-06,2.58906451e-06,2.58906566e-06
2.7700,9.53718333e-06,2.58955179e-06,2.58955294e-06
2.7710,9.54584840e-06,2.59003907e-06,2.59004022e-06
2.7720,9.55450156e-06,2.59052636e-06,2.59052751e-06
2.7730,9.56314276e-06,2.59101366e-06,2.59101482e-06
2.7740,9.57177196e-06,2.59150098e-06,2.59150213e-06
2.7750,9.58038913e-06,2.59198831e-06,2.59198947e-06
2.7760,9.58899422e-06,2.59247566e-06,2.59247683e-06
2.7770,9.59758718e-06,2.59296304e-06,2.59296421e-06
2.7780,9.60616799e-06,2.59345045e-06,2.59345161e-06
2.7790,9.61473659e-06,2.59393789e-06,2.59393905e-06
2.7800,9.62329295e-06,2.59442536e-06,2.59442653e-06
2.7810,9.63183704e-06,2.59491287e-06,2.59491404e-06
2.7820,9.64036880e-06,2.59540043e-06,2.59540159e-06
2.7830,9.64888822e-06,2.59588802e-06,2.59588919e-06
2.7840,9.65739524e-06,2.59637567e-06,2.59637684e-06
2.7850,9.66588984e-06,2.59686336e-06,2.59686453e-06
2.7860,9.67437197e-06,2.59735111e-06,2.59735229e-06
2.7870,9.68284161e-06,2.59783892e-06,2.59784009e-06
2.7880,9.69129871e-06,2.59832679e-06,2.59832797e-06
2.7890,9.69974325e-06,2.59881472e-06,2.59881590e-06
2.7900,9.70817519e-06,2.59930273e-06,2.59930390e-06
2.7910,9.71659450e-06,2.59979080e-06,2.59979198e-06
2.7920,9.72500114e-06,2.60027895e-06,2.60028013e-06
2.7930,9.73339509e-06,2.60076718e-06,2.60076836e-06
2.7940,9.74177632e-06,2.60125548e-06,2.60125667e-06
2.7950,9.75014479e-06,2.60174388e-06,2.60174506e-06
2.7960,9.75850047e-06,2.60223236e-06,2.60223355e-06
2.7970,9.76684333e-06,2.60272094e-06,2.60272212e-06
2.7980,9.77517335e-06,2.60320961e-06,2.60321079e-06
2.7990,9.78349050e-06,2.60369838e-06,2.60369957e-06
2.8000,9.79179474e-06,2.60418725e-06,2.60418844e-06
2.8010,9.80008606e-06,2.60467623e-06,2.60467742e-06
2.8020,9.80836443e-06,2.60516532e-06,2.60516651e-06
2.8030,9.81662981e-06,2.60565452e-06,2.60565571e-06
2.8040,9.82488219e-06,2.60614384e-06,2.60614503e-06
2.8050,9.83312154e-06,2.60663328e-06,2.60663448e-06
2.8060,9.84134783e-06,2.60712284e-06,2.60712404e-06
2.8070,9.84956105e-06,2.60761254e-06,2.60761373e-06
2.8080,9.85776116e-06,2.60810236e-06,2.60810356e-06
2.8090,9.86594815e-06,2.60859232e-06,2.60859352e-06
2.8100,9.87412200e-06,2.60908241e-06,2.60908361e-06
2.8110,9.88228267e-06,2.60957265e-06,2.60957385e-06
2.8120,9.89043016e-06,2.61006304e-06,2.61006424e-06
2.8130,9.89856443e-06,2.61055357e-06,2.61055477e-06
2.8140,9.90668548e-06,2.61104425e-06,2.61104546e-06
2.8150,9.91479328e-06,2.61153510e-06,2.61153630e-06
2.8160,9.92288781e-06,2.61202610e-06,2.61202731e-06
2.8170,9.93096905e-06,2.61251727e-06,2.61251848e-06
2.8180,9.93903699e-06,2.61300860e-06,2.61300981e-06
2.8190,9.94709161e-06,2.61350011e-06,2.61350132e-06
2.8200,9.95513289e-06,2.61399179e-06,2.61399300e-06
2.8210,9.96316082e-06,2.61448365e-06,2.61448487e-06
2.8220,9.97117538e-06,2.61497569e-06,2.61497691e-06
2.8230,9.97917655e-06,2.61546792e-06,2.61546914e-06
2.8240,9.98716432e-06,2.61596034e-06,2.61596156e-06
2.8250,9.99513868e-06,2.61645295e-06,2.61645417e-06
2.8260,1.00030996e-05,2.61694577e-06,2.61694699e-06
2.8270,1.00110471e-05,2.61743878e-06,2.61744000e-06
2.8280,1.00189811e-05,2.61793199e-06,2.61793322e-06
2.8290,1.00269017e-05,2.61842542e-06,2.61842664e-06
2.8300,1.00348088e-05,2.61891906e-06,2.61892028e-06
2.8310,1.00427024e-05,2.61941291e-06,2.61941414e-06
2.8320,1.00505825e-05,2.61990699e-06,2.61990822e-06
2.8330,1.00584491e-05,2.62040129e-06,2.62040252e-06
2.8340,1.00663022e-05,2.62089582e-06,2.62089705e-06
2.8350,1.00741417e-05,2.62139057e-06,2.62139181e-06
2.8360,1.00819677e-05,2.62188557e-06,2.62188680e-06
2.8370,1.00897802e-05,2.62238080e-06,2.62238204e-06
2.8380,1.00975791e-05,2.62287628e-06,2.62287752e-06
2.8390,1.01053644e-05,2.62337201e-06,2.62337324e-06
2.8400,1.01131362e-05,2.62386798e-06,2.62386922e-06
2.8410,1.01208944e-05,2.62436422e-06,2.62436546e-06
2.8420,1.01286391e-05,2.62486071e-06,2.62486195e-06
2.8430,1.01363701e-05,2.62535746e-06,2.62535870e-06
2.8440,1.01440876e-05,2.62585448e-06,2.62585572e-06
2.8450,1.01517914e-05,2.62635177e-06,2.62635302e-06
2.8460,1.01594817e-05,2.62684934e-06,2.62685058e-06
2.8470,1.01671583e-05,2.62734718e-06,2.62734843e-06
2.8480,1.01748214e-05,2.62784531e-06,2.62784656e-06
2.8490,1.01824709e-05,2.62834372e-06,2.62834497e-06
2.8500,1.01901067e-05,2.62884243e-06,2.62884368e-06
2.8510,1.01977289e-05,2.62934142e-06,2.62934268e-06
2.8520,1.02053376e-05,2.62984072e-06,2.62984198e-06
2.8530,1.02129326e-05,2.63034032e-06,2.63034158e-06
2.8540,1.02205140e-05,2.63084023e-06,2.63084148e-06
2.8550,1.02280817e-05,2.63134044e-06,2.63134170e-06
2.8560,1.02356359e-05,2.63184097e-06,2.63184224e-06
2.8570,1.02431765e-05,2.63234182e-06,2.63234309e-06
2.8580,1.02507034e-05,2.63284300e-06,2.63284426e-06
2.8590,1.02582168e-05,2.63334450e-06,2.63334576e-06
2.8600,1.02657165e-05,2.63384633e-06,2.63384759e-06
2.8610,1.02732026e-05,2.63434849e-06,2.63434976e-06
2.8620,1.02806752e-05,2.63485099e-06,2.63485226e-06
2.8630,1.02881341e-05,2.63535384e-06,2.63535511e-06
2.8640,1.02955795e-05,2.63585703e-06,2.63585830e-06
2.8650,1.03030112e-05,2.63636058e-06,2.63636185e-06
2.8660,1.03104294e-05,2.63686448e-06,2.63686575e-06
2.8670,1.03178340e-05,2.63736873e-06,2.63737001e-06
2.8680,1.03252250e-05,2.63787336e-06,2.63787463e-06
2.8690,1.03326025e-05,2.63837835e-06,2.63837962e-06
2.8700,1.03399664e-05,2.63888371e-06,2.63888499e-06
2.8710,1.03473167e-05,2.63938944e-06,2.63939073e-06
2.8720,1.03546535e-05,2.63989556e-06,2.63989684e-06
2.8730,1.03619767e-05,2.64040206e-06,2.64040335e-06
2.8740,1.03692865e-05,2.64090895e-06,2.64091024e-06
2.8750,1.03765827e-05,2.64141623e-06,2.64141752e-06
2.8760,1.03838654e-05,2.64192391e-06,2.64192520e-06
2.8770,1.03911345e-05,2.64243199e-06,2.64243328e-06
2.8780,1.03983902e-05,2.64294047e-06,2.64294176e-06
2.8790,1.04056324e-05,2.64344936e-06,2.64345065e-06
2.8800,1.04128611e-05,2.64395867e-06,2.64395996e-06
2.8810,1.04200764e-05,2.64446839e-06,2.64446969e-06
2.8820,1.04272782e-05,2.64497854e-06,2.64497983e-06
2.8830,1.04344666e-05,2.64548911e-06,2.64549040e-06
2.8840,1.04416415e-05,2.64600011e-06,2.64600140e-06
2.8850,1.04488030e-05,2.64651154e-06,2.64651284e-06
2.8860,1.04559511e-05,2.64702341e-06,2.64702472e-06
2.8870,1.04630858e-05,2.64753573e-06,2.64753703e-06
2.8880,1.04702071e-05,2.64804849e-06,2.64804980e-06
2.8890,1.04773151e-05,2.64856171e-06,2.64856301e-06
2.8900,1.04844096e-05,2.64907537e-06,2.64907668e-06
2.8910,1.04914909e-05,2.64958950e-06,2.64959081e-06
2.8920,1.04985588e-05,2.65010410e-06,2.65010541e-06
2.8930,1.05056134e-05,2.65061916e-06,2.65062047e-06
2.8940,1.05126548e-05,2.65113469e-06,2.65113601e-06
2.8950,1.05196828e-05,2.65165070e-06,2.65165202e-06
2.8960,1.05266976e-05,2.65216719e-06,2.65216851e-06
2.8970,1.05336991e-05,2.65268417e-06,2.65268549e-06
2.8980,1.05406873e-05,2.65320164e-06,2.65320296e-06
2.8990,1.05476624e-05,2.65371960e-06,2.65372092e-06
2.9000,1.05546243e-05,2.65423806e-06,2.65423938e-06
2.9010,1.05615729e-05,2.65475702e-06,2.65475834e-06
2.9020,1.05685085e-05,2.65527649e-06,2.65527781e-06
2.9030,1.05754308e-05,2.65579647e-06,2.65579780e-06
2.9040,1.05823400e-05,2.65631696e-06,2.65631829e-06
2.9050,1.05892362e-05,2.65683798e-06,2.65683931e-06
2.9060,1.05961192e-05,2.65735952e-06,2.65736085e-06
2.9070,1.06029891e-05,2.65788159e-06,2.65788292e-06
2.9080,1.06098460e-05,2.65840419e-06,2.65840552e-06
2.9090,1.06166899e-05,2.65892733e-06,2.65892866e-06
2.9100,1.06235207e-05,2.65945101e-06,2.65945234e-06
2.9110,1.06303385e-05,2.65997523e-06,2.65997657e-06
2.9120,1.06371434e-05,2.66050001e-06,2.66050135e-06
2.9130,1.06439353e-05,2.66102534e-06,2.66102668e-06
2.9140,1.06507142e-05,2.66155123e-06,2.66155257e-06
2.9150,1.06574803e-05,2.66207768e-06,2.66207903e-06
2.9160,1.06642334e-05,2.66260470e-06,2.66260605e-06
2.9170,1.06709737e-05,2.66313230e-06,2.66313365e-06
2.9180,1.06777012e-05,2.66366047e-06,2.66366182e-06
2.9190,1.06844158e-05,2.66418922e-06,2.66419057e-06
2.9200,1.06911176e-05,2.66471856e-06,2.66471991e-06
2.9210,1.06978066e-05,2.66524848e-06,2.66524984e-06
2.9220,1.07044828e-05,2.66577900e-06,2.66578036e-06
2.9230,1.07111463e-05,2.66631012e-06,2.66631148e-06
2.9240,1.07177971e-05,2.66684184e-06,2.66684320e-06
2.9250,1.07244353e-05,2.66737417e-06,2.66737553e-06
2.9260,1.07310607e-05,2.66790711e-06,2.66790848e-06
2.9270,1.07376735e-05,2.66844067e-06,2.66844204e-06
2.9280,1.07442737e-05,2.66897485e-06,2.66897622e-06
2.9290,1.07508613e-05,2.66950965e-06,2.66951102e-06
2.9300,1.07574363e-05,2.67004509e-06,2.67004646e-06
2.9310,1.07639987e-05,2.67058115e-06,2.67058252e-06
2.9320,1.07705487e-05,2.67111786e-06,2.67111923e-06
2.9330,1.07770861e-05,2.67165521e-06,2.67165658e-06
2.9340,1.07836111e-05,2.67219320e-06,2.67219458e-06
2.9350,1.07901236e-05,2.67273185e-06,2.67273323e-06
2.9360,1.07966238e-05,2.67327115e-06,2.67327253e-06
2.9370,1.08031115e-05,2.67381112e-06,2.67381250e-06
2.9380,1.08095868e-05,2.67435174e-06,2.67435313e-06
2.9390,1.08160499e-05,2.67489304e-06,2.67489443e-06
2.9400,1.08225006e-05,2.67543502e-06,2.67543640e-06
2.9410,1.08289390e-05,2.67597767e-06,2.67597905e-06
2.9420,1.08353651e-05,2.67652100e-06,2.67652239e-06
2.9430,1.08417791e-05,2.67706502e-06,2.67706641e-06
2.9440,1.08481808e-05,2.67760973e-06,2.67761112e-06
2.9450,1.08545703e-05,2.67815514e-06,2.67815653e-06
2.9460,1.08609477e-05,2.67870125e-06,2.67870264e-06
2.9470,1.08673130e-05,2.67924807e-06,2.67924946e-06
2.9480,1.08736662e-05,2.67979559e-06,2.67979699e-06
2.9490,1.08800073e-05,2.68034383e-06,2.68034523e-06
2.9500,1.08863363e-05,2.68089279e-06,2.68089418e-06
2.9510,1.08926534e-05,2.68144246e-06,2.68144387e-06
2.9520,1.08989585e-05,2.68199287e-06,2.68199427e-06
2.9530,1.09052516e-05,2.68254401e-06,2.68254542e-06
2.9540,1.09115328e-05,2.68309589e-06,2.68309729e-06
2.9550,1.09178021e-05,2.68364850e-06,2.68364991e-06
2.9560,1.09240596e-05,2.68420187e-06,2.68420328e-06
2.9570,1.09303052e-05,2.68475598e-06,2.68475739e-06
2.9580,1.09365390e-05,2.68531084e-06,2.68531226e-06
2.9590,1.09427610e-05,2.68586647e-06,2.68586788e-06
2.9600,1.09489713e-05,2.68642286e-06,2.68642427e-06
2.9610,1.09551699e-05,2.68698001e-06,2.68698143e-06
2.9620,1.09613568e-05,2.68753794e-06,2.68753936e-06
2.9630,1.09675320e-05,2.68809665e-06,2.68809807e-06
2.9640,1.09736956e-05,2.68865613e-06,2.68865756e-06
2.9650,1.09798476e-05,2.68921641e-06,2.68921783e-06
2.9660,1.09859880e-05,2.68977747e-06,2.68977889e-06
2.9670,1.09921170e-05,2.69033933e-06,2.69034075e-06
2.9680,1.09982344e-05,2.69090198e-06,2.69090341e-06
2.9690,1.10043403e-05,2.69146544e-06,2.69146687e-06
2.9700,1.10104348e-05,2.69202971e-06,2.69203114e-06
2.9710,1.10165179e-05,2.69259479e-06,2.69259622e-06
2.9720,1.10225896e-05,2.69316069e-06,2.69316212e-06
2.9730,1.10286500e-05,2.69372741e-06,2.69372884e-06
2.9740,1.10346990e-05,2.69429495e-06,2.69429639e-06
2.9750,1.10407368e-05,2.69486333e-06,2.69486477e-06
2.9760,1.10467633e-05,2.69543254e-06,2.69543398e-06
2.9770,1.10527786e-05,2.69600259e-06,2.69600403e-06
2.9780,1.10587827e-05,2.69657348e-06,2.69657492e-06
2.9790,1.10647756e-05,2.69714522e-06,2.69714667e-06
2.9800,1.10707574e-05,2.69771781e-06,2.69771926e-06
2.9810,1.10767281e-05,2.69829127e-06,2.69829272e-06
2.9820,1.10826878e-05,2.69886558e-06,2.69886703e-06
2.9830,1.10886365e-05,2.69944076e-06,2.69944221e-06
2.9840,1.10945741e-05,2.70001681e-06,2.70001827e-06
2.9850,1.11005008e-05,2.70059374e-06,2.70059519e-06
2.9860,1.11064165e-05,2.70117154e-06,2.70117300e-06
2.9870,1.11123214e-05,2.70175023e-06,2.70175169e-06
2.9880,1.11182154e-05,2.70232981e-06,2.70233127e-06
2.9890,1.11240985e-05,2.70291028e-06,2.70291174e-06
2.9900,1.11299709e-05,2.70349164e-06,2.70349311e-06
2.9910,1.11358325e-05,2.70407391e-06,2.70407538e-06
2.9920,1.11416833e-05,2.70465709e-06,2.70465856e-06
2.9930,1.11475235e-05,2.70524118e-06,2.70524265e-06
2.9940,1.11533530e-05,2.70582618e-06,2.70582765e-06
2.9950,1.11591718e-05,2.70641210e-06,2.70641357e-06
2.9960,1.11649801e-05,2.70699894e-06,2.70700042e-06
2.9970,1.11707778e-05,2.70758672e-06,2.70758820e-06
2.9980,1.11765649e-05,2.70817542e-06,2.70817690e-06
2.9990,1.11823416e-05,2.70876507e-06,2.70876655e-06
3.0000,1.11881077e-05,2.70935565e-06,2.70935714e-06
3.0010,1.11938635e-05,2.70994719e-06,2.70994867e-06
3.0020,1.11996088e-05,2.71053967e-06,2.71054115e-06
3.0030,1.12053438e-05,2.71113310e-06,2.71113459e-06
3.0040,1.12110685e-05,2.71172750e-06,2.71172899e-06
3.0050,1.12167828e-05,2.71232286e-06,2.71232435e-06
3.0060,1.12224869e-05,2.71291919e-06,2.71292068e-06
3.0070,1.12281807e-05,2.71351649e-06,2.71351798e-06
3.0080,1.12338644e-05,2.71411477e-06,2.71411626e-06
3.0090,1.12395378e-05,2.71471403e-06,2.71471553e-06
3.0100,1.12452012e-05,2.71531427e-06,2.71531577e-06
3.0110,1.12508544e-05,2.71591551e-06,2.71591701e-06
3.0120,1.12564976e-05,2.71651774e-06,2.71651924e-06
3.0130,1.12621308e-05,2.71712097e-06,2.71712247e-06
3.0140,1.12677539e-05,2.71772520e-06,2.71772670e-06
3.0150,1.12733671e-05,2.71833044e-06,2.71833194e-06
3.0160,1.12789704e-05,2.71893669e-06,2.71893820e-06
3.0170,1.12845638e-05,2.71954395e-06,2.71954547e-06
3.0180,1.12901473e-05,2.72015224e-06,2.72015375e-06
3.0190,1.12957210e-05,2.72076155e-06,2.72076307e-06
3.0200,1.13012849e-05,2.72137190e-06,2.72137341e-06
3.0210,1.13068390e-05,2.72198327e-06,2.72198479e-06
3.0220,1.13123834e-05,2.72259569e-06,2.72259721e-06
3.0230,1.13179181e-05,2.72320914e-06,2.72321066e-06
3.0240,1.13234432e-05,2.72382364e-06,2.72382517e-06
3.0250,1.13289586e-05,2.72443920e-06,2.72444072e-06
3.0260,1.13344644e-05,2.72505581e-06,2.72505733e-06
3.0270,1.13399607e-05,2.72567347e-06,2.72567500e-06
3.0280,1.13454475e-05,2.72629221e-06,2.72629374e-06
3.0290,1.13509248e-05,2.72691201e-06,2.72691354e-06
3.0300,1.13563926e-05,2.72753288e-06,2.72753441e-06
3.0310,1.13618510e-05,2.72815483e-06,2.72815636e-06
3.0320,1.13673000e-05,2.72877786e-06,2.72877940e-06
3.0330,1.13727397e-05,2.72940197e-06,2.72940351e-06
3.0340,1.13781700e-05,2.73002718e-06,2.73002872e-06
3.0350,1.13835911e-05,2.73065348e-06,2.73065502e-06
3.0360,1.13890029e-05,2.73128087e-06,2.73128242e-06
3.0370,1.13944055e-05,2.73190937e-06,2.73191092e-06
3.0380,1.13997989e-05,2.73253898e-06,2.73254052e-06
3.0390,1.14051832e-05,2.73316969e-06,2.73317124e-06
3.0400,1.14105583e-05,2.73380152e-06,2.73380307e-06
3.0410,1.14159244e-05,2.73443447e-06,2.73443602e-06
3.0420,1.14212814e-05,2.73506854e-06,2.73507010e-06
3.0430,1.14266294e-05,2.73570374e-06,2.73570530e-06
3.0440,1.14319684e-05,2.73634007e-06,2.73634163e-06
3.0450,1.14372985e-05,2.73697754e-06,2.73697910e-06
3.0460,1.14426197e-05,2.73761615e-06,2.73761771e-06
3.0470,1.14479320e-05,2.73825590e-06,2.73825746e-06
3.0480,1.14532354e-05,2.73889680e-06,2.73889836e-06
3.0490,1.14585300e-05,2.73953885e-06,2.73954042e-06
3.0500,1.14638159e-05,2.74018206e-06,2.74018363e-06
3.0510,1.14690930e-05,2.74082643e-06,2.74082800e-06
3.0520,1.14743613e-05,2.74147196e-06,2.74147353e-06
3.0530,1.14796211e-05,2.74211866e-06,2.74212024e-06
3.0540,1.14848721e-05,2.74276654e-06,2.74276812e-06
3.0550,1.14901146e-05,2.74341559e-06,2.74341717e-06
3.0560,1.14953484e-05,2.74406583e-06,2.74406741e-06
3.0570,1.15005737e-05,2.74471725e-06,2.74471883e-06
3.0580,1.15057906e-05,2.74536986e-06,2.74537144e-06
3.0590,1.15109989e-05,2.74602366e-06,2.74602524e-06
3.0600,1.15161988e-05,2.74667866e-06,2.74668025e-06
3.0610,1.15213902e-05,2.74733486e-06,2.74733645e-06
3.0620,1.15265733e-05,2.74799227e-06,2.74799386e-06
3.0630,1.15317480e-05,2.74865089e-06,2.74865248e-06
3.0640,1.15369145e-05,2.74931072e-06,2.74931231e-06
3.0650,1.15420726e-05,2.74997176e-06,2.74997336e-06
3.0660,1.15472225e-05,2.75063403e-06,2.75063563e-06
3.0670,1.15523641e-05,2.75129753e-06,2.75129913e-06
3.0680,1.15574976e-05,2.75196225e-06,2.75196386e-06
3.0690,1.15626229e-05,2.75262821e-06,2.75262982e-06
3.0700,1.15677401e-05,2.75329541e-06,2.75329701e-06
3.0710,1.15728493e-05,2.75396385e-06,2.75396545e-06
3.0720,1.15779503e-05,2.75463353e-06,2.75463514e-06
3.0730,1.15830434e-05,2.75530446e-06,2.75530607e-06
3.0740,1.15881284e-05,2.75597665e-06,2.75597826e-06
3.0750,1.15932055e-05,2.75665009e-06,2.75665171e-06
3.0760,1.15982746e-05,2.75732480e-06,2.75732641e-06
3.0770,1.16033359e-05,2.75800077e-06,2.75800238e-06
3.0780,1.16083893e-05,2.75867801e-06,2.75867962e-06
3.0790,1.16134349e-05,2.75935652e-06,2.75935814e-06
3.0800,1.16184726e-05,2.76003630e-06,2.76003793e-06
3.0810,1.16235026e-05,2.76071737e-06,2.76071900e-06
3.0820,1.16285249e-05,2.76139973e-06,2.76140135e-06
3.0830,1.16335394e-05,2.76208337e-06,2.76208499e-06
3.0840,1.16385463e-05,2.76276830e-06,2.76276993e-06
3.0850,1.16435455e-05,2.76345453e-06,2.76345616e-06
3.0860,1.16485371e-05,2.76414206e-06,2.76414369e-06
3.0870,1.16535212e-05,2.76483089e-06,2.76483252e-06
3.0880,1.16584977e-05,2.76552103e-06,2.76552266e-06
3.0890,1.16634666e-05,2.76621248e-06,2.76621411e-06
3.0900,1.16684281e-05,2.76690524e-06,2.76690688e-06
3.0910,1.16733821e-05,2.76759932e-06,2.76760097e-06
3.0920,1.16783287e-05,2.76829473e-06,2.76829637e-06
3.0930,1.16832679e-05,2.76899146e-06,2.76899310e-06
3.0940,1.16881998e-05,2.76968952e-06,2.76969117e-06
3.0950,1.16931243e-05,2.77038891e-06,2.77039056e-06
3.0960,1.16980414e-05,2.77108964e-06,2.77109129e-06
3.0970,1.17029514e-05,2.77179171e-06,2.77179337e-06
3.0980,1.17078540e-05,2.77249513e-06,2.77249678e-06
3.0990,1.17127495e-05,2.77319989e-06,2.77320155e-06
3.1000,1.17176378e-05,2.77390601e-06,2.77390767e-06
3.1010,1.17225189e-05,2.77461348e-06,2.77461514e-06
3.1020,1.17273929e-05,2.77532231e-06,2.77532397e-06
3.1030,1.17322598e-05,2.77603250e-06,2.77603416e-06
3.1040,1.17371196e-05,2.77674405e-06,2.77674572e-06
3.1050,1.17419724e-05,2.77745698e-06,2.77745865e-06
3.1060,1.17468182e-05,2.77817128e-06,2.77817295e-06
3.1070,1.17516570e-05,2.77888696e-06,2.77888863e-06
3.1080,1.17564888e-05,2.77960401e-06,2.77960568e-06
3.1090,1.17613138e-05,2.78032245e-06,2.78032413e-06
3.1100,1.17661318e-05,2.78104228e-06,2.78104395e-06
3.1110,1.17709430e-05,2.78176350e-06,2.78176517e-06
3.1120,1.17757474e-05,2.78248611e-06,2.78248779e-06
3.1130,1.17805449e-05,2.78321012e-06,2.78321180e-06
3.1140,1.17853357e-05,2.78393553e-06,2.78393721e-06
3.1150,1.17901197e-05,2.78466234e-06,2.78466403e-06
3.1160,1.17948970e-05,2.78539056e-06,2.78539225e-06
3.1170,1.17996676e-05,2.78612020e-06,2.78612189e-06
3.1180,1.18044315e-05,2.78685125e-06,2.78685294e-06
3.1190,1.18091889e-05,2.78758371e-06,2.78758541e-06
3.1200,1.18139396e-05,2.78831760e-06,2.78831930e-06
3.1210,1.18186837e-05,2.78905291e-06,2.78905461e-06
3.1220,1.18234212e-05,2.78978965e-06,2.78979135e-06
3.1230,1.18281523e-05,2.79052783e-06,2.79052953e-06
3.1240,1.18328768e-05,2.79126743e-06,2.79126914e-06
3.1250,1.18375949e-05,2.79200848e-06,2.79201018e-06
3.1260,1.18423065e-05,2.79275097e-06,2.79275267e-06
3.1270,1.18470117e-05,2.79349490e-06,2.79349661e-06
3.1280,1.18517106e-05,2.79424028e-06,2.79424199e-06
3.1290,1.18564030e-05,2.79498711e-06,2.79498882e-06
3.1300,1.18610891e-05,2.79573539e-06,2.79573710e-06
3.1310,1.18657689e-05,2.79648513e-06,2.79648685e-06
3.1320,1.18704425e-05,2.79723634e-06,2.79723805e-06
3.1330,1.18751097e-05,2.79798900e-06,2.79799072e-06
3.1340,1.18797708e-05,2.79874314e-06,2.79874486e-06
3.1350,1.18844256e-05,2.79949874e-06,2.79950046e-06
3.1360,1.18890742e-05,2.80025582e-06,2.80025754e-06
3.1370,1.18937167e-05,2.80101437e-06,2.80101610e-06
3.1380,1.18983531e-05,2.80177441e-06,2.80177614e-06
3.1390,1.19029834e-05,2.80253592e-06,2.80253765e-06
3.1400,1.19076075e-05,2.80329893e-06,2.80330066e-06
3.1410,1.19122257e-05,2.80406342e-06,2.80406515e-06
3.1420,1.19168378e-05,2.80482940e-06,2.80483114e-06
3.1430,1.19214439e-05,2.80559688e-06,2.80559862e-06
3.1440,1.19260440e-05,2.80636586e-06,2.80636760e-06
3.1450,1.19306382e-05,2.80713633e-06,2.80713807e-06
3.1460,1.19352264e-05,2.80790832e-06,2.80791006e-06
3.1470,1.19398087e-05,2.80868180e-06,2.80868355e-06
3.1480,1.19443852e-05,2.80945680e-06,2.80945855e-06
3.1490,1.19489558e-05,2.81023331e-06,2.81023506e-06
3.1500,1.19535205e-05,2.81101134e-06,2.81101309e-06
3.1510,1.19580795e-05,2.81179088e-06,2.81179264e-06
3.1520,1.19626327e-05,2.81257195e-06,2.81257370e-06
3.1530,1.19671801e-05,2.81335454e-06,2.81335630e-06
3.1540,1.19717217e-05,2.81413866e-06,2.81414042e-06
3.1550,1.19762577e-05,2.81492431e-06,2.81492607e-06
3.1560,1.19807879e-05,2.81571149e-06,2.81571325e-06
3.1570,1.19853125e-05,2.81650021e-06,2.81650197e-06
3.1580,1.19898315e-05,2.81729047e-06,2.81729223e-06
3.1590,1.19943448e-05,2.81808226e-06,2.81808403e-06
3.1600,1.19988525e-05,2.81887560e-06,2.81887737e-06
3.1610,1.20033547e-05,2.81967049e-06,2.81967226e-06
3.1620,1.20078513e-05,2.82046693e-06,2.82046870e-06
3.1630,1.20123423e-05,2.82126492e-06,2.82126669e-06
3.1640,1.20168279e-05,2.82206447e-06,2.82206624e-06
3.1650,1.20213079e-05,2.82286557e-06,2.82286735e-06
3.1660,1.20257825e-05,2.82366823e-06,2.82367001e-06
3.1670,1.20302516e-05,2.82447246e-06,2.82447424e-06
3.1680,1.20347153e-05,2.82527825e-06,2.82528003e-06
3.1690,1.20391736e-05,2.82608561e-06,2.82608739e-06
3.1700,1.20436265e-05,2.82689454e-06,2.82689633e-06
3.1710,1.20480741e-05,2.82770504e-06,2.82770683e-06
3.1720,1.20525163e-05,2.82851712e-06,2.82851891e-06
3.1730,1.20569532e-05,2.82933078e-06,2.82933257e-06
3.1740,1.20613848e-05,2.83014602e-06,2.83014782e-06
3.1750,1.20658111e-05,2.83096284e-06,2.83096464e-06
3.1760,1.20702322e-05,2.83178125e-06,2.83178305e-06
3.1770,1.20746480e-05,2.83260125e-06,2.83260305e-06
3.1780,1.20790585e-05,2.83342284e-06,2.83342464e-06
3.1790,1.20834639e-05,2.83424602e-06,2.83424782e-06
3.1800,1.20878641e-05,2.83507080e-06,2.83507260e-06
3.1810,1.20922592e-05,2.83589718e-06,2.83589898e-06
3.1820,1.20966491e-05,2.83672515e-06,2.83672696e-06
3.1830,1.21010338e-05,2.83755473e-06,2.83755654e-06
3.1840,1.21054135e-05,2.83838592e-06,2.83838773e-06
3.1850,1.21097881e-05,2.83921871e-06,2.83922052e-06
3.1860,1.21141576e-05,2.84005311e-06,2.84005493e-06
3.1870,1.21185220e-05,2.84088913e-06,2.84089094e-06
3.1880,1.21228815e-05,2.84172676e-06,2.84172858e-06
3.1890,1.21272359e-05,2.84256600e-06,2.84256782e-06
3.1900,1.21315853e-05,2.84340687e-06,2.84340869e-06
3.1910,1.21359297e-05,2.84424936e-06,2.84425118e-06
3.1920,1.21402692e-05,2.84509347e-06,2.84509529e-06
3.1930,1.21446037e-05,2.84593920e-06,2.84594103e-06
3.1940,1.21489333e-05,2.84678657e-06,2.84678840e-06
3.1950,1.21532580e-05,2.84763556e-06,2.84763739e-06
3.1960,1.21575778e-05,2.84848619e-06,2.84848802e-06
3.1970,1.21618928e-05,2.84933845e-06,2.84934028e-06
3.1980,1.21662028e-05,2.85019234e-06,2.85019418e-06
3.1990,1.21705080e-05,2.85104788e-06,2.85104972e-06
3.2000,1.21748084e-05,2.85190506e-06,2.85190690e-06
3.2010,1.21791040e-05,2.85276388e-06,2.85276572e-06
3.2020,1.21833948e-05,2.85362434e-06,2.85362618e-06
3.2030,1.21876808e-05,2.85448645e-06,2.85448830e-06
3.2040,1.21919621e-05,2.85535021e-06,2.85535206e-06
3.2050,1.21962386e-05,2.85621562e-06,2.85621747e-06
3.2060,1.22005104e-05,2.85708268e-06,2.85708453e-06
3.2070,1.22047774e-05,2.85795140e-06,2.85795325e-06
3.2080,1.22090398e-05,2.85882177e-06,2.85882363e-06
3.2090,1.22132974e-05,2.85969380e-06,2.85969566e-06
3.2100,1.22175504e-05,2.86056749e-06,2.86056935e-06
3.2110,1.22217987e-05,2.86144285e-06,2.86144471e-06
3.2120,1.22260424e-05,2.86231987e-06,2.86232173e-06
3.2130,1.22302814e-05,2.86319855e-06,2.86320042e-06
3.2140,1.22345159e-05,2.86407890e-06,2.86408077e-06
3.2150,1.22387457e-05,2.86496092e-06,2.86496279e-06
3.2160,1.22429709e-05,2.86584462e-06,2.86584649e-06
3.2170,1.22471916e-05,2.86672998e-06,2.86673185e-06
3.2180,1.22514077e-05,2.86761702e-06,2.86761890e-06
3.2190,1.22556192e-05,2.86850574e-06,2.86850762e-06
3.2200,1.22598262e-05,2.86939614e-06,2.86939801e-06
3.2210,1.22640287e-05,2.87028821e-06,2.87029009e-06
3.2220,1.22682267e-05,2.87118197e-06,2.87118385e-06
3.2230,1.22724201e-05,2.87207741e-06,2.87207929e-06
3.2240,1.22766091e-05,2.87297453e-06,2.87297642e-06
3.2250,1.22807936e-05,2.87387334e-06,2.87387523e-06
3.2260,1.22849736e-05,2.87477384e-06,2.87477573e-06
3.2270,1.22891492e-05,2.87567603e-06,2.87567792e-06
3.2280,1.22933203e-05,2.87657991e-06,2.87658180e-06
3.2290,1.22974870e-05,2.87748548e-06,2.87748737e-06
3.2300,1.23016492e-05,2.87839275e-06,2.87839464e-06
3.2310,1.23058071e-05,2.87930171e-06,2.87930361e-06
3.2320,1.23099606e-05,2.88021237e-06,2.88021427e-06
3.2330,1.23141096e-05,2.88112473e-06,2.88112663e-06
3.2340,1.23182543e-05,2.88203879e-06,2.88204069e-06
3.2350,1.23223946e-05,2.88295455e-06,2.88295645e-06
3.2360,1.23265306e-05,2.88387201e-06,2.88387391e-06
3.2370,1.23306622e-05,2.88479117e-06,2.88479308e-06
3.2380,1.23347895e-05,2.88571205e-06,2.88571396e-06
3.2390,1.23389124e-05,2.88663463e-06,2.88663654e-06
3.2400,1.23430310e-05,2.88755891e-06,2.88756083e-06
3.2410,1.23471453e-05,2.88848491e-06,2.88848683e-06
3.2420,1.23512553e-05,2.88941262e-06,2.88941454e-06
3.2430,1.23553610e-05,2.89034204e-06,2.89034396e-06
3.2440,1.23594624e-05,2.89127318e-06,2.89127509e-06
3.2450,1.23635595e-05,2.89220602e-06,2.89220795e-06
3.2460,1.23676524e-05,2.89314059e-06,2.89314251e-06
3.2470,1.23717410e-05,2.89407687e-06,2.89407880e-06
3.2480,1.23758253e-05,2.89501487e-06,2.89501680e-06
3.2490,1.23799054e-05,2.89595459e-06,2.89595652e-06
3.2500,1.23839813e-05,2.89689603e-06,2.89689796e-06
3.2510,1.23880529e-05,2.89783919e-06,2.89784113e-06
3.2520,1.23921202e-05,2.89878408e-06,2.89878601e-06
3.2530,1.23961834e-05,2.89973069e-06,2.89973262e-06
3.2540,1.24002423e-05,2.90067902e-06,2.90068096e-06
3.2550,1.24042971e-05,2.90162908e-06,2.90163102e-06
3.2560,1.24083476e-05,2.90258087e-06,2.90258281e-06
3.2570,1.24123939e-05,2.90353439e-06,2.90353633e-06
3.2580,1.24164361e-05,2.90448963e-06,2.90449158e-06
3.2590,1.24204740e-05,2.90544661e-06,2.90544855e-06
3.2600,1.24245078e-05,2.90640531e-06,2.90640726e-06
3.2610,1.24285374e-05,2.90736575e-06,2.90736770e-06
3.2620,1.24325628e-05,2.90832792e-06,2.90832987e-06
3.2630,1.24365840e-05,2.90929183e-06,2.90929378e-06
3.2640,1.24406011e-05,2.91025747e-06,2.91025942e-06
3.2650,1.24446141e-05,2.91122484e-06,2.91122680e-06
3.2660,1.24486228e-05,2.91219395e-06,2.91219591e-06
3.2670,1.24526275e-05,2.91316480e-06,2.91316676e-06
3.2680,1.24566279e-05,2.91413739e-06,2.91413935e-06
3.2690,1.24606243e-05,2.91511171e-06,2.91511368e-06
3.2700,1.24646165e-05,2.91608778e-06,2.91608974e-06
3.2710,1.24686045e-05,2.91706558e-06,2.91706755e-06
3.2720,1.24725885e-05,2.91804513e-06,2.91804710e-06
3.2730,1.24765683e-05,2.91902642e-06,2.91902839e-06
3.2740,1.24805439e-05,2.92000945e-06,2.92001142e-06
3.2750,1.24845155e-05,2.92099422e-06,2.92099620e-06
3.2760,1.24884829e-05,2.92198074e-06,2.92198272e-06
3.2770,1.24924462e-05,2.92296901e-06,2.92297098e-06
3.2780,1.24964054e-05,2.92395901e-06,2.92396099e-06
3.2790,1.25003604e-05,2.92495077e-06,2.92495275e-06
3.2800,1.25043113e-05,2.92594427e-06,2.92594625e-06
3.2810,1.25082582e-05,2.92693951e-06,2.92694150e-06
3.2820,1.25122009e-05,2.92793651e-06,2.92793849e-06
3.2830,1.25161395e-05,2.92893525e-06,2.92893724e-06
3.2840,1.25200739e-05,2.92993574e-06,2.92993773e-06
3.2850,1.25240043e-05,2.93093798e-06,2.93093997e-06
3.2860,1.25279305e-05,2.93194197e-06,2.93194396e-06
3.2870,1.25318527e-05,2.93294771e-06,2.93294971e-06
3.2880,1.25357707e-05,2.93395520e-06,2.93395720e-06
3.2890,1.25396846e-05,2.93496444e-06,2.93496644e-06
3.2900,1.25435944e-05,2.93597543e-06,2.93597743e-06
3.2910,1.25475000e-05,2.93698818e-06,2.93699018e-06
3.2920,1.25514016e-05,2.93800267e-06,2.93800467e-06
3.2930,1.25552990e-05,2.93901892e-06,2.93902092e-06
3.2940,1.25591923e-05,2.94003692e-06,2.94003893e-06
3.2950,1.25630815e-05,2.94105667e-06,2.94105868e-06
3.2960,1.25669666e-05,2.94207818e-06,2.94208019e-06
3.2970,1.25708475e-05,2.94310144e-06,2.94310345e-06
3.2980,1.25747243e-05,2.94412645e-06,2.94412847e-06
3.2990,1.25785970e-05,2.94515322e-06,2.94515524e-06
3.3000,1.25824655e-05,2.94618175e-06,2.94618376e-06
3.3010,1.25863299e-05,2.94721202e-06,2.94721404e-06
3.3020,1.25901902e-05,2.94824405e-06,2.94824608e-06
3.3030,1.25940463e-05,2.94927784e-06,2.94927986e-06
3.3040,1.25978983e-05,2.95031338e-06,2.95031541e-06
3.3050,1.26017461e-05,2.95135068e-06,2.95135271e-06
3.3060,1.26055898e-05,2.95238973e-06,2.95239176e-06
3.3070,1.26094293e-05,2.95343054e-06,2.95343257e-06
3.3080,1.26132647e-05,2.95447310e-06,2.95447513e-06
3.3090,1.26170958e-05,2.95551742e-06,2.95551946e-06
3.3100,1.26209228e-05,2.95656350e-06,2.95656553e-06
3.3110,1.26247457e-05,2.95761133e-06,2.95761336e-06
3.3120,1.26285643e-05,2.95866091e-06,2.95866295e-06
3.3130,1.26323788e-05,2.95971225e-06,2.95971429e-06
3.3140,1.26361890e-05,2.96076535e-06,2.96076739e-06
3.3150,1.26399951e-05,2.96182020e-06,2.96182225e-06
3.3160,1.26437970e-05,2.96287681e-06,2.96287886e-06
3.3170,1.26475946e-05,2.96393518e-06,2.96393722e-06
3.3180,1.26513880e-05,2.96499530e-06,2.96499734e-06
3.3190,1.26551772e-05,2.96605717e-06,2.96605922e-06
3.3200,1.26589622e-05,2.96712080e-06,2.96712285e-06
3.3210,1.26627430e-05,2.96818618e-06,2.96818824e-06
3.3220,1.26665194e-05,2.96925332e-06,2.96925538e-06
3.3230,1.26702917e-05,2.97032222e-06,2.97032428e-06
3.3240,1.26740597e-05,2.97139287e-06,2.97139493e-06
3.3250,1.26778234e-05,2.97246527e-06,2.97246733e-06
3.3260,1.26815828e-05,2.97353943e-06,2.97354149e-06
3.3270,1.26853380e-05,2.97461534e-06,2.97461740e-06
3.3280,1.26890888e-05,2.97569301e-06,2.97569507e-06
3.3290,1.26928354e-05,2.97677242e-06,2.97677449e-06
3.3300,1.26965776e-05,2.97785360e-06,2.97785567e-06
3.3310,1.27003155e-05,2.97893652e-06,2.97893859e-06
3.3320,1.27040491e-05,2.98002120e-06,2.98002327e-06
3.3330,1.27077784e-05,2.98110763e-06,2.98110970e-06
3.3340,1.27115033e-05,2.98219581e-06,2.98219788e-06
3.3350,1.27152238e-05,2.98328574e-06,2.98328782e-06
3.3360,1.27189400e-05,2.98437742e-06,2.98437950e-06
3.3370,1.27226518e-05,2.98547086e-06,2.98547294e-06
3.3380,1.27263592e-05,2.98656604e-06,2.98656812e-06
3.3390,1.27300622e-05,2.98766298e-06,2.98766506e-06
3.3400,1.27337608e-05,2.98876166e-06,2.98876374e-06
3.3410,1.27374550e-05,2.98986209e-06,2.98986418e-06
3.3420,1.27411448e-05,2.99096427e-06,2.99096636e-06
3.3430,1.27448301e-05,2.99206820e-06,2.99207029e-06
3.3440,1.27485110e-05,2.99317388e-06,2.99317597e-06
3.3450,1.27521873e-05,2.99428130e-06,2.99428339e-06
3.3460,1.27558592e-05,2.99539047e-06,2.99539256e-06
3.3470,1.27595267e-05,2.99650138e-06,2.99650348e-06
3.3480,1.27631896e-05,2.99761404e-06,2.99761614e-06
3.3490,1.27668480e-05,2.99872845e-06,2.99873055e-06
3.3500,1.27705018e-05,2.99984460e-06,2.99984670e-06
3.3510,1.27741512e-05,3.00096249e-06,3.00096459e-06
3.3520,1.27777959e-05,3.00208212e-06,3.00208423e-06
3.3530,1.27814361e-05,3.00320350e-06,3.00320561e-06
3.3540,1.27850717e-05,3.00432662e-06,3.00432873e-06
3.3550,1.27887028e-05,3.00545148e-06,3.00545359e-06
3.3560,1.27923292e-05,3.00657808e-06,3.00658019e-06
3.3570,1.27959510e-05,3.00770642e-06,3.00770853e-06
3.3580,1.27995681e-05,3.00883649e-06,3.00883861e-06
3.3590,1.28031806e-05,3.00996831e-06,3.00997043e-06
3.3600,1.28067884e-05,3.01110186e-06,3.01110398e-06
3.3610,1.28103916e-05,3.01223715e-06,3.01223927e-06
3.3620,1.28139900e-05,3.01337417e-06,3.01337630e-06
3.3630,1.28175837e-05,3.01451293e-06,3.01451506e-06
3.3640,1.28211727e-05,3.01565342e-06,3.01565555e-06
3.3650,1.28247570e-05,3.01679565e-06,3.01679778e-06
3.3660,1.28283365e-05,3.01793961e-06,3.01794174e-06
3.3670,1.28319112e-05,3.01908530e-06,3.01908743e-06
3.3680,1.28354811e-05,3.02023272e-06,3.02023485e-06
3.3690,1.28390462e-05,3.02138187e-06,3.02138400e-06
3.3700,1.28426065e-05,3.02253275e-06,3.02253488e-06
3.3710,1.28461619e-05,3.02368535e-06,3.02368749e-06
3.3720,1.28497125e-05,3.02483969e-06,3.02484183e-06
3.3730,1.28532582e-05,3.02599575e-06,3.02599789e-06
3.3740,1.28567990e-05,3.02715353e-06,3.02715567e-06
3.3750,1.28603349e-05,3.02831304e-06,3.02831518e-06
3.3760,1.28638658e-05,3.02947427e-06,3.02947642e-06
3.3770,1.28673919e-05,3.03063722e-06,3.03063937e-06
3.3780,1.28709129e-05,3.03180190e-06,3.03180405e-06
3.3790,1.28744289e-05,3.03296829e-06,3.03297044e-06
3.3800,1.28779400e-05,3.03413641e-06,3.03413856e-06
3.3810,1.28814460e-05,3.03530624e-06,3.03530839e-06
3.3820,1.28849470e-05,3.03647779e-06,3.03647994e-06
3.3830,1.28884429e-05,3.03765105e-06,3.03765321e-06
3.3840,1.28919338e-05,3.03882603e-06,3.03882819e-06
3.3850,1.28954195e-05,3.04000272e-06,3.04000489e-06
3.3860,1.28989001e-05,3.04118113e-06,3.04118329e-06
3.3870,1.29023756e-05,3.04236125e-06,3.04236341e-06
3.3880,1.29058459e-05,3.04354307e-06,3.04354524e-06
3.3890,1.29093111e-05,3.04472661e-06,3.04472878e-06
3.3900,1.29127710e-05,3.04591185e-06,3.04591402e-06
3.3910,1.29162257e-05,3.04709880e-06,3.04710097e-06
3.3920,1.29196752e-05,3.04828746e-06,3.04828963e-06
3.3930,1.29231194e-05,3.04947782e-06,3.04947999e-06
3.3940,1.29265584e-05,3.05066988e-06,3.05067206e-06
3.3950,1.29299920e-05,3.05186365e-06,3.05186583e-06
3.3960,1.29334203e-05,3.05305912e-06,3.05306130e-06
3.3970,1.29368433e-05,3.05425628e-06,3.05425846e-06
3.3980,1.29402609e-05,3.05545515e-06,3.05545733e-06
3.3990,1.29436731e-05,3.05665571e-06,3.05665789e-06
3.4000,1.29470798e-05,3.05785796e-06,3.05786015e-06
3.4010,1.29504812e-05,3.05906191e-06,3.05906410e-06
3.4020,1.29538771e-05,3.06026756e-06,3.06026974e-06
3.4030,1.29572675e-05,3.06147489e-06,3.06147708e-06
3.4040,1.29606524e-05,3.06268392e-06,3.06268611e-06
3.4050,1.29640318e-05,3.06389463e-06,3.06389682e-06
3.4060,1.29674056e-05,3.06510703e-06,3.06510923e-06
3.4070,1.29707739e-05,3.06632112e-06,3.06632332e-06
3.4080,1.29741365e-05,3.06753689e-06,3.06753909e-06
3.4090,1.29774936e-05,3.06875435e-06,3.06875655e-06
3.4100,1.29808450e-05,3.06997349e-06,3.06997569e-06
3.4110,1.29841907e-05,3.07119430e-06,3.07119651e-06
3.4120,1.29875308e-05,3.07241680e-06,3.07241901e-06
3.4130,1.29908651e-05,3.07364098e-06,3.07364318e-06
3.4140,1.29941937e-05,3.07486683e-06,3.07486904e-06
3.4150,1.29975165e-05,3.07609435e-06,3.07609656e-06
3.4160,1.30008336e-05,3.07732355e-06,3.07732576e-06
3.4170,1.30041448e-05,3.07855443e-06,3.07855664e-06
3.4180,1.30074502e-05,3.07978697e-06,3.07978918e-06
3.4190,1.30107498e-05,3.08102118e-06,3.08102339e-06
3.4200,1.30140434e-05,3.08225706e-06,3.08225927e-06
3.4210,1.30173311e-05,3.08349460e-06,3.08349682e-06
3.4220,1.30206129e-05,3.08473381e-06,3.08473603e-06
3.4230,1.30238888e-05,3.08597468e-06,3.08597690e-06
3.4240,1.30271586e-05,3.08721721e-06,3.08721943e-06
3.4250,1.30304224e-05,3.08846140e-06,3.08846362e-06
3.4260,1.30336802e-05,3.08970725e-06,3.08970948e-06
3.4270,1.30369320e-05,3.09095475e-06,3.09095698e-06
3.4280,1.30401776e-05,3.09220392e-06,3.09220614e-06
3.4290,1.30434171e-05,3.09345473e-06,3.09345696e-06
3.4300,1.30466505e-05,3.09470719e-06,3.09470943e-06
3.4310,1.30498777e-05,3.09596131e-06,3.09596354e-06
3.4320,1.30530987e-05,3.09721707e-06,3.09721931e-06
3.4330,1.30563134e-05,3.09847448e-06,3.09847672e-06
3.4340,1.30595220e-05,3.09973354e-06,3.09973578e-06
3.4350,1.30627242e-05,3.10099424e-06,3.10099648e-06
3.4360,1.30659201e-05,3.10225658e-06,3.10225882e-06
3.4370,1.30691097e-05,3.10352056e-06,3.10352280e-06
3.4380,1.30722930e-05,3.10478617e-06,3.10478842e-06
3.4390,1.30754698e-05,3.10605343e-06,3.10605568e-06
3.4400,1.30786402e-05,3.10732232e-06,3.10732457e-06
3.4410,1.30818042e-05,3.10859284e-06,3.10859509e-06
3.4420,1.30849617e-05,3.10986500e-06,3.10986725e-06
3.4430,1.30881128e-05,3.11113878e-06,3.11114103e-06
3.4440,1.30912572e-05,3.11241419e-06,3.11241645e-06
3.4450,1.30943952e-05,3.11369123e-06,3.11369349e-06
3.4460,1.30975265e-05,3.11496989e-06,3.11497215e-06
3.4470,1.31006512e-05,3.11625018e-06,3.11625244e-06
3.4480,1.31037693e-05,3.11753208e-06,3.11753435e-06
3.4490,1.31068808e-05,3.11881561e-06,3.11881787e-06
3.4500,1.31099855e-05,3.12010075e-06,3.12010302e-06
3.4510,1.31130835e-05,3.12138751e-06,3.12138978e-06
3.4520,1.31161747e-05,3.12267588e-06,3.12267815e-06
3.4530,1.31192592e-05,3.12396587e-06,3.12396814e-06
3.4540,1.31223368e-05,3.12525746e-06,3.12525973e-06
3.4550,1.31254076e-05,3.12655066e-06,3.12655294e-06
3.4560,1.31284715e-05,3.12784547e-06,3.12784775e-06
3.4570,1.31315286e-05,3.12914188e-06,3.12914416e-06
3.4580,1.31345786e-05,3.13043990e-06,3.13044218e-06
3.4590,1.31376218e-05,3.13173952e-06,3.13174180e-06
3.4600,1.31406579e-05,3.13304073e-06,3.13304301e-06
3.4610,1.31436871e-05,3.13434354e-06,3.13434583e-06
3.4620,1.31467091e-05,3.13564795e-06,3.13565024e-06
3.4630,1.31497241e-05,3.13695395e-06,3.13695624e-06
3.4640,1.31527320e-05,3.13826155e-06,3.13826383e-06
3.4650,1.31557328e-05,3.13957073e-06,3.13957302e-06
3.4660,1.31587264e-05,3.14088150e-06,3.14088379e-06
3.4670,1.31617128e-05,3.14219385e-06,3.14219614e-06
3.4680,1.31646919e-05,3.14350779e-06,3.14351009e-06
3.4690,1.31676638e-05,3.14482331e-06,3.14482561e-06
3.4700,1.31706284e-05,3.14614041e-06,3.14614271e-06
3.4710,1.31735857e-05,3.14745909e-06,3.14746139e-06
3.4720,1.31765357e-05,3.14877935e-06,3.14878165e-06
3.4730,1.31794783e-05,3.15010117e-06,3.15010348e-06
3.4740,1.31824134e-05,3.15142458e-06,3.15142688e-06
3.4750,1.31853412e-05,3.15274955e-06,3.15275185e-06
3.4760,1.31882614e-05,3.15407608e-06,3.15407839e-06
3.4770,1.31911742e-05,3.15540419e-06,3.15540650e-06
3.4780,1.31940794e-05,3.15673386e-06,3.15673617e-06
3.4790,1.31969771e-05,3.15806509e-06,3.15806740e-06
3.4800,1.31998672e-05,3.15939788e-06,3.15940019e-06
3.4810,1.32027497e-05,3.16073223e-06,3.16073454e-06
3.4820,1.32056245e-05,3.16206814e-06,3.16207045e-06
3.4830,1.32084916e-05,3.16340560e-06,3.16340791e-06
3.4840,1.32113510e-05,3.16474461e-06,3.16474693e-06
3.4850,1.32142027e-05,3.16608517e-06,3.16608749e-06
3.4860,1.32170466e-05,3.16742728e-06,3.16742960e-06
3.4870,1.32198827e-05,3.16877094e-06,3.16877326e-06
3.4880,1.32227110e-05,3.17011614e-06,3.17011846e-06
3.4890,1.32255314e-05,3.17146288e-06,3.17146520e-06
3.4900,1.32283439e-05,3.17281116e-06,3.17281349e-06
3.4910,1.32311485e-05,3.17416098e-06,3.17416331e-06
3.4920,1.32339452e-05,3.17551233e-06,3.17551466e-06
3.4930,1.32367338e-05,3.17686522e-06,3.17686756e-06
3.4940,1.32395144e-05,3.17821964e-06,3.17822198e-06
3.4950,1.32422870e-05,3.17957559e-06,3.17957793e-06
3.4960,1.32450515e-05,3.18093307e-06,3.18093541e-06
3.4970,1.32478079e-05,3.18229207e-06,3.18229441e-06
3.4980,1.32505562e-05,3.18365260e-06,3.18365494e-06
3.4990,1.32532963e-05,3.18501465e-06,3.18501699e-06
3.5000,1.32560282e-05,3.18637821e-06,3.18638056e-06
3.5010,1.32587519e-05,3.18774330e-06,3.18774564e-06
3.5020,1.32614673e-05,3.18910990e-06,3.18911224e-06
3.5030,1.32641744e-05,3.19047801e-06,3.19048036e-06
3.5040,1.32668732e-05,3.19184763e-06,3.19184998e-06
3.5050,1.32695636e-05,3.19321876e-06,3.19322111e-06
3.5060,1.32722457e-05,3.19459140e-06,3.19459375e-06
3.5070,1.32749193e-05,3.19596554e-06,3.19596789e-06
3.5080,1.32775846e-05,3.19734118e-06,3.19734354e-06
3.5090,1.32802413e-05,3.19871833e-06,3.19872068e-06
3.5100,1.32828895e-05,3.20009697e-06,3.20009933e-06
3.5110,1.32855292e-05,3.20147711e-06,3.20147947e-06
3.5120,1.32881604e-05,3.20285874e-06,3.20286110e-06
3.5130,1.32907830e-05,3.20424186e-06,3.20424422e-06
3.5140,1.32933969e-05,3.20562647e-06,3.20562884e-06
3.5150,1.32960022e-05,3.20701257e-06,3.20701494e-06
3.5160,1.32985988e-05,3.20840016e-06,3.20840253e-06
3.5170,1.33011867e-05,3.20978922e-06,3.20979160e-06
3.5180,1.33037659e-05,3.21117977e-06,3.21118215e-06
3.5190,1.33063363e-05,3.21257180e-06,3.21257417e-06
3.5200,1.33088979e-05,3.21396530e-06,3.21396768e-06
3.5210,1.33114507e-05,3.21536028e-06,3.21536266e-06
3.5220,1.33139946e-05,3.21675673e-06,3.21675911e-06
3.5230,1.33165296e-05,3.21815465e-06,3.21815703e-06
3.5240,1.33190557e-05,3.21955404e-06,3.21955642e-06
3.5250,1.33215729e-05,3.22095490e-06,3.22095728e-06
3.5260,1.33240811e-05,3.22235721e-06,3.22235960e-06
3.5270,1.33265804e-05,3.22376099e-06,3.22376338e-06
3.5280,1.33290705e-05,3.22516623e-06,3.22516862e-06
3.5290,1.33315517e-05,3.22657292e-06,3.22657531e-06
3.5300,1.33340237e-05,3.22798107e-06,3.22798347e-06
3.5310,1.33364867e-05,3.22939068e-06,3.22939307e-06
3.5320,1.33389405e-05,3.23080173e-06,3.23080412e-06
3.5330,1.33413851e-05,3.23221423e-06,3.23221663e-06
3.5340,1.33438205e-05,3.23362818e-06,3.23363058e-06
3.5350,1.33462468e-05,3.23504357e-06,3.23504597e-06
3.5360,1.33486637e-05,3.23646040e-06,3.23646280e-06
3.5370,1.33510714e-05,3.23787868e-06,3.23788108e-06
3.5380,1.33534698e-05,3.23929839e-06,3.23930079e-06
3.5390,1.33558588e-05,3.24071953e-06,3.24072194e-06
3.5400,1.33582385e-05,3.24214211e-06,3.24214452e-06
3.5410,1.33606088e-05,3.24356612e-06,3.24356853e-06
3.5420,1.33629697e-05,3.24499156e-06,3.24499397e-06
3.5430,1.33653212e-05,3.24641842e-06,3.24642083e-06
3.5440,1.33676632e-05,3.24784671e-06,3.24784912e-06
3.5450,1.33699956e-05,3.24927642e-06,3.24927883e-06
3.5460,1.33723186e-05,3.25070755e-06,3.25070996e-06
3.5470,1.33746321e-05,3.25214010e-06,3.25214251e-06
3.5480,1.33769359e-05,3.25357406e-06,3.25357648e-06
3.5490,1.33792302e-05,3.25500944e-06,3.25501186e-06
3.5500,1.33815149e-05,3.25644622e-06,3.25644865e-06
3.5510,1.33837899e-05,3.25788442e-06,3.25788684e-06
3.5520,1.33860552e-05,3.25932402e-06,3.25932645e-06
3.5530,1.33883109e-05,3.26076503e-06,3.26076746e-06
3.5540,1.33905568e-05,3.26220744e-06,3.26220987e-06
3.5550,1.33927930e-05,3.26365125e-06,3.26365368e-06
3.5560,1.33950194e-05,3.26509646e-06,3.26509889e-06
3.5570,1.33972360e-05,3.26654306e-06,3.26654549e-06
3.5580,1.33994428e-05,3.26799106e-06,3.26799349e-06
3.5590,1.34016398e-05,3.26944045e-06,3.26944288e-06
3.5600,1.34038269e-05,3.27089122e-06,3.27089366e-06
3.5610,1.34060041e-05,3.27234339e-06,3.27234583e-06
3.5620,1.34081715e-05,3.27379694e-06,3.27379938e-06
3.5630,1.34103289e-05,3.27525187e-06,3.27525431e-06
3.5640,1.34124763e-05,3.27670818e-06,3.27671062e-06
3.5650,1.34146137e-05,3.27816587e-06,3.27816831e-06
3.5660,1.34167412e-05,3.27962493e-06,3.27962738e-06
3.5670,1.34188587e-05,3.28108537e-06,3.28108782e-06
3.5680,1.34209661e-05,3.28254718e-06,3.28254964e-06
3.5690,1.34230634e-05,3.28401037e-06,3.28401282e-06
3.5700,1.34251507e-05,3.28547491e-06,3.28547737e-06
3.5710,1.34272278e-05,3.28694083e-06,3.28694328e-06
3.5720,1.34292948e-05,3.28840810e-06,3.28841056e-06
3.5730,1.34313517e-05,3.28987674e-06,3.28987920e-06
3.5740,1.34333984e-05,3.29134673e-06,3.29134919e-06
3.5750,1.34354350e-05,3.29281808e-06,3.29282055e-06
3.5760,1.34374613e-05,3.29429079e-06,3.29429325e-06
3.5770,1.34394774e-05,3.29576485e-06,3.29576731e-06
3.5780,1.34414833e-05,3.29724025e-06,3.29724272e-06
3.5790,1.34434789e-05,3.29871701e-06,3.29871948e-06
3.5800,1.34454642e-05,3.30019511e-06,3.30019758e-06
3.5810,1.34474392e-05,3.30167455e-06,3.30167702e-06
3.5820,1.34494039e-05,3.30315534e-06,3.30315781e-06
3.5830,1.34513583e-05,3.30463746e-06,3.30463994e-06
3.5840,1.34533023e-05,3.30612092e-06,3.30612340e-06
3.5850,1.34552360e-05,3.30760572e-06,3.30760820e-06
3.5860,1.34571592e-05,3.30909184e-06,3.30909432e-06
3.5870,1.34590721e-05,3.31057930e-06,3.31058178e-06
3.5880,1.34609745e-05,3.31206809e-06,3.31207057e-06
3.5890,1.34628665e-05,3.31355820e-06,3.31356069e-06
3.5900,1.34647481e-05,3.31504964e-06,3.31505212e-06
3.5910,1.34666192e-05,3.31654240e-06,3.31654488e-06
3.5920,1.34684798e-05,3.31803647e-06,3.31803896e-06
3.5930,1.34703299e-05,3.31953187e-06,3.31953436e-06
3.5940,1.34721695e-05,3.32102858e-06,3.32103107e-06
3.5950,1.34739986e-05,3.32252660e-06,3.32252910e-06
3.5960,1.34758171e-05,3.32402594e-06,3.32402843e-06
3.5970,1.34776251e-05,3.32552658e-06,3.32552908e-06
3.5980,1.34794225e-05,3.32702853e-06,3.32703103e-06
3.5990,1.34812094e-05,3.32853179e-06,3.32853429e-06
3.6000,1.34829856e-05,3.33003634e-06,3.33003885e-06
3.6010,1.34847513e-05,3.33154220e-06,3.33154471e-06
3.6020,1.34865063e-05,3.33304936e-06,3.33305186e-06
3.6030,1.34882507e-05,3.33455781e-06,3.33456032e-06
3.6040,1.34899845e-05,3.33606756e-06,3.33607007e-06
3.6050,1.34917076e-05,3.33757860e-06,3.33758111e-06
3.6060,1.34934200e-05,3.33909093e-06,3.33909344e-06
3.6070,1.34951218e-05,3.34060455e-06,3.34060706e-06
3.6080,1.34968129e-05,3.34211945e-06,3.34212196e-06
3.6090,1.34984933e-05,3.34363564e-06,3.34363815e-06
3.6100,1.35001631e-05,3.34515310e-06,3.34515562e-06
3.6110,1.35018221e-05,3.34667185e-06,3.34667437e-06
3.6120,1.35034704e-05,3.34819188e-06,3.34819440e-06
3.6130,1.35051079e-05,3.34971318e-06,3.34971570e-06
3.6140,1.35067348e-05,3.35123575e-06,3.35123828e-06
3.6150,1.35083508e-05,3.35275960e-06,3.35276212e-06
3.6160,1.35099562e-05,3.35428471e-06,3.35428724e-06
3.6170,1.35115508e-05,3.35581109e-06,3.35581362e-06
3.6180,1.35131346e-05,3.35733874e-06,3.35734127e-06
3.6190,1.35147077e-05,3.35886765e-06,3.35887018e-06
3.6200,1.35162700e-05,3.36039782e-06,3.36040035e-06
3.6210,1.35178215e-05,3.36192925e-06,3.36193179e-06
3.6220,1.35193622e-05,3.36346194e-06,3.36346447e-06
3.6230,1.35208921e-05,3.36499588e-06,3.36499842e-06
3.6240,1.35224113e-05,3.36653107e-06,3.36653361e-06
3.6250,1.35239196e-05,3.36806752e-06,3.36807006e-06
3.6260,1.35254172e-05,3.36960521e-06,3.36960776e-06
3.6270,1.35269039e-05,3.37114415e-06,3.37114670e-06
3.6280,1.35283799e-05,3.37268434e-06,3.37268689e-06
3.6290,1.35298450e-05,3.37422577e-06,3.37422832e-06
3.6300,1.35312993e-05,3.37576844e-06,3.37577099e-06
3.6310,1.35327429e-05,3.37731235e-06,3.37731490e-06
3.6320,1.35341756e-05,3.37885749e-06,3.37886005e-06
3.6330,1.35355974e-05,3.38040387e-06,3.38040643e-06
3.6340,1.35370085e-05,3.38195149e-06,3.38195404e-06
3.6350,1.35384088e-05,3.38350033e-06,3.38350289e-06
3.6360,1.35397982e-05,3.38505040e-06,3.38505296e-06
3.6370,1.35411769e-05,3.38660171e-06,3.38660427e-06
3.6380,1.35425447e-05,3.38815423e-06,3.38815679e-06
3.6390,1.35439017e-05,3.38970798e-06,3.38971054e-06
3.6400,1.35452479e-05,3.39126295e-06,3.39126551e-06
3.6410,1.35465833e-05,3.39281914e-06,3.39282171e-06
3.6420,1.35479079e-05,3.39437654e-06,3.39437911e-06
3.6430,1.35492217e-05,3.39593517e-06,3.39593774e-06
3.6440,1.35505247e-05,3.39749500e-06,3.39749757e-06
3.6450,1.35518169e-05,3.39905605e-06,3.39905862e-06
3.6460,1.35530984e-05,3.40061830e-06,3.40062088e-06
3.6470,1.35543690e-05,3.40218177e-06,3.40218434e-06
3.6480,1.35556289e-05,3.40374644e-06,3.40374902e-06
3.6490,1.35568780e-05,3.40531231e-06,3.40531489e-06
3.6500,1.35581163e-05,3.40687939e-06,3.40688197e-06
3.6510,1.35593438e-05,3.40844766e-06,3.40845025e-06
3.6520,1.35605607e-05,3.41001714e-06,3.41001972e-06
3.6530,1.35617667e-05,3.41158781e-06,3.41159039e-06
3.6540,1.35629621e-05,3.41315967e-06,3.41316226e-06
3.6550,1.35641467e-05,3.41473273e-06,3.41473532e-06
3.6560,1.35653205e-05,3.41630698e-06,3.41630957e-06
3.6570,1.35664837e-05,3.41788241e-06,3.41788501e-06
3.6580,1.35676362e-05,3.41945904e-06,3.41946163e-06
3.6590,1.35687779e-05,3.42103685e-06,3.42103945e-06
3.6600,1.35699090e-05,3.42261584e-06,3.42261844e-06
3.6610,1.35710294e-05,3.42419602e-06,3.42419862e-06
3.6620,1.35721392e-05,3.42577737e-06,3.42577997e-06
3.6630,1.35732383e-05,3.42735991e-06,3.42736251e-06
3.6640,1.35743267e-05,3.42894361e-06,3.42894622e-06
3.6650,1.35754046e-05,3.43052850e-06,3.43053110e-06
3.6660,1.35764718e-05,3.43211455e-06,3.43211716e-06
3.6670,1.35775284e-05,3.43370178e-06,3.43370439e-06
3.6680,1.35785744e-05,3.43529018e-06,3.43529279e-06
3.6690,1.35796099e-05,3.43687974e-06,3.43688235e-06
3.6700,1.35806348e-05,3.43847047e-06,3.43847309e-06
3.6710,1.35816491e-05,3.44006236e-06,3.44006498e-06
3.6720,1.35826529e-05,3.44165542e-06,3.44165804e-06
3.6730,1.35836463e-05,3.44324963e-06,3.44325225e-06
3.6740,1.35846291e-05,3.44484501e-06,3.44484763e-06
3.6750,1.35856014e-05,3.44644154e-06,3.44644416e-06
3.6760,1.35865633e-05,3.44803922e-06,3.44804185e-06
3.6770,1.35875147e-05,3.44963806e-06,3.44964069e-06
3.6780,1.35884557e-05,3.45123805e-06,3.45124068e-06
3.6790,1.35893862e-05,3.45283920e-06,3.45284182e-06
3.6800,1.35903064e-05,3.45444148e-06,3.45444412e-06
3.6810,1.35912162e-05,3.45604492e-06,3.45604755e-06
3.6820,1.35921157e-05,3.45764950e-06,3.45765214e-06
3.6830,1.35930048e-05,3.45925523e-06,3.45925786e-06
3.6840,1.35938836e-05,3.46086209e-06,3.46086473e-06
3.6850,1.35947521e-05,3.46247010e-06,3.46247274e-06
3.6860,1.35956103e-05,3.46407924e-06,3.46408188e-06
3.6870,1.35964583e-05,3.46568952e-06,3.46569216e-06
3.6880,1.35972960e-05,3.46730094e-06,3.46730358e-06
3.6890,1.35981235e-05,3.46891349e-06,3.46891613e-06
3.6900,1.35989409e-05,3.47052717e-06,3.47052981e-06
3.6910,1.35997481e-05,3.47214198e-06,3.47214463e-06
3.6920,1.36005451e-05,3.47375792e-06,3.47376057e-06
3.6930,1.36013320e-05,3.47537498e-06,3.47537764e-06
3.6940,1.36021089e-05,3.47699318e-06,3.47699583e-06
3.6950,1.36028756e-05,3.47861249e-06,3.47861515e-06
3.6960,1.36036324e-05,3.48023293e-06,3.48023559e-06
3.6970,1.36043791e-05,3.48185449e-06,3.48185715e-06
3.6980,1.36051158e-05,3.48347717e-06,3.48347983e-06
3.6990,1.36058426e-05,3.48510096e-06,3.48510362e-06
3.7000,1.36065594e-05,3.48672587e-06,3.48672854e-06
3.7010,1.36072663e-05,3.48835190e-06,3.48835456e-06
3.7020,1.36079633e-05,3.48997904e-06,3.48998170e-06
3.7030,1.36086504e-05,3.49160729e-06,3.49160996e-06
3.7040,1.36093278e-05,3.49323665e-06,3.49323932e-06
3.7050,1.36099953e-05,3.49486711e-06,3.49486979e-06
3.7060,1.36106531e-05,3.49649869e-06,3.49650136e-06
3.7070,1.36113011e-05,3.49813137e-06,3.49813405e-06
3.7080,1.36119394e-05,3.49976516e-06,3.49976783e-06
3.7090,1.36125681e-05,3.50140004e-06,3.50140272e-06
3.7100,1.36131870e-05,3.50303603e-06,3.50303871e-06
3.7110,1.36137964e-05,3.50467312e-06,3.50467580e-06
3.7120,1.36143962e-05,3.50631130e-06,3.50631399e-06
3.7130,1.36149864e-05,3.50795059e-06,3.50795327e-06
3.7140,1.36155671e-05,3.50959096e-06,3.50959365e-06
3.7150,1.36161383e-05,3.51123243e-06,3.51123512e-06
3.7160,1.36167000e-05,3.51287500e-06,3.51287769e-06
3.7170,1.36172524e-05,3.51451865e-06,3.51452135e-06
3.7180,1.36177953e-05,3.51616340e-06,3.51616609e-06
3.7190,1.36183288e-05,3.51780923e-06,3.51781193e-06
3.7200,1.36188531e-05,3.51945615e-06,3.51945885e-06
3.7210,1.36193680e-05,3.52110416e-06,3.52110685e-06
3.7220,1.36198737e-05,3.52275324e-06,3.52275595e-06
3.7230,1.36203702e-05,3.52440342e-06,3.52440612e-06
3.7240,1.36208575e-05,3.52605467e-06,3.52605737e-06
3.7250,1.36213357e-05,3.52770700e-06,3.52770971e-06
3.7260,1.36218047e-05,3.52936041e-06,3.52936312e-06
3.7270,1.36222647e-05,3.53101490e-06,3.53101761e-06
3.7280,1.36227156e-05,3.53267047e-06,3.53267318e-06
3.7290,1.36231575e-05,3.53432711e-06,3.53432982e-06
3.7300,1.36235905e-05,3.53598482e-06,3.53598754e-06
3.7310,1.36240145e-05,3.53764361e-06,3.53764633e-06
3.7320,1.36244297e-05,3.53930347e-06,3.53930619e-06
3.7330,1.36248360e-05,3.54096439e-06,3.54096711e-06
3.7340,1.36252335e-05,3.54262639e-06,3.54262911e-06
3.7350,1.36256222e-05,3.54428945e-06,3.54429217e-06
3.7360,1.36260023e-05,3.54595358e-06,3.54595630e-06
3.7370,1.36263736e-05,3.54761877e-06,3.54762150e-06
3.7380,1.36267363e-05,3.54928503e-06,3.54928776e-06
3.7390,1.36270903e-05,3.55095235e-06,3.55095508e-06
3.7400,1.36274358e-05,3.55262073e-06,3.55262346e-06
3.7410,1.36277728e-05,3.55429017e-06,3.55429290e-06
3.7420,1.36281013e-05,3.55596067e-06,3.55596340e-06
3.7430,1.36284214e-05,3.55763222e-06,3.55763496e-06
3.7440,1.36287331e-05,3.55930483e-06,3.55930757e-06
3.7450,1.36290364e-05,3.56097850e-06,3.56098124e-06
3.7460,1.36293314e-05,3.56265322e-06,3.56265596e-06
3.7470,1.36296181e-05,3.56432900e-06,3.56433174e-06
3.7480,1.36298966e-05,3.56600582e-06,3.56600857e-06
3.7490,1.36301670e-05,3.56768370e-06,3.56768645e-06
3.7500,1.36304292e-05,3.56936263e-06,3.56936538e-06
3.7510,1.36306833e-05,3.57104260e-06,3.57104535e-06
3.7520,1.36309293e-05,3.57272362e-06,3.57272638e-06
3.7530,1.36311674e-05,3.57440569e-06,3.57440845e-06
3.7540,1.36313975e-05,3.57608881e-06,3.57609156e-06
3.7550,1.36316197e-05,3.57777296e-06,3.57777572e-06
3.7560,1.36318340e-05,3.57945816e-06,3.57946092e-06
3.7570,1.36320406e-05,3.58114441e-06,3.58114717e-06
3.7580,1.36322393e-05,3.58283169e-06,3.58283445e-06
3.7590,1.36324303e-05,3.58452001e-06,3.58452278e-06
3.7600,1.36326137e-05,3.58620938e-06,3.58621214e-06
3.7610,1.36327894e-05,3.58789978e-06,3.58790254e-06
3.7620,1.36329575e-05,3.58959121e-06,3.58959398e-06
3.7630,1.36331181e-05,3.59128369e-06,3.59128646e-06
3.7640,1.36332712e-05,3.59297719e-06,3.59297997e-06
3.7650,1.36334169e-05,3.59467174e-06,3.59467451e-06
3.7660,1.36335551e-05,3.59636731e-06,3.59637009e-06
3.7670,1.36336861e-05,3.59806392e-06,3.59806669e-06
3.7680,1.36338097e-05,3.59976156e-06,3.59976433e-06
3.7690,1.36339261e-05,3.60146022e-06,3.60146300e-06
3.7700,1.36340353e-05,3.60315992e-06,3.60316270e-06
3.7710,1.36341374e-05,3.60486065e-06,3.60486343e-06
3.7720,1.36342323e-05,3.60656240e-06,3.60656518e-06
3.7730,1.36343203e-05,3.60826518e-06,3.60826797e-06
3.7740,1.36344012e-05,3.60996898e-06,3.60997177e-06
3.7750,1.36344752e-05,3.61167381e-06,3.61167660e-06
3.7760,1.36345423e-05,3.61337967e-06,3.61338246e-06
3.7770,1.36346025e-05,3.61508655e-06,3.61508934e-06
3.7780,1.36346560e-05,3.61679444e-06,3.61679724e-06
3.7790,1.36347027e-05,3.61850337e-06,3.61850616e-06
3.7800,1.36347428e-05,3.62021331e-06,3.62021610e-06
3.7810,1.36347762e-05,3.62192427e-06,3.62192707e-06
3.7820,1.36348030e-05,3.62363625e-06,3.62363905e-06
3.7830,1.36348233e-05,3.62534924e-06,3.62535205e-06
3.7840,1.36348371e-05,3.62706326e-06,3.62706606e-06
3.7850,1.36348445e-05,3.62877829e-06,3.62878110e-06
3.7860,1.36348455e-05,3.63049434e-06,3.63049715e-06
3.7870,1.36348402e-05,3.63221140e-06,3.63221421e-06
3.7880,1.36348286e-05,3.63392948e-06,3.63393229e-06
3.7890,1.36348109e-05,3.63564857e-06,3.63565138e-06
3.7900,1.36347869e-05,3.63736867e-06,3.63737149e-06
3.7910,1.36347569e-05,3.63908978e-06,3.63909260e-06
3.7920,1.36347208e-05,3.64081191e-06,3.64081473e-06
3.7930,1.36346787e-05,3.64253505e-06,3.64253787e-06
3.7940,1.36346306e-05,3.64425919e-06,3.64426202e-06
3.7950,1.36345767e-05,3.64598435e-06,3.64598718e-06
3.7960,1.36345169e-05,3.64771052e-06,3.64771334e-06
3.7970,1.36344514e-05,3.64943769e-06,3.64944052e-06
3.7980,1.36343801e-05,3.65116587e-06,3.65116870e-06
3.7990,1.36343031e-05,3.65289506e-06,3.65289789e-06
3.8000,1.36342206e-05,3.65462525e-06,3.65462808e-06
3.8010,1.36341324e-05,3.65635645e-06,3.65635928e-06
3.8020,1.36340388e-05,3.65808865e-06,3.65809149e-06
3.8030,1.36339397e-05,3.65982186e-06,3.65982470e-06
3.8040,1.36338352e-05,3.66155607e-06,3.66155891e-06
3.8050,1.36337254e-05,3.66329128e-06,3.66329413e-06
3.8060,1.36336103e-05,3.66502750e-06,3.66503034e-06
3.8070,1.36334899e-05,3.66676472e-06,3.66676757e-06
3.8080,1.36333644e-05,3.66850294e-06,3.66850579e-06
3.8090,1.36332338e-05,3.67024216e-06,3.67024501e-06
3.8100,1.36330981e-05,3.67198238e-06,3.67198523e-06
3.8110,1.36329574e-05,3.67372360e-06,3.67372646e-06
3.8120,1.36328118e-05,3.67546582e-06,3.67546868e-06
3.8130,1.36326612e-05,3.67720904e-06,3.67721190e-06
3.8140,1.36325059e-05,3.67895326e-06,3.67895612e-06
3.8150,1.36323457e-05,3.68069848e-06,3.68070134e-06
3.8160,1.36321808e-05,3.68244469e-06,3.68244755e-06
3.8170,1.36320113e-05,3.68419190e-06,3.68419476e-06
3.8180,1.36318371e-05,3.68594010e-06,3.68594297e-06
3.8190,1.36316584e-05,3.68768931e-06,3.68769218e-06
3.8200,1.36314752e-05,3.68943950e-06,3.68944237e-06
3.8210,1.36312876e-05,3.69119070e-06,3.69119357e-06
3.8220,1.36310956e-05,3.69294289e-06,3.69294576e-06
3.8230,1.36308992e-05,3.69469607e-06,3.69469894e-06
3.8240,1.36306986e-05,3.69645025e-06,3.69645312e-06
3.8250,1.36304938e-05,3.69820542e-06,3.69820829e-06
3.8260,1.36302848e-05,3.69996158e-06,3.69996446e-06
3.8270,1.36300717e-05,3.70171874e-06,3.70172162e-06
3.8280,1.36298546e-05,3.70347689e-06,3.70347977e-06
3.8290,1.36296335e-05,3.70523603e-06,3.70523891e-06
3.8300,1.36294085e-05,3.70699616e-06,3.70699905e-06
3.8310,1.36291796e-05,3.70875729e-06,3.70876017e-06
3.8320,1.36289469e-05,3.71051940e-06,3.71052229e-06
3.8330,1.36287105e-05,3.71228251e-06,3.71228540e-06
3.8340,1.36284703e-05,3.71404661e-06,3.71404950e-06
3.8350,1.36282266e-05,3.71581170e-06,3.71581459e-06
3.8360,1.36279792e-05,3.71757778e-06,3.71758067e-06
3.8370,1.36277283e-05,3.71934485e-06,3.71934775e-06
3.8380,1.36274740e-05,3.72111291e-06,3.72111581e-06
3.8390,1.36272162e-05,3.72288195e-06,3.72288486e-06
3.8400,1.36269551e-05,3.72465199e-06,3.72465490e-06
3.8410,1.36266907e-05,3.72642302e-06,3.72642593e-06
3.8420,1.36264231e-05,3.72819504e-06,3.72819794e-06
3.8430,1.36261523e-05,3.72996804e-06,3.72997095e-06
3.8440,1.36258784e-05,3.73174203e-06,3.73174495e-06
3.8450,1.36256014e-05,3.73351702e-06,3.73351993e-06
3.8460,1.36253214e-05,3.73529299e-06,3.73529590e-06
3.8470,1.36250385e-05,3.73706994e-06,3.73707286e-06
3.8480,1.36247526e-05,3.73884789e-06,3.73885081e-06
3.8490,1.36244640e-05,3.74062682e-06,3.74062975e-06
3.8500,1.36241725e-05,3.74240675e-06,3.74240967e-06
3.8510,1.36238784e-05,3.74418766e-06,3.74419058e-06
3.8520,1.36235816e-05,3.74596955e-06,3.74597248e-06
3.8530,1.36232822e-05,3.74775244e-06,3.74775537e-06
3.8540,1.36229802e-05,3.74953631e-06,3.74953924e-06
3.8550,1.36226757e-05,3.75132117e-06,3.75132410e-06
3.8560,1.36223689e-05,3.75310702e-06,3.75310995e-06
3.8570,1.36220596e-05,3.75489385e-06,3.75489679e-06
3.8580,1.36217480e-05,3.75668167e-06,3.75668461e-06
3.8590,1.36214342e-05,3.75847048e-06,3.75847342e-06
3.8600,1.36211182e-05,3.76026028e-06,3.76026322e-06
3.8610,1.36208000e-05,3.76205106e-06,3.76205400e-06
3.8620,1.36204797e-05,3.76384283e-06,3.76384578e-06
3.8630,1.36201574e-05,3.76563559e-06,3.76563854e-06
3.8640,1.36198331e-05,3.76742933e-06,3.76743228e-06
3.8650,1.36195069e-05,3.76922407e-06,3.76922702e-06
3.8660,1.36191789e-05,3.77101979e-06,3.77102274e-06
3.8670,1.36188490e-05,3.77281649e-06,3.77281945e-06
3.8680,1.36185174e-05,3.77461419e-06,3.77461715e-06
3.8690,1.36181841e-05,3.77641287e-06,3.77641583e-06
3.8700,1.36178491e-05,3.77821254e-06,3.77821550e-06
3.8710,1.36175126e-05,3.78001320e-06,3.78001616e-06
3.8720,1.36171745e-05,3.78181485e-06,3.78181781e-06
3.8730,1.36168350e-05,3.78361748e-06,3.78362045e-06
3.8740,1.36164941e-05,3.78542110e-06,3.78542407e-06
3.8750,1.36161518e-05,3.78722572e-06,3.78722869e-06
3.8760,1.36158082e-05,3.78903132e-06,3.78903429e-06
3.8770,1.36154634e-05,3.79083790e-06,3.79084088e-06
3.8780,1.36151173e-05,3.79264548e-06,3.79264846e-06
3.8790,1.36147702e-05,3.79445405e-06,3.79445703e-06
3.8800,1.36144219e-05,3.79626361e-06,3.79626658e-06
3.8810,1.36140726e-05,3.79807415e-06,3.79807713e-06
3.8820,1.36137224e-05,3.79988569e-06,3.79988867e-06
3.8830,1.36133713e-05,3.80169821e-06,3.80170120e-06
3.8840,1.36130192e-05,3.80351173e-06,3.80351471e-06
3.8850,1.36126664e-05,3.80532623e-06,3.80532922e-06
3.8860,1.36123129e-05,3.80714173e-06,3.80714472e-06
3.8870,1.36119586e-05,3.80895822e-06,3.80896121e-06
3.8880,1.36116037e-05,3.81077570e-06,3.81077869e-06
3.8890,1.36112482e-05,3.81259417e-06,3.81259717e-06
3.8900,1.36108922e-05,3.81441364e-06,3.81441663e-06
3.8910,1.36105357e-05,3.81623409e-06,3.81623709e-06
3.8920,1.36101788e-05,3.81805554e-06,3.81805854e-06
3.8930,1.36098215e-05,3.81987798e-06,3.81988098e-06
3.8940,1.36094639e-05,3.82170142e-06,3.82170442e-06
3.8950,1.36091060e-05,3.82352585e-06,3.82352885e-06
3.8960,1.36087479e-05,3.82535127e-06,3.82535428e-06
3.8970,1.36083897e-05,3.82717769e-06,3.82718069e-06
3.8980,1.36080314e-05,3.82900510e-06,3.82900811e-06
3.8990,1.36076730e-05,3.83083351e-06,3.83083652e-06
3.9000,1.36073146e-05,3.83266291e-06,3.83266592e-06
3.9010,1.36069562e-05,3.83449331e-06,3.83449632e-06
3.9020,1.36065980e-05,3.83632470e-06,3.83632772e-06
3.9030,1.36062400e-05,3.83815710e-06,3.83816012e-06
3.9040,1.36058821e-05,3.83999049e-06,3.83999351e-06
3.9050,1.36055245e-05,3.84182488e-06,3.84182790e-06
3.9060,1.36051673e-05,3.84366026e-06,3.84366329e-06
3.9070,1.36048104e-05,3.84549665e-06,3.84549968e-06
3.9080,1.36044539e-05,3.84733404e-06,3.84733707e-06
3.9090,1.36040979e-05,3.84917242e-06,3.84917545e-06
3.9100,1.36037424e-05,3.85101181e-06,3.85101484e-06
3.9110,1.36033875e-05,3.85285220e-06,3.85285523e-06
3.9120,1.36030332e-05,3.85469358e-06,3.85469662e-06
3.9130,1.36026796e-05,3.85653598e-06,3.85653901e-06
3.9140,1.36023267e-05,3.85837937e-06,3.85838241e-06
3.9150,1.36019746e-05,3.86022377e-06,3.86022681e-06
3.9160,1.36016233e-05,3.86206917e-06,3.86207221e-06
3.9170,1.36012729e-05,3.86391557e-06,3.86391862e-06
3.9180,1.36009234e-05,3.86576298e-06,3.86576603e-06
3.9190,1.36005749e-05,3.86761140e-06,3.86761445e-06
3.9200,1.36002275e-05,3.86946082e-06,3.86946387e-06
3.9210,1.35998811e-05,3.87131125e-06,3.87131430e-06
3.9220,1.35995358e-05,3.87316269e-06,3.87316574e-06
3.9230,1.35991917e-05,3.87501513e-06,3.87501819e-06
3.9240,1.35988488e-05,3.87686859e-06,3.87687165e-06
3.9250,1.35985073e-05,3.87872305e-06,3.87872611e-06
3.9260,1.35981670e-05,3.88057853e-06,3.88058159e-06
3.9270,1.35978281e-05,3.88243501e-06,3.88243808e-06
3.9280,1.35974906e-05,3.88429251e-06,3.88429558e-06
3.9290,1.35971546e-05,3.88615102e-06,3.88615409e-06
3.9300,1.35968201e-05,3.88801055e-06,3.88801361e-06
3.9310,1.35964872e-05,3.88987108e-06,3.88987415e-06
3.9320,1.35961558e-05,3.89173263e-06,3.89173571e-06
3.9330,1.35958261e-05,3.89359520e-06,3.89359828e-06
3.9340,1.35954982e-05,3.89545879e-06,3.89546186e-06
3.9350,1.35951720e-05,3.89732339e-06,3.89732647e-06
3.9360,1.35948475e-05,3.89918901e-06,3.89919209e-06
3.9370,1.35945250e-05,3.90105564e-06,3.90105873e-06
3.9380,1.35942043e-05,3.90292330e-06,3.90292639e-06
3.9390,1.35938855e-05,3.90479198e-06,3.90479507e-06
3.9400,1.35935688e-05,3.90666168e-06,3.90666477e-06
3.9410,1.35932540e-05,3.90853240e-06,3.90853549e-06
3.9420,1.35929414e-05,3.91040414e-06,3.91040724e-06
3.9430,1.35926308e-05,3.91227691e-06,3.91228001e-06
3.9440,1.35923225e-05,3.91415070e-06,3.91415380e-06
3.9450,1.35920163e-05,3.91602552e-06,3.91602862e-06
3.9460,1.35917124e-05,3.91790137e-06,3.91790447e-06
3.9470,1.35914108e-05,3.91977824e-06,3.91978134e-06
3.9480,1.35911115e-05,3.92165614e-06,3.92165924e-06
3.9490,1.35908146e-05,3.92353507e-06,3.92353817e-06
3.9500,1.35905202e-05,3.92541503e-06,3.92541814e-06
3.9510,1.35902282e-05,3.92729602e-06,3.92729913e-06
3.9520,1.35899387e-05,3.92917804e-06,3.92918116e-06
3.9530,1.35896518e-05,3.93106110e-06,3.93106421e-06
3.9540,1.35893676e-05,3.93294519e-06,3.93294831e-06
3.9550,1.35890859e-05,3.93483032e-06,3.93483343e-06
3.9560,1.35888070e-05,3.93671648e-06,3.93671960e-06
3.9570,1.35885308e-05,3.93860368e-06,3.93860680e-06
3.9580,1.35882573e-05,3.94049192e-06,3.94049504e-06
3.9590,1.35879867e-05,3.94238119e-06,3.94238432e-06
3.9600,1.35877190e-05,3.94427151e-06,3.94427464e-06
3.9610,1.35874541e-05,3.94616287e-06,3.94616600e-06
3.9620,1.35871922e-05,3.94805527e-06,3.94805840e-06
3.9630,1.35869333e-05,3.94994871e-06,3.94995185e-06
3.9640,1.35866774e-05,3.95184320e-06,3.95184634e-06
3.9650,1.35864246e-05,3.95373874e-06,3.95374187e-06
3.9660,1.35861749e-05,3.95563532e-06,3.95563846e-06
3.9670,1.35859283e-05,3.95753295e-06,3.95753609e-06
3.9680,1.35856849e-05,3.95943163e-06,3.95943477e-06
3.9690,1.35854447e-05,3.96133136e-06,3.96133450e-06
3.9700,1.35852079e-05,3.96323214e-06,3.96323528e-06
3.9710,1.35849743e-05,3.96513397e-06,3.96513712e-06
3.9720,1.35847441e-05,3.96703686e-06,3.96704001e-06
3.9730,1.35845172e-05,3.96894080e-06,3.96894395e-06
3.9740,1.35842938e-05,3.97084580e-06,3.97084895e-06
3.9750,1.35840739e-05,3.97275185e-06,3.97275501e-06
3.9760,1.35838574e-05,3.97465897e-06,3.97466213e-06
3.9770,1.35836445e-05,3.97656714e-06,3.97657030e-06
3.9780,1.35834352e-05,3.97847638e-06,3.97847954e-06
3.9790,1.35832295e-05,3.98038668e-06,3.98038984e-06
3.9800,1.35830275e-05,3.98229804e-06,3.98230120e-06
3.9810,1.35828291e-05,3.98421046e-06,3.98421363e-06
3.9820,1.35826345e-05,3.98612396e-06,3.98612712e-06
3.9830,1.35824436e-05,3.98803851e-06,3.98804169e-06
3.9840,1.35822566e-05,3.98995414e-06,3.98995732e-06
3.9850,1.35820734e-05,3.99187084e-06,3.99187402e-06
3.9860,1.35818941e-05,3.99378861e-06,3.99379179e-06
3.9870,1.35817187e-05,3.99570745e-06,3.99571063e-06
3.9880,1.35815472e-05,3.99762737e-06,3.99763055e-06
3.9890,1.35813797e-05,3.99954836e-06,3.99955154e-06
3.9900,1.35812163e-05,4.00147043e-06,4.00147362e-06
3.9910,1.35810569e-05,4.00339358e-06,4.00339676e-06
3.9920,1.35809016e-05,4.00531781e-06,4.00532099e-06
3.9930,1.35807504e-05,4.00724311e-06,4.00724630e-06
3.9940,1.35806034e-05,4.00916950e-06,4.00917270e-06
3.9950,1.35804606e-05,4.01109698e-06,4.01110017e-06
3.9960,1.35803220e-05,4.01302554e-06,4.01302873e-06
3.9970,1.35801877e-05,4.01495518e-06,4.01495838e-06
3.9980,1.35800577e-05,4.01688592e-06,4.01688911e-06
3.9990,1.35799320e-05,4.01881774e-06,4.01882094e-06
4.0000,1.35798107e-05,4.02075065e-06,4.02075386e-06
4.0010,1.35796937e-05,4.02268466e-06,4.02268786e-06
4.0020,1.35795813e-05,4.02461976e-06,4.02462297e-06
4.0030,1.35794732e-05,4.02655596e-06,4.02655917e-06
4.0040,1.35793697e-05,4.02849325e-06,4.02849646e-06
4.0050,1.35792707e-05,4.03043164e-06,4.03043486e-06
4.0060,1.35791763e-05,4.03237113e-06,4.03237435e-06
4.0070,1.35790865e-05,4.03431173e-06,4.03431494e-06
4.0080,1.35790013e-05,4.03625342e-06,4.03625664e-06
4.0090,1.35789207e-05,4.03819623e-06,4.03819945e-06
4.0100,1.35788449e-05,4.04014013e-06,4.04014336e-06
4.0110,1.35787738e-05,4.04208515e-06,4.04208837e-06
4.0120,1.35787074e-05,4.04403127e-06,4.04403450e-06
4.0130,1.35786458e-05,4.04597851e-06,4.04598174e-06
4.0140,1.35785890e-05,4.04792686e-06,4.04793009e-06
4.0150,1.35785371e-05,4.04987632e-06,4.04987956e-06
4.0160,1.35784900e-05,4.05182690e-06,4.05183014e-06
4.0170,1.35784478e-05,4.05377860e-06,4.05378183e-06
4.0180,1.35784106e-05,4.05573141e-06,4.05573465e-06
4.0190,1.35783783e-05,4.05768535e-06,4.05768859e-06
4.0200,1.35783511e-05,4.05964041e-06,4.05964365e-06
4.0210,1.35783288e-05,4.06159659e-06,4.06159984e-06
4.0220,1.35783116e-05,4.06355390e-06,4.06355715e-06
4.0230,1.35782995e-05,4.06551234e-06,4.06551559e-06
4.0240,1.35782925e-05,4.06747191e-06,4.06747516e-06
4.0250,1.35782906e-05,4.06943260e-06,4.06943586e-06
4.0260,1.35782939e-05,4.07139443e-06,4.07139769e-06
4.0270,1.35783024e-05,4.07335740e-06,4.07336065e-06
4.0280,1.35783160e-05,4.07532150e-06,4.07532476e-06
4.0290,1.35783350e-05,4.07728674e-06,4.07729000e-06
4.0300,1.35783592e-05,4.07925312e-06,4.07925638e-06
4.0310,1.35783887e-05,4.08122064e-06,4.08122390e-06
4.0320,1.35784236e-05,4.08318930e-06,4.08319257e-06
4.0330,1.35784638e-05,4.08515911e-06,4.08516238e-06
4.0340,1.35785093e-05,4.08713007e-06,4.08713334e-06
4.0350,1.35785603e-05,4.08910217e-06,4.08910544e-06
4.0360,1.35786167e-05,4.09107543e-06,4.09107870e-06
4.0370,1.35786786e-05,4.09304983e-06,4.09305311e-06
4.0380,1.35787460e-05,4.09502540e-06,4.09502868e-06
4.0390,1.35788188e-05,4.09700212e-06,4.09700540e-06
4.0400,1.35788972e-05,4.09897999e-06,4.09898327e-06
4.0410,1.35789812e-05,4.10095903e-06,4.10096231e-06
4.0420,1.35790708e-05,4.10293923e-06,4.10294251e-06
4.0430,1.35791659e-05,4.10492059e-06,4.10492388e-06
4.0440,1.35792667e-05,4.10690312e-06,4.10690641e-06
4.0450,1.35793731e-05,4.10888681e-06,4.10889011e-06
4.0460,1.35794853e-05,4.11087168e-06,4.11087497e-06
4.0470,1.35796031e-05,4.11285772e-06,4.11286101e-06
4.0480,1.35797267e-05,4.11484493e-06,4.11484823e-06
4.0490,1.35798560e-05,4.11683331e-06,4.11683661e-06
4.0500,1.35799911e-05,4.11882288e-06,4.11882618e-06
4.0510,1.35801320e-05,4.12081362e-06,4.12081692e-06
4.0520,1.35802787e-05,4.12280554e-06,4.12280885e-06
4.0530,1.35804312e-05,4.12479865e-06,4.12480196e-06
4.0540,1.35805896e-05,4.12679294e-06,4.12679625e-06
4.0550,1.35807539e-05,4.12878842e-06,4.12879173e-06
4.0560,1.35809241e-05,4.13078509e-06,4.13078840e-06
4.0570,1.35811003e-05,4.13278295e-06,4.13278627e-06
4.0580,1.35812824e-05,4.13478200e-06,4.13478532e-06
4.0590,1.35814705e-05,4.13678225e-06,4.13678557e-06
4.0600,1.35816645e-05,4.13878370e-06,4.13878702e-06
4.0610,1.35818646e-05,4.14078635e-06,4.14078967e-06
4.0620,1.35820708e-05,4.14279020e-06,4.14279352e-06
4.0630,1.35822829e-05,4.14479525e-06,4.14479858e-06
4.0640,1.35825012e-05,4.14680151e-06,4.14680484e-06
4.0650,1.35827256e-05,4.14880897e-06,4.14881231e-06
4.0660,1.35829561e-05,4.15081765e-06,4.15082099e-06
4.0670,1.35831927e-05,4.15282754e-06,4.15283088e-06
4.0680,1.35834355e-05,4.15483864e-06,4.15484198e-06
4.0690,1.35836844e-05,4.15685096e-06,4.15685431e-06
4.0700,1.35839396e-05,4.15886450e-06,4.15886785e-06
4.0710,1.35842010e-05,4.16087926e-06,4.16088261e-06
4.0720,1.35844686e-05,4.16289525e-06,4.16289860e-06
4.0730,1.35847424e-05,4.16491246e-06,4.16491581e-06
4.0740,1.35850226e-05,4.16693089e-06,4.16693425e-06
4.0750,1.35853090e-05,4.16895056e-06,4.16895391e-06
4.0760,1.35856017e-05,4.17097146e-06,4.17097481e-06
4.0770,1.35859008e-05,4.17299359e-06,4.17299695e-06
4.0780,1.35862062e-05,4.17501696e-06,4.17502032e-06
4.0790,1.35865180e-05,4.17704157e-06,4.17704493e-06
4.0800,1.35868362e-05,4.17906742e-06,4.17907078e-06
4.0810,1.35871607e-05,4.18109451e-06,4.18109788e-06
4.0820,1.35874917e-05,4.18312285e-06,4.18312622e-06
4.0830,1.35878291e-05,4.18515243e-06,4.18515580e-06
4.0840,1.35881730e-05,4.18718327e-06,4.18718664e-06
4.0850,1.35885233e-05,4.18921536e-06,4.18921873e-06
4.0860,1.35888801e-05,4.19124870e-06,4.19125208e-06
4.0870,1.35892434e-05,4.19328330e-06,4.19328668e-06
4.0880,1.35896132e-05,4.19531916e-06,4.19532254e-06
4.0890,1.35899895e-05,4.19735628e-06,4.19735966e-06
4.0900,1.35903724e-05,4.19939467e-06,4.19939805e-06
4.0910,1.35907619e-05,4.20143432e-06,4.20143771e-06
4.0920,1.35911579e-05,4.20347524e-06,4.20347863e-06
4.0930,1.35915605e-05,4.20551743e-06,4.20552082e-06
4.0940,1.35919697e-05,4.20756090e-06,4.20756429e-06
4.0950,1.35923856e-05,4.20960564e-06,4.20960904e-06
4.0960,1.35928081e-05,4.21165166e-06,4.21165506e-06
4.0970,1.35932372e-05,4.21369896e-06,4.21370236e-06
4.0980,1.35936730e-05,4.21574755e-06,4.21575095e-06
4.0990,1.35941155e-05,4.21779742e-06,4.21780082e-06
4.1000,1.35945646e-05,4.21984858e-06,4.21985198e-06
4.1010,1.35950205e-05,4.22190103e-06,4.22190444e-06
4.1020,1.35954831e-05,4.22395477e-06,4.22395818e-06
4.1030,1.35959524e-05,4.22600981e-06,4.22601322e-06
4.1040,1.35964285e-05,4.22806615e-06,4.22806956e-06
4.1050,1.35969113e-05,4.23012378e-06,4.23012720e-06
4.1060,1.35974009e-05,4.23218272e-06,4.23218614e-06
4.1070,1.35978973e-05,4.23424297e-06,4.23424639e-06
4.1080,1.35984005e-05,4.23630452e-06,4.23630795e-06
4.1090,1.35989105e-05,4.23836739e-06,4.23837081e-06
4.1100,1.35994273e-05,4.24043157e-06,4.24043499e-06
4.1110,1.35999510e-05,4.24249706e-06,4.24250049e-06
4.1120,1.36004815e-05,4.24456387e-06,4.24456730e-06
4.1130,1.36010188e-05,4.24663201e-06,4.24663544e-06
4.1140,1.36015630e-05,4.24870146e-06,4.24870490e-06
4.1150,1.36021141e-05,4.25077225e-06,4.25077568e-06
4.1160,1.36026721e-05,4.25284436e-06,4.25284780e-06
4.1170,1.36032370e-05,4.25491780e-06,4.25492124e-06
4.1180,1.36038088e-05,4.25699258e-06,4.25699602e-06
4.1190,1.36043876e-05,4.25906869e-06,4.25907214e-06
4.1200,1.36049732e-05,4.26114614e-06,4.26114959e-06
4.1210,1.36055658e-05,4.26322494e-06,4.26322839e-06
4.1220,1.36061654e-05,4.26530508e-06,4.26530853e-06
4.1230,1.36067719e-05,4.26738656e-06,4.26739002e-06
4.1240,1.36073854e-05,4.26946940e-06,4.26947286e-06
4.1250,1.36080059e-05,4.27155359e-06,4.27155705e-06
4.1260,1.36086334e-05,4.27363913e-06,4.27364259e-06
4.1270,1.36092679e-05,4.27572603e-06,4.27572949e-06
4.1280,1.36099094e-05,4.27781429e-06,4.27781776e-06
4.1290,1.36105579e-05,4.27990392e-06,4.27990739e-06
4.1300,1.36112135e-05,4.28199491e-06,4.28199838e-06
4.1310,1.36118761e-05,4.28408727e-06,4.28409074e-06
4.1320,1.36125457e-05,4.28618100e-06,4.28618447e-06
4.1330,1.36132224e-05,4.28827611e-06,4.28827958e-06
4.1340,1.36139062e-05,4.29037259e-06,4.29037607e-06
4.1350,1.36145970e-05,4.29247045e-06,4.29247393e-06
4.1360,1.36152949e-05,4.29456970e-06,4.29457318e-06
4.1370,1.36160000e-05,4.29667033e-06,4.29667381e-06
4.1380,1.36167121e-05,4.29877235e-06,4.29877583e-06
4.1390,1.36174313e-05,4.30087576e-06,4.30087924e-06
4.1400,1.36181576e-05,4.30298056e-06,4.30298405e-06
4.1410,1.36188910e-05,4.30508676e-06,4.30509025e-06
4.1420,1.36196316e-05,4.30719436e-06,4.30719785e-06
4.1430,1.36203792e-05,4.30930336e-06,4.30930685e-06
4.1440,1.36211341e-05,4.31141376e-06,4.31141726e-06
4.1450,1.36218960e-05,4.31352558e-06,4.31352908e-06
4.1460,1.36226652e-05,4.31563880e-06,4.31564231e-06
4.1470,1.36234414e-05,4.31775344e-06,4.31775695e-06
4.1480,1.36242249e-05,4.31986950e-06,4.31987300e-06
4.1490,1.36250155e-05,4.32198697e-06,4.32199048e-06
4.1500,1.36258133e-05,4.32410587e-06,4.32410938e-06
4.1510,1.36266182e-05,4.32622619e-06,4.32622970e-06
4.1520,1.36274304e-05,4.32834794e-06,4.32835146e-06
4.1530,1.36282497e-05,4.33047112e-06,4.33047464e-06
4.1540,1.36290763e-05,4.33259574e-06,4.33259926e-06
4.1550,1.36299100e-05,4.33472179e-06,4.33472531e-06
4.1560,1.36307510e-05,4.33684928e-06,4.33685281e-06
4.1570,1.36315991e-05,4.33897822e-06,4.33898174e-06
4.1580,1.36324545e-05,4.34110860e-06,4.34111213e-06
4.1590,1.36333171e-05,4.34324043e-06,4.34324396e-06
4.1600,1.36341869e-05,4.34537371e-06,4.34537724e-06
4.1610,1.36350640e-05,4.34750845e-06,4.34751198e-06
4.1620,1.36359482e-05,4.34964464e-06,4.34964818e-06
4.1630,1.36368397e-05,4.35178230e-06,4.35178584e-06
4.1640,1.36377385e-05,4.35392141e-06,4.35392496e-06
4.1650,1.36386445e-05,4.35606200e-06,4.35606554e-06
4.1660,1.36395577e-05,4.35820406e-06,4.35820760e-06
4.1670,1.36404782e-05,4.36034758e-06,4.36035113e-06
4.1680,1.36414059e-05,4.36249259e-06,4.36249614e-06
4.1690,1.36423409e-05,4.36463907e-06,4.36464263e-06
4.1700,1.36432832e-05,4.36678704e-06,4.36679059e-06
4.1710,1.36442327e-05,4.36893649e-06,4.36894005e-06
4.1720,1.36451895e-05,4.37108743e-06,4.37109099e-06
4.1730,1.36461535e-05,4.37323986e-06,4.37324342e-06
4.1740,1.36471248e-05,4.37539378e-06,4.37539735e-06
4.1750,1.36481034e-05,4.37754921e-06,4.37755277e-06
4.1760,1.36490892e-05,4.37970613e-06,4.37970970e-06
4.1770,1.36500823e-05,4.38186456e-06,4.38186813e-06
4.1780,1.36510827e-05,4.38402449e-06,4.38402806e-06
4.1790,1.36520904e-05,4.38618593e-06,4.38618951e-06
4.1800,1.36531053e-05,4.38834889e-06,4.38835247e-06
4.1810,1.36541275e-05,4.39051337e-06,4.39051695e-06
4.1820,1.36551570e-05,4.39267936e-06,4.39268294e-06
4.1830,1.36561938e-05,4.39484688e-06,4.39485046e-06
4.1840,1.36572378e-05,4.39701592e-06,4.39701951e-06
4.1850,1.36582892e-05,4.39918649e-06,4.39919008e-06
4.1860,1.36593478e-05,4.40135859e-06,4.40136219e-06
4.1870,1.36604137e-05,4.40353223e-06,4.40353583e-06
4.1880,1.36614868e-05,4.40570741e-06,4.40571101e-06
4.1890,1.36625673e-05,4.40788413e-06,4.40788773e-06
4.1900,1.36636550e-05,4.41006240e-06,4.41006600e-06
4.1910,1.36647500e-05,4.41224221e-06,4.41224581e-06
4.1920,1.36658523e-05,4.41442358e-06,4.41442718e-06
4.1930,1.36669618e-05,4.41660650e-06,4.41661010e-06
4.1940,1.36680787e-05,4.41879097e-06,4.41879458e-06
4.1950,1.36692028e-05,4.42097702e-06,4.42098063e-06
4.1960,1.36703342e-05,4.42316462e-06,4.42316823e-06
4.1970,1.36714728e-05,4.42535379e-06,4.42535741e-06
4.1980,1.36726188e-05,4.42754454e-06,4.42754816e-06
4.1990,1.36737720e-05,4.42973686e-06,4.42974048e-06
4.2000,1.36749324e-05,4.43193075e-06,4.43193438e-06
4.2010,1.36761002e-05,4.43412623e-06,4.43412986e-06
4.2020,1.36772752e-05,4.43632330e-06,4.43632692e-06
4.2030,1.36784574e-05,4.43852195e-06,4.43852558e-06
4.2040,1.36796470e-05,4.44072219e-06,4.44072582e-06
4.2050,1.36808438e-05,4.44292403e-06,4.44292766e-06
4.2060,1.36820478e-05,4.44512746e-06,4.44513110e-06
4.2070,1.36832591e-05,4.44733250e-06,4.44733614e-06
4.2080,1.36844776e-05,4.44953914e-06,4.44954278e-06
4.2090,1.36857034e-05,4.45174739e-06,4.45175103e-06
4.2100,1.36869364e-05,4.45395725e-06,4.45396090e-06
4.2110,1.36881767e-05,4.45616873e-06,4.45617238e-06
4.2120,1.36894242e-05,4.45838182e-06,4.45838547e-06
4.2130,1.36906789e-05,4.46059654e-06,4.46060019e-06
4.2140,1.36919409e-05,4.46281288e-06,4.46281654e-06
4.2150,1.36932100e-05,4.46503085e-06,4.46503451e-06
4.2160,1.36944864e-05,4.46725045e-06,4.46725411e-06
4.2170,1.36957701e-05,4.46947169e-06,4.46947535e-06
4.2180,1.36970609e-05,4.47169457e-06,4.47169823e-06
4.2190,1.36983589e-05,4.47391909e-06,4.47392275e-06
4.2200,1.36996641e-05,4.47614525e-06,4.47614892e-06
4.2210,1.37009766e-05,4.47837306e-06,4.47837674e-06
4.2220,1.37022962e-05,4.48060253e-06,4.48060621e-06
4.2230,1.37036230e-05,4.48283365e-06,4.48283733e-06
4.2240,1.37049570e-05,4.48506644e-06,4.48507012e-06
4.2250,1.37062982e-05,4.48730088e-06,4.48730457e-06
4.2260,1.37076465e-05,4.48953700e-06,4.48954068e-06
4.2270,1.37090020e-05,4.49177478e-06,4.49177847e-06
4.2280,1.37103647e-05,4.49401424e-06,4.49401793e-06
4.2290,1.37117345e-05,4.49625537e-06,4.49625907e-06
4.2300,1.37131114e-05,4.49849819e-06,4.49850188e-06
4.2310,1.37144955e-05,4.50074269e-06,4.50074639e-06
4.2320,1.37158868e-05,4.50298888e-06,4.50299258e-06
4.2330,1.37172851e-05,4.50523676e-06,4.50524046e-06
4.2340,1.37186906e-05,4.50748633e-06,4.50749004e-06
4.2350,1.37201032e-05,4.50973761e-06,4.50974131e-06
4.2360,1.37215229e-05,4.51199058e-06,4.51199429e-06
4.2370,1.37229497e-05,4.51424527e-06,4.51424898e-06
4.2380,1.37243835e-05,4.51650166e-06,4.51650537e-06
4.2390,1.37258245e-05,4.51875976e-06,4.51876348e-06
4.2400,1.37272725e-05,4.52101958e-06,4.52102330e-06
4.2410,1.37287277e-05,4.52328113e-06,4.52328485e-06
4.2420,1.37301898e-05,4.52554439e-06,4.52554811e-06
4.2430,1.37316590e-05,4.52780938e-06,4.52781311e-06
4.2440,1.37331353e-05,4.53007611e-06,4.53007984e-06
4.2450,1.37346186e-05,4.53234457e-06,4.53234830e-06
4.2460,1.37361089e-05,4.53461477e-06,4.53461850e-06
4.2470,1.37376062e-05,4.53688671e-06,4.53689044e-06
4.2480,1.37391106e-05,4.53916039e-06,4.53916413e-06
4.2490,1.37406219e-05,4.54143583e-06,4.54143957e-06
4.2500,1.37421403e-05,4.54371302e-06,4.54371676e-06
4.2510,1.37436656e-05,4.54599196e-06,4.54599571e-06
4.2520,1.37451979e-05,4.54827267e-06,4.54827642e-06
4.2530,1.37467371e-05,4.55055514e-06,4.55055889e-06
4.2540,1.37482833e-05,4.55283938e-06,4.55284313e-06
4.2550,1.37498364e-05,4.55512539e-06,4.55512914e-06
4.2560,1.37513965e-05,4.55741317e-06,4.55741693e-06
4.2570,1.37529635e-05,4.55970274e-06,4.55970650e-06
4.2580,1.37545374e-05,4.56199409e-06,4.56199785e-06
4.2590,1.37561182e-05,4.56428722e-06,4.56429098e-06
4.2600,1.37577059e-05,4.56658214e-06,4.56658591e-06
4.2610,1.37593004e-05,4.56887886e-06,4.56888263e-06
4.2620,1.37609019e-05,4.57117738e-06,4.57118115e-06
4.2630,1.37625101e-05,4.57347770e-06,4.57348147e-06
4.2640,1.37641253e-05,4.57577982e-06,4.57578360e-06
4.2650,1.37657472e-05,4.57808376e-06,4.57808753e-06
4.2660,1.37673760e-05,4.58038950e-06,4.58039328e-06
4.2670,1.37690116e-05,4.58269706e-06,4.58270085e-06
4.2680,1.37706539e-05,4.58500645e-06,4.58501023e-06
4.2690,1.37723031e-05,4.58731766e-06,4.58732144e-06
4.2700,1.37739590e-05,4.58963069e-06,4.58963448e-06
4.2710,1.37756217e-05,4.59194556e-06,4.59194935e-06
4.2720,1.37772912e-05,4.59426226e-06,4.59426606e-06
4.2730,1.37789673e-05,4.59658081e-06,4.59658460e-06
4.2740,1.37806502e-05,4.59890119e-06,4.59890499e-06
4.2750,1.37823398e-05,4.60122343e-06,4.60122723e-06
4.2760,1.37840361e-05,4.60354751e-06,4.60355132e-06
4.2770,1.37857391e-05,4.60587345e-06,4.60587726e-06
4.2780,1.37874487e-05,4.60820125e-06,4.60820506e-06
4.2790,1.37891650e-05,4.61053092e-06,4.61053473e-06
4.2800,1.37908879e-05,4.61286244e-06,4.61286626e-06
4.2810,1.37926174e-05,4.61519584e-06,4.61519966e-06
4.2820,1.37943536e-05,4.61753112e-06,4.61753494e-06
4.2830,1.37960963e-05,4.61986827e-06,4.61987209e-06
4.2840,1.37978457e-05,4.62220730e-06,4.62221113e-06
4.2850,1.37996016e-05,4.62454822e-06,4.62455205e-06
4.2860,1.38013640e-05,4.62689104e-06,4.62689487e-06
4.2870,1.38031330e-05,4.62923574e-06,4.62923957e-06
4.2880,1.38049085e-05,4.63158234e-06,4.63158618e-06
4.2890,1.38066905e-05,4.63393085e-06,4.63393468e-06
4.2900,1.38084789e-05,4.63628126e-06,4.63628510e-06
4.2910,1.38102739e-05,4.63863358e-06,4.63863742e-06
4.2920,1.38120753e-05,4.64098781e-06,4.64099165e-06
4.2930,1.38138832e-05,4.64334396e-06,4.64334781e-06
4.2940,1.38156974e-05,4.64570203e-06,4.64570588e-06
4.2950,1.38175181e-05,4.64806203e-06,4.64806588e-06
4.2960,1.38193452e-05,4.65042396e-06,4.65042781e-06
4.2970,1.38211786e-05,4.65278782e-06,4.65279167e-06
4.2980,1.38230184e-05,4.65515361e-06,4.65515748e-06
4.2990,1.38248646e-05,4.65752135e-06,4.65752522e-06
4.3000,1.38267170e-05,4.65989104e-06,4.65989490e-06
4.3010,1.38285758e-05,4.66226267e-06,4.66226654e-06
4.3020,1.38304409e-05,4.66463626e-06,4.66464013e-06
4.3030,1.38323122e-05,4.66701180e-06,4.66701568e-06
4.3040,1.38341897e-05,4.66938931e-06,4.66939319e-06
4.3050,1.38360735e-05,4.67176878e-06,4.67177266e-06
4.3060,1.38379636e-05,4.67415022e-06,4.67415410e-06
4.3070,1.38398598e-05,4.67653364e-06,4.67653752e-06
4.3080,1.38417621e-05,4.67891903e-06,4.67892291e-06
4.3090,1.38436707e-05,4.68130640e-06,4.68131029e-06
4.3100,1.38455853e-05,4.68369576e-06,4.68369965e-06
4.3110,1.38475061e-05,4.68608711e-06,4.68609100e-06
4.3120,1.38494330e-05,4.68848045e-06,4.68848435e-06
4.3130,1.38513660e-05,4.69087579e-06,4.69087969e-06
4.3140,1.38533050e-05,4.69327313e-06,4.69327703e-06
4.3150,1.38552501e-05,4.69567248e-06,4.69567638e-06
4.3160,1.38572012e-05,4.69807384e-06,4.69807774e-06
4.3170,1.38591582e-05,4.70047721e-06,4.70048112e-06
4.3180,1.38611213e-05,4.70288260e-06,4.70288651e-06
4.3190,1.38630903e-05,4.70529001e-06,4.70529392e-06
4.3200,1.38650653e-05,4.70769945e-06,4.70770336e-06
4.3210,1.38670461e-05,4.71011091e-06,4.71011483e-06
4.3220,1.38690329e-05,4.71252442e-06,4.71252834e-06
4.3230,1.38710255e-05,4.71493996e-06,4.71494388e-06
4.3240,1.38730240e-05,4.71735754e-06,4.71736147e-06
4.3250,1.38750283e-05,4.71977717e-06,4.71978110e-06
4.3260,1.38770384e-05,4.72219885e-06,4.72220279e-06
4.3270,1.38790543e-05,4.72462259e-06,4.72462653e-06
4.3280,1.38810759e-05,4.72704839e-06,4.72705232e-06
4.3290,1.38831033e-05,4.72947624e-06,4.72948019e-06
4.3300,1.38851364e-05,4.73190617e-06,4.73191011e-06
4.3310,1.38871752e-05,4.73433817e-06,4.73434212e-06
4.3320,1.38892197e-05,4.73677224e-06,4.73677619e-06
4.3330,1.38912698e-05,4.73920840e-06,4.73921235e-06
4.3340,1.38933255e-05,4.74164663e-06,4.74165059e-06
4.3350,1.38953868e-05,4.74408696e-06,4.74409092e-06
4.3360,1.38974537e-05,4.74652938e-06,4.74653334e-06
4.3370,1.38995262e-05,4.74897389e-06,4.74897786e-06
4.3380,1.39016042e-05,4.75142051e-06,4.75142447e-06
4.3390,1.39036876e-05,4.75386923e-06,4.75387320e-06
4.3400,1.39057766e-05,4.75632006e-06,4.75632403e-06
4.3410,1.39078710e-05,4.75877300e-06,4.75877698e-06
4.3420,1.39099708e-05,4.76122806e-06,4.76123204e-06
4.3430,1.39120761e-05,4.76368524e-06,4.76368922e-06
4.3440,1.39141867e-05,4.76614455e-06,4.76614854e-06
4.3450,1.39163026e-05,4.76860599e-06,4.76860998e-06
4.3460,1.39184239e-05,4.77106956e-06,4.77107355e-06
4.3470,1.39205505e-05,4.77353527e-06,4.77353926e-06
4.3480,1.39226823e-05,4.77600313e-06,4.77600712e-06
4.3490,1.39248194e-05,4.77847313e-06,4.77847712e-06
4.3500,1.39269617e-05,4.78094528e-06,4.78094928e-06
4.3510,1.39291092e-05,4.78341959e-06,4.78342359e-06
4.3520,1.39312619e-05,4.78589605e-06,4.78590006e-06
4.3530,1.39334197e-05,4.78837468e-06,4.78837869e-06
4.3540,1.39355826e-05,4.79085548e-06,4.79085949e-06
4.3550,1.39377506e-05,4.79333845e-06,4.79334247e-06
4.3560,1.39399236e-05,4.79582360e-06,4.79582762e-06
4.3570,1.39421017e-05,4.79831093e-06,4.79831495e-06
4.3580,1.39442847e-05,4.80080044e-06,4.80080447e-06
4.3590,1.39464728e-05,4.80329215e-06,4.80329617e-06
4.3600,1.39486657e-05,4.80578604e-06,4.80579007e-06
4.3610,1.39508636e-05,4.80828214e-06,4.80828617e-06
4.3620,1.39530664e-05,4.81078044e-06,4.81078447e-06
4.3630,1.39552740e-05,4.81328094e-06,4.81328497e-06
4.3640,1.39574864e-05,4.81578365e-06,4.81578769e-06
4.3650,1.39597037e-05,4.81828858e-06,4.81829262e-06
4.3660,1.39619256e-05,4.82079573e-06,4.82079977e-06
4.3670,1.39641524e-05,4.82330510e-06,4.82330915e-06
4.3680,1.39663838e-05,4.82581670e-06,4.82582075e-06
4.3690,1.39686199e-05,4.82833053e-06,4.82833458e-06
4.3700,1.39708606e-05,4.83084660e-06,4.83085065e-06
4.3710,1.39731060e-05,4.83336491e-06,4.83336897e-06
4.3720,1.39753559e-05,4.83588546e-06,4.83588952e-06
4.3730,1.39776104e-05,4.83840827e-06,4.83841233e-06
4.3740,1.39798694e-05,4.84093332e-06,4.84093739e-06
4.3750,1.39821329e-05,4.84346064e-06,4.84346471e-06
4.3760,1.39844008e-05,4.84599021e-06,4.84599428e-06
4.3770,1.39866732e-05,4.84852206e-06,4.84852613e-06
4.3780,1.39889499e-05,4.85105617e-06,4.85106025e-06
4.3790,1.39912310e-05,4.85359256e-06,4.85359664e-06
4.3800,1.39935164e-05,4.85613123e-06,4.85613531e-06
4.3810,1.39958062e-05,4.85867218e-06,4.85867627e-06
4.3820,1.39981001e-05,4.86121542e-06,4.86121951e-06
4.3830,1.40003983e-05,4.86376096e-06,4.86376505e-06
4.3840,1.40027007e-05,4.86630879e-06,4.86631288e-06
4.3850,1.40050072e-05,4.86885892e-06,4.86886302e-06
4.3860,1.40073179e-05,4.87141136e-06,4.87141546e-06
4.3870,1.40096326e-05,4.87396610e-06,4.87397021e-06
4.3880,1.40119514e-05,4.87652317e-06,4.87652727e-06
4.3890,1.40142742e-05,4.87908255e-06,4.87908665e-06
4.3900,1.40166010e-05,4.88164425e-06,4.88164836e-06
4.3910,1.40189318e-05,4.88420828e-06,4.88421239e-06
4.3920,1.40212664e-05,4.88677464e-06,4.88677876e-06
4.3930,1.40236050e-05,4.88934334e-06,4.88934746e-06
4.3940,1.40259474e-05,4.89191437e-06,4.89191850e-06
4.3950,1.40282935e-05,4.89448776e-06,4.89449188e-06
4.3960,1.40306435e-05,4.89706349e-06,4.89706762e-06
4.3970,1.40329972e-05,4.89964157e-06,4.89964571e-06
4.3980,1.40353545e-05,4.90222202e-06,4.90222615e-06
4.3990,1.40377156e-05,4.90480482e-06,4.90480896e-06
4.4000,1.40400802e-05,4.90738999e-06,4.90739413e-06
4.4010,1.40424485e-05,4.90997753e-06,4.90998168e-06
4.4020,1.40448203e-05,4.91256745e-06,4.91257160e-06
4.4030,1.40471956e-05,4.91515975e-06,4.91516390e-06
4.4040,1.40495744e-05,4.91775443e-06,4.91775858e-06
4.4050,1.40519566e-05,4.92035150e-06,4.92035565e-06
4.4060,1.40543422e-05,4.92295096e-06,4.92295512e-06
4.4070,1.40567312e-05,4.92555282e-06,4.92555698e-06
4.4080,1.40591234e-05,4.92815708e-06,4.92816124e-06
4.4090,1.40615190e-05,4.93076375e-06,4.93076791e-06
4.4100,1.40639178e-05,4.93337282e-06,4.93337699e-06
4.4110,1.40663198e-05,4.93598431e-06,4.93598849e-06
4.4120,1.40687250e-05,4.93859822e-06,4.93860240e-06
4.4130,1.40711332e-05,4.94121456e-06,4.94121874e-06
4.4140,1.40735446e-05,4.94383332e-06,4.94383750e-06
4.4150,1.40759590e-05,4.94645451e-06,4.94645870e-06
4.4160,1.40783764e-05,4.94907814e-06,4.94908233e-06
4.4170,1.40807968e-05,4.95170421e-06,4.95170840e-06
4.4180,1.40832201e-05,4.95433273e-06,4.95433692e-06
4.4190,1.40856462e-05,4.95696370e-06,4.95696789e-06
4.4200,1.40880752e-05,4.95959712e-06,4.95960132e-06
4.4210,1.40905070e-05,4.96223299e-06,4.96223720e-06
4.4220,1.40929416e-05,4.96487134e-06,4.96487554e-06
4.4230,1.40953789e-05,4.96751214e-06,4.96751635e-06
4.4240,1.40978188e-05,4.97015543e-06,4.97015964e-06
4.4250,1.41002613e-05,4.97280118e-06,4.97280540e-06
4.4260,1.41027065e-05,4.97544942e-06,4.97545364e-06
4.4270,1.41051542e-05,4.97810014e-06,4.97810436e-06
4.4280,1.41076044e-05,4.98075335e-06,4.98075758e-06
4.4290,1.41100570e-05,4.98340906e-06,4.98341329e-06
4.4300,1.41125120e-05,4.98606726e-06,4.98607149e-06
4.4310,1.41149695e-05,4.98872797e-06,4.98873220e-06
4.4320,1.41174292e-05,4.99139118e-06,4.99139542e-06
4.4330,1.41198912e-05,4.99405690e-06,4.99406114e-06
4.4340,1.41223555e-05,4.99672514e-06,4.99672939e-06
4.4350,1.41248219e-05,4.99939590e-06,4.99940015e-06
4.4360,1.41272905e-05,5.00206919e-06,5.00207344e-06
4.4370,1.41297612e-05,5.00474500e-06,5.00474925e-06
4.4380,1.41322340e-05,5.00742335e-06,5.00742760e-06
4.4390,1.41347088e-05,5.01010423e-06,5.01010849e-06
4.4400,1.41371855e-05,5.01278766e-06,5.01279192e-06
4.4410,1.41396641e-05,5.01547363e-06,5.01547789e-06
4.4420,1.41421447e-05,5.01816215e-06,5.01816642e-06
4.4430,1.41446270e-05,5.02085323e-06,5.02085750e-06
4.4440,1.41471112e-05,5.02354687e-06,5.02355114e-06
4.4450,1.41495970e-05,5.02624307e-06,5.02624735e-06
4.4460,1.41520846e-05,5.02894184e-06,5.02894612e-06
4.4470,1.41545738e-05,5.03164318e-06,5.03164747e-06
4.4480,1.41570646e-05,5.03434711e-06,5.03435139e-06
4.4490,1.41595569e-05,5.03705361e-06,5.03705790e-06
4.4500,1.41620508e-05,5.03976270e-06,5.03976699e-06
4.4510,1.41645461e-05,5.04247437e-06,5.04247867e-06
4.4520,1.41670428e-05,5.04518865e-06,5.04519295e-06
4.4530,1.41695408e-05,5.04790552e-06,5.04790983e-06
4.4540,1.41720402e-05,5.05062500e-06,5.05062931e-06
4.4550,1.41745408e-05,5.05334708e-06,5.05335139e-06
4.4560,1.41770426e-05,5.05607178e-06,5.05607609e-06
4.4570,1.41795456e-05,5.05879909e-06,5.05880341e-06
4.4580,1.41820497e-05,5.06152903e-06,5.06153335e-06
4.4590,1.41845548e-05,5.06426159e-06,5.06426591e-06
4.4600,1.41870610e-05,5.06699678e-06,5.06700111e-06
4.4610,1.41895681e-05,5.06973460e-06,5.06973893e-06
4.4620,1.41920762e-05,5.07247507e-06,5.07247940e-06
4.4630,1.41945851e-05,5.07521817e-06,5.07522251e-06
4.4640,1.41970948e-05,5.07796393e-06,5.07796827e-06
4.4650,1.41996053e-05,5.08071233e-06,5.08071667e-06
4.4660,1.42021165e-05,5.08346339e-06,5.08346774e-06
4.4670,1.42046283e-05,5.08621712e-06,5.08622147e-06
4.4680,1.42071408e-05,5.08897350e-06,5.08897786e-06
4.4690,1.42096538e-05,5.09173256e-06,5.09173692e-06
4.4700,1.42121673e-05,5.09449429e-06,5.09449865e-06
4.4710,1.42146813e-05,5.09725870e-06,5.09726306e-06
4.4720,1.42171956e-05,5.10002579e-06,5.10003015e-06
4.4730,1.42197104e-05,5.10279556e-06,5.10279993e-06
4.4740,1.42222254e-05,5.10556803e-06,5.10557241e-06
4.4750,1.42247406e-05,5.10834320e-06,5.10834757e-06
4.4760,1.42272561e-05,5.11112106e-06,5.11112544e-06
4.4770,1.42297717e-05,5.11390163e-06,5.11390601e-06
4.4780,1.42322874e-05,5.11668490e-06,5.11668929e-06
4.4790,1.42348031e-05,5.11947089e-06,5.11947528e-06
4.4800,1.42373188e-05,5.12225960e-06,5.12226399e-06
4.4810,1.42398344e-05,5.12505102e-06,5.12505542e-06
4.4820,1.42423499e-05,5.12784518e-06,5.12784958e-06
4.4830,1.42448652e-05,5.13064206e-06,5.13064646e-06
4.4840,1.42473803e-05,5.13344168e-06,5.13344608e-06
4.4850,1.42498951e-05,5.13624403e-06,5.13624844e-06
4.4860,1.42524095e-05,5.13904913e-06,5.13905355e-06
4.4870,1.42549236e-05,5.14185698e-06,5.14186140e-06
4.4880,1.42574371e-05,5.14466758e-06,5.14467200e-06
4.4890,1.42599502e-05,5.14748094e-06,5.14748536e-06
4.4900,1.42624627e-05,5.15029705e-06,5.15030148e-06
4.4910,1.42649746e-05,5.15311593e-06,5.15312036e-06
4.4920,1.42674859e-05,5.15593758e-06,5.15594202e-06
4.4930,1.42699964e-05,5.15876200e-06,5.15876644e-06
4.4940,1.42725061e-05,5.16158920e-06,5.16159365e-06
4.4950,1.42750150e-05,5.16441919e-06,5.16442363e-06
4.4960,1.42775229e-05,5.16725196e-06,5.16725640e-06
4.4970,1.42800300e-05,5.17008751e-06,5.17009197e-06
4.4980,1.42825360e-05,5.17292587e-06,5.17293032e-06
4.4990,1.42850409e-05,5.17576702e-06,5.17577148e-06
4.5000,1.42875448e-05,5.17861098e-06,5.17861544e-06
4.5010,1.42900474e-05,5.18145774e-06,5.18146221e-06
4.5020,1.42925488e-05,5.18430732e-06,5.18431178e-06
4.5030,1.42950489e-05,5.18715971e-06,5.18716418e-06
4.5040,1.42975477e-05,5.19001492e-06,5.19001940e-06
4.5050,1.43000451e-05,5.19287296e-06,5.19287744e-06
4.5060,1.43025410e-05,5.19573382e-06,5.19573831e-06
4.5070,1.43050353e-05,5.19859752e-06,5.19860201e-06
4.5080,1.43075281e-05,5.20146406e-06,5.20146855e-06
4.5090,1.43100193e-05,5.20433344e-06,5.20433793e-06
4.5100,1.43125088e-05,5.20720566e-06,5.20721016e-06
4.5110,1.43149965e-05,5.21008073e-06,5.21008523e-06
4.5120,1.43174824e-05,5.21295866e-06,5.21296317e-06
4.5130,1.43199664e-05,5.21583945e-06,5.21584396e-06
4.5140,1.43224485e-05,5.21872310e-06,5.21872761e-06
4.5150,1.43249286e-05,5.22160962e-06,5.22161413e-06
4.5160,1.43274067e-05,5.22449900e-06,5.22450352e-06
4.5170,1.43298826e-05,5.22739127e-06,5.22739579e-06
4.5180,1.43323564e-05,5.23028641e-06,5.23029093e-06
4.5190,1.43348280e-05,5.23318444e-06,5.23318896e-06
4.5200,1.43372973e-05,5.23608535e-06,5.23608988e-06
4.5210,1.43397642e-05,5.23898916e-06,5.23899369e-06
4.5220,1.43422288e-05,5.24189586e-06,5.24190040e-06
4.5230,1.43446909e-05,5.24480546e-06,5.24481000e-06
4.5240,1.43471505e-05,5.24771797e-06,5.24772252e-06
4.5250,1.43496075e-05,5.25063339e-06,5.25063794e-06
4.5260,1.43520618e-05,5.25355172e-06,5.25355627e-06
4.5270,1.43545135e-05,5.25647296e-06,5.25647752e-06
4.5280,1.43569624e-05,5.25939713e-06,5.25940169e-06
4.5290,1.43594085e-05,5.26232422e-06,5.26232879e-06
4.5300,1.43618517e-05,5.26525425e-06,5.26525881e-06
4.5310,1.43642919e-05,5.26818720e-06,5.26819177e-06
4.5320,1.43667292e-05,5.27112310e-06,5.27112767e-06
4.5330,1.43691634e-05,5.27406193e-06,5.27406651e-06
4.5340,1.43715945e-05,5.27700371e-06,5.27700829e-06
4.5350,1.43740224e-05,5.27994844e-06,5.27995303e-06
4.5360,1.43764471e-05,5.28289613e-06,5.28290072e-06
4.5370,1.43788684e-05,5.28584677e-06,5.28585137e-06
4.5380,1.43812865e-05,5.28880038e-06,5.28880498e-06
4.5390,1.43837010e-05,5.29175695e-06,5.29176155e-06
4.5400,1.43861121e-05,5.29471649e-06,5.29472110e-06
4.5410,1.43885197e-05,5.29767901e-06,5.29768362e-06
4.5420,1.43909237e-05,5.30064450e-06,5.30064912e-06
4.5430,1.43933240e-05,5.30361298e-06,5.30361760e-06
4.5440,1.43957205e-05,5.30658445e-06,5.30658907e-06
4.5450,1.43981133e-05,5.30955890e-06,5.30956352e-06
4.5460,1.44005022e-05,5.31253635e-06,5.31254098e-06
4.5470,1.44028873e-05,5.31551680e-06,5.31552143e-06
4.5480,1.44052683e-05,5.31850025e-06,5.31850488e-06
4.5490,1.44076453e-05,5.32148671e-06,5.32149134e-06
4.5500,1.44100183e-05,5.32447617e-06,5.32448082e-06
4.5510,1.44123870e-05,5.32746866e-06,5.32747330e-06
4.5520,1.44147516e-05,5.33046416e-06,5.33046881e-06
4.5530,1.44171119e-05,5.33346268e-06,5.33346733e-06
4.5540,1.44194678e-05,5.33646423e-06,5.33646889e-06
4.5550,1.44218194e-05,5.33946881e-06,5.33947347e-06
4.5560,1.44241665e-05,5.34247643e-06,5.34248109e-06
4.5570,1.44265091e-05,5.34548708e-06,5.34549175e-06
4.5580,1.44288470e-05,5.34850077e-06,5.34850545e-06
4.5590,1.44311804e-05,5.35151751e-06,5.35152219e-06
4.5600,1.44335090e-05,5.35453731e-06,5.35454199e-06
4.5610,1.44358329e-05,5.35756015e-06,5.35756483e-06
4.5620,1.44381520e-05,5.36058605e-06,5.36059074e-06
4.5630,1.44404661e-05,5.36361502e-06,5.36361971e-06
4.5640,1.44427753e-05,5.36664705e-06,5.36665174e-06
4.5650,1.44450795e-05,5.36968215e-06,5.36968685e-06
4.5660,1.44473787e-05,5.37272032e-06,5.37272502e-06
4.5670,1.44496727e-05,5.37576157e-06,5.37576628e-06
4.5680,1.44519615e-05,5.37880590e-06,5.37881061e-06
4.5690,1.44542450e-05,5.38185332e-06,5.38185803e-06
4.5700,1.44565233e-05,5.38490382e-06,5.38490854e-06
4.5710,1.44587961e-05,5.38795742e-06,5.38796214e-06
4.5720,1.44610636e-05,5.39101411e-06,5.39101884e-06
4.5730,1.44633255e-05,5.39407390e-06,5.39407863e-06
4.5740,1.44655819e-05,5.39713680e-06,5.39714153e-06
4.5750,1.44678326e-05,5.40020280e-06,5.40020754e-06
4.5760,1.44700777e-05,5.40327192e-06,5.40327666e-06
4.5770,1.44723170e-05,5.40634415e-06,5.40634890e-06
4.5780,1.44745506e-05,5.40941950e-06,5.40942425e-06
4.5790,1.44767782e-05,5.41249797e-06,5.41250273e-06
4.5800,1.44790000e-05,5.41557957e-06,5.41558433e-06
4.5810,1.44812157e-05,5.41866430e-06,5.41866906e-06
4.5820,1.44834255e-05,5.42175216e-06,5.42175693e-06
4.5830,1.44856291e-05,5.42484316e-06,5.42484793e-06
4.5840,1.44878265e-05,5.42793730e-06,5.42794207e-06
4.5850,1.44900178e-05,5.43103458e-06,5.43103936e-06
4.5860,1.44922027e-05,5.43413502e-06,5.43413980e-06
4.5870,1.44943813e-05,5.43723860e-06,5.43724339e-06
4.5880,1.44965535e-05,5.44034534e-06,5.44035014e-06
4.5890,1.44987193e-05,5.44345524e-06,5.44346004e-06
4.5900,1.45008785e-05,5.44656831e-06,5.44657311e-06
4.5910,1.45030312e-05,5.44968454e-06,5.44968934e-06
4.5920,1.45051772e-05,5.45280394e-06,5.45280875e-06
4.5930,1.45073165e-05,5.45592651e-06,5.45593132e-06
4.5940,1.45094491e-05,5.45905226e-06,5.45905708e-06
4.5950,1.45115748e-05,5.46218120e-06,5.46218601e-06
4.5960,1.45136937e-05,5.46531331e-06,5.46531814e-06
4.5970,1.45158056e-05,5.46844862e-06,5.46845344e-06
4.5980,1.45179105e-05,5.47158711e-06,5.47159194e-06
4.5990,1.45200084e-05,5.47472880e-06,5.47473364e-06
4.6000,1.45220992e-05,5.47787369e-06,5.47787853e-06
4.6010,1.45241828e-05,5.48102178e-06,5.48102663e-06
4.6020,1.45262592e-05,5.48417308e-06,5.48417793e-06
4.6030,1.45283284e-05,5.48732758e-06,5.48733244e-06
4.6040,1.45303901e-05,5.49048530e-06,5.49049016e-06
4.6050,1.45324445e-05,5.49364624e-06,5.49365110e-06
4.6060,1.45344915e-05,5.49681039e-06,5.49681525e-06
4.6070,1.45365309e-05,5.49997776e-06,5.49998263e-06
4.6080,1.45385628e-05,5.50314837e-06,5.50315324e-06
4.6090,1.45405870e-05,5.50632220e-06,5.50632707e-06
4.6100,1.45426036e-05,5.50949926e-06,5.50950414e-06
4.6110,1.45446124e-05,5.51267956e-06,5.51268445e-06
4.6120,1.45466134e-05,5.51586310e-06,5.51586799e-06
4.6130,1.45486066e-05,5.51904988e-06,5.51905478e-06
4.6140,1.45505919e-05,5.52223991e-06,5.52224481e-06
4.6150,1.45525692e-05,5.52543319e-06,5.52543809e-06
4.6160,1.45545386e-05,5.52862972e-06,5.52863463e-06
4.6170,1.45564998e-05,5.53182951e-06,5.53183442e-06
4.6180,1.45584530e-05,5.53503255e-06,5.53503747e-06
4.6190,1.45603979e-05,5.53823886e-06,5.53824378e-06
4.6200,1.45623347e-05,5.54144844e-06,5.54145336e-06
4.6210,1.45642631e-05,5.54466128e-06,5.54466621e-06
4.6220,1.45661832e-05,5.54787740e-06,5.54788233e-06
4.6230,1.45680949e-05,5.55109679e-06,5.55110173e-06
4.6240,1.45699982e-05,5.55431946e-06,5.55432440e-06
4.6250,1.45718930e-05,5.55754542e-06,5.55755036e-06
4.6260,1.45737793e-05,5.56077465e-06,5.56077960e-06
4.6270,1.45756569e-05,5.56400718e-06,5.56401213e-06
4.6280,1.45775259e-05,5.56724300e-06,5.56724796e-06
4.6290,1.45793862e-05,5.57048211e-06,5.57048707e-06
4.6300,1.45812377e-05,5.57372452e-06,5.57372949e-06
4.6310,1.45830804e-05,5.57697023e-06,5.57697520e-06
4.6320,1.45849142e-05,5.58021924e-06,5.58022422e-06
4.6330,1.45867392e-05,5.58347156e-06,5.58347654e-06
4.6340,1.45885552e-05,5.58672719e-06,5.58673218e-06
4.6350,1.45903622e-05,5.58998614e-06,5.58999113e-06
4.6360,1.45921601e-05,5.59324840e-06,5.59325339e-06
4.6370,1.45939489e-05,5.59651398e-06,5.59651898e-06
4.6380,1.45957286e-05,5.59978288e-06,5.59978788e-06
4.6390,1.45974990e-05,5.60305510e-06,5.60306011e-06
4.6400,1.45992602e-05,5.60633066e-06,5.60633567e-06
4.6410,1.46010121e-05,5.60960954e-06,5.60961456e-06
4.6420,1.46027546e-05,5.61289176e-06,5.61289678e-06
4.6430,1.46044878e-05,5.61617731e-06,5.61618234e-06
4.6440,1.46062115e-05,5.61946621e-06,5.61947124e-06
4.6450,1.46079257e-05,5.62275844e-06,5.62276348e-06
4.6460,1.46096303e-05,5.62605402e-06,5.62605906e-06
4.6470,1.46113254e-05,5.62935295e-06,5.62935800e-06
4.6480,1.46130109e-05,5.63265524e-06,5.63266028e-06
4.6490,1.46146866e-05,5.63596087e-06,5.63596592e-06
4.6500,1.46163527e-05,5.63926986e-06,5.63927492e-06
4.6510,1.46180090e-05,5.64258221e-06,5.64258727e-06
4.6520,1.46196554e-05,5.64589792e-06,5.64590299e-06
4.6530,1.46212921e-05,5.64921700e-06,5.64922207e-06
4.6540,1.46229188e-05,5.65253944e-06,5.65254452e-06
4.6550,1.46245356e-05,5.65586526e-06,5.65587034e-06
4.6560,1.46261423e-05,5.65919445e-06,5.65919953e-06
4.6570,1.46277391e-05,5.66252701e-06,5.66253210e-06
4.6580,1.46293258e-05,5.66586295e-06,5.66586805e-06
4.6590,1.46309024e-05,5.66920228e-06,5.66920737e-06
4.6600,1.46324688e-05,5.67254498e-06,5.67255008e-06
4.6610,1.46340251e-05,5.67589107e-06,5.67589618e-06
4.6620,1.46355711e-05,5.67924056e-06,5.67924567e-06
4.6630,1.46371068e-05,5.68259343e-06,5.68259854e-06
4.6640,1.46386322e-05,5.68594969e-06,5.68595482e-06
4.6650,1.46401473e-05,5.68930936e-06,5.68931448e-06
4.6660,1.46416520e-05,5.69267242e-06,5.69267755e-06
4.6670,1.46431462e-05,5.69603888e-06,5.69604402e-06
4.6680,1.46446300e-05,5.69940875e-06,5.69941389e-06
4.6690,1.46461033e-05,5.70278202e-06,5.70278717e-06
4.6700,1.46475660e-05,5.70615871e-06,5.70616385e-06
4.6710,1.46490181e-05,5.70953880e-06,5.70954395e-06
4.6720,1.46504597e-05,5.71292231e-06,5.71292746e-06
4.6730,1.46518905e-05,5.71630923e-06,5.71631439e-06
4.6740,1.46533107e-05,5.71969957e-06,5.71970474e-06
4.6750,1.46547202e-05,5.72309333e-06,5.72309851e-06
4.6760,1.46561189e-05,5.72649052e-06,5.72649570e-06
4.6770,1.46575068e-05,5.72989113e-06,5.72989631e-06
4.6780,1.46588839e-05,5.73329517e-06,5.73330036e-06
4.6790,1.46602502e-05,5.73670264e-06,5.73670783e-06
4.6800,1.46616055e-05,5.74011354e-06,5.74011874e-06
4.6810,1.46629500e-05,5.74352788e-06,5.74353308e-06
4.6820,1.46642834e-05,5.74694565e-06,5.74695085e-06
4.6830,1.46656059e-05,5.75036686e-06,5.75037207e-06
4.6840,1.46669174e-05,5.75379151e-06,5.75379673e-06
4.6850,1.46682178e-05,5.75721961e-06,5.75722483e-06
4.6860,1.46695072e-05,5.76065115e-06,5.76065637e-06
4.6870,1.46707854e-05,5.76408614e-06,5.76409137e-06
4.6880,1.46720525e-05,5.76752458e-06,5.76752981e-06
4.6890,1.46733085e-05,5.77096647e-06,5.77097171e-06
4.6900,1.46745532e-05,5.77441181e-06,5.77441705e-06
4.6910,1.46757867e-05,5.77786061e-06,5.77786586e-06
4.6920,1.46770090e-05,5.78131287e-06,5.78131812e-06
4.6930,1.46782200e-05,5.78476858e-06,5.78477384e-06
4.6940,1.46794198e-05,5.78822776e-06,5.78823303e-06
4.6950,1.46806082e-05,5.79169041e-06,5.79169567e-06
4.6960,1.46817852e-05,5.79515652e-06,5.79516179e-06
4.6970,1.46829509e-05,5.79862609e-06,5.79863137e-06
4.6980,1.46841052e-05,5.80209914e-06,5.80210442e-06
4.6990,1.46852480e-05,5.80557565e-06,5.80558094e-06
4.7000,1.46863795e-05,5.80905564e-06,5.80906094e-06
4.7010,1.46874994e-05,5.81253911e-06,5.81254441e-06
4.7020,1.46886079e-05,5.81602605e-06,5.81603135e-06
4.7030,1.46897048e-05,5.81951647e-06,5.81952178e-06
4.7040,1.46907903e-05,5.82301037e-06,5.82301568e-06
4.7050,1.46918642e-05,5.82650776e-06,5.82651307e-06
4.7060,1.46929265e-05,5.83000862e-06,5.83001394e-06
4.7070,1.46939772e-05,5.83351298e-06,5.83351830e-06
4.7080,1.46950163e-05,5.83702081e-06,5.83702615e-06
4.7090,1.46960438e-05,5.84053214e-06,5.84053748e-06
4.7100,1.46970597e-05,5.84404696e-06,5.84405230e-06
4.7110,1.46980639e-05,5.84756527e-06,5.84757062e-06
4.7120,1.46990564e-05,5.85108708e-06,5.85109243e-06
4.7130,1.47000373e-05,5.85461238e-06,5.85461774e-06
4.7140,1.47010064e-05,5.85814118e-06,5.85814654e-06
4.7150,1.47019638e-05,5.86167347e-06,5.86167884e-06
4.7160,1.47029095e-05,5.86520927e-06,5.86521464e-06
4.7170,1.47038434e-05,5.86874856e-06,5.86875394e-06
4.7180,1.47047656e-05,5.87229136e-06,5.87229675e-06
4.7190,1.47056760e-05,5.87583767e-06,5.87584305e-06
4.7200,1.47065746e-05,5.87938748e-06,5.87939287e-06
4.7210,1.47074614e-05,5.88294079e-06,5.88294619e-06
4.7220,1.47083364e-05,5.88649762e-06,5.88650302e-06
4.7230,1.47091996e-05,5.89005795e-06,5.89006336e-06
4.7240,1.47100509e-05,5.89362180e-06,5.89362721e-06
4.7250,1.47108905e-05,5.89718915e-06,5.89719457e-06
4.7260,1.47117181e-05,5.90076002e-06,5.90076545e-06
4.7270,1.47125339e-05,5.90433441e-06,5.90433984e-06
4.7280,1.47133379e-05,5.90791231e-06,5.90791774e-06
4.7290,1.47141300e-05,5.91149373e-06,5.91149917e-06
4.7300,1.47149102e-05,5.91507867e-06,5.91508411e-06
4.7310,1.47156785e-05,5.91866712e-06,5.91867257e-06
4.7320,1.47164350e-05,5.92225910e-06,5.92226455e-06
4.7330,1.47171795e-05,5.92585460e-06,5.92586006e-06
4.7340,1.47179122e-05,5.92945362e-06,5.92945909e-06
4.7350,1.47186329e-05,5.93305617e-06,5.93306164e-06
4.7360,1.47193418e-05,5.93666224e-06,5.93666771e-06
4.7370,1.47200388e-05,5.94027183e-06,5.94027731e-06
4.7380,1.47207238e-05,5.94388495e-06,5.94389044e-06
4.7390,1.47213969e-05,5.94750161e-06,5.94750710e-06
4.7400,1.47220582e-05,5.95112178e-06,5.95112728e-06
4.7410,1.47227075e-05,5.95474549e-06,5.95475099e-06
4.7420,1.47233449e-05,5.95837273e-06,5.95837824e-06
4.7430,1.47239704e-05,5.96200350e-06,5.96200901e-06
4.7440,1.47245840e-05,5.96563780e-06,5.96564332e-06
4.7450,1.47251858e-05,5.96927564e-06,5.96928116e-06
4.7460,1.47257756e-05,5.97291701e-06,5.97292254e-06
4.7470,1.47263535e-05,5.97656191e-06,5.97656744e-06
4.7480,1.47269195e-05,5.98021035e-06,5.98021589e-06
4.7490,1.47274736e-05,5.98386232e-06,5.98386787e-06
4.7500,1.47280159e-05,5.98751783e-06,5.98752338e-06
4.7510,1.47285462e-05,5.99117688e-06,5.99118243e-06
4.7520,1.47290647e-05,5.99483947e-06,5.99484503e-06
4.7530,1.47295714e-05,5.99850559e-06,5.99851115e-06
4.7540,1.47300661e-05,6.00217525e-06,6.00218082e-06
4.7550,1.47305491e-05,6.00584845e-06,6.00585403e-06
4.7560,1.47310202e-05,6.00952519e-06,6.00953077e-06
4.7570,1.47314794e-05,6.01320548e-06,6.01321106e-06
4.7580,1.47319269e-05,6.01688930e-06,6.01689489e-06
4.7590,1.47323625e-05,6.02057666e-06,6.02058226e-06
4.7600,1.47327863e-05,6.02426757e-06,6.02427317e-06
4.7610,1.47331983e-05,6.02796201e-06,6.02796762e-06
4.7620,1.47335986e-05,6.03166000e-06,6.03166562e-06
4.7630,1.47339871e-05,6.03536153e-06,6.03536715e-06
4.7640,1.47343638e-05,6.03906661e-06,6.03907223e-06
4.7650,1.47347288e-05,6.04277523e-06,6.04278086e-06
4.7660,1.47350821e-05,6.04648739e-06,6.04649302e-06
4.7670,1.47354237e-05,6.05020309e-06,6.05020873e-06
4.7680,1.47357536e-05,6.05392234e-06,6.05392799e-06
4.7690,1.47360718e-05,6.05764514e-06,6.05765079e-06
4.7700,1.47363783e-05,6.06137147e-06,6.06137713e-06
4.7710,1.47366732e-05,6.06510135e-06,6.06510701e-06
4.7720,1.47369565e-05,6.06883478e-06,6.06884044e-06
4.7730,1.47372281e-05,6.07257175e-06,6.07257742e-06
4.7740,1.47374882e-05,6.07631226e-06,6.07631794e-06
4.7750,1.47377367e-05,6.08005632e-06,6.08006200e-06
4.7760,1.47379736e-05,6.08380392e-06,6.08380961e-06
4.7770,1.47381990e-05,6.08755506e-06,6.08756076e-06
4.7780,1.47384129e-05,6.09130975e-06,6.09131545e-06
4.7790,1.47386153e-05,6.09506799e-06,6.09507369e-06
4.7800,1.47388063e-05,6.09882977e-06,6.09883548e-06
4.7810,1.47389858e-05,6.10259509e-06,6.10260080e-06
4.7820,1.47391539e-05,6.10636395e-06,6.10636967e-06
4.7830,1.47393106e-05,6.11013636e-06,6.11014209e-06
4.7840,1.47394559e-05,6.11391231e-06,6.11391804e-06
4.7850,1.47395898e-05,6.11769180e-06,6.11769754e-06
4.7860,1.47397125e-05,6.12147483e-06,6.12148058e-06
4.7870,1.47398238e-05,6.12526141e-06,6.12526716e-06
4.7880,1.47399238e-05,6.12905153e-06,6.12905728e-06
4.7890,1.47400127e-05,6.13284518e-06,6.13285095e-06
4.7900,1.47400903e-05,6.13664238e-06,6.13664815e-06
4.7910,1.47401567e-05,6.14044312e-06,6.14044889e-06
4.7920,1.47402119e-05,6.14424740e-06,6.14425318e-06
4.7930,1.47402560e-05,6.14805522e-06,6.14806100e-06
4.7940,1.47402890e-05,6.15186657e-06,6.15187236e-06
4.7950,1.47403110e-05,6.15568146e-06,6.15568726e-06
4.7960,1.47403219e-05,6.15949989e-06,6.15950570e-06
4.7970,1.47403217e-05,6.16332186e-06,6.16332767e-06
4.7980,1.47403106e-05,6.16714736e-06,6.16715318e-06
4.7990,1.47402886e-05,6.17097640e-06,6.17098222e-06
4.8000,1.47402556e-05,6.17480897e-06,6.17481480e-06
4.8010,1.47402118e-05,6.17864507e-06,6.17865091e-06
4.8020,1.47401570e-05,6.18248471e-06,6.18249055e-06
4.8030,1.47400915e-05,6.18632788e-06,6.18633372e-06
4.8040,1.47400152e-05,6.19017458e-06,6.19018043e-06
4.8050,1.47399281e-05,6.19402481e-06,6.19403066e-06
4.8060,1.47398304e-05,6.19787857e-06,6.19788443e-06
4.8070,1.47397219e-05,6.20173586e-06,6.20174172e-06
4.8080,1.47396028e-05,6.20559667e-06,6.20560254e-06
4.8090,1.47394731e-05,6.20946101e-06,6.20946689e-06
4.8100,1.47393329e-05,6.21332887e-06,6.21333476e-06
4.8110,1.47391821e-05,6.21720026e-06,6.21720615e-06
4.8120,1.47390208e-05,6.22107517e-06,6.22108107e-06
4.8130,1.47388491e-05,6.22495361e-06,6.22495951e-06
4.8140,1.47386669e-05,6.22883556e-06,6.22884147e-06
4.8150,1.47384744e-05,6.23272103e-06,6.23272694e-06
4.8160,1.47382715e-05,6.23661002e-06,6.23661594e-06
4.8170,1.47380584e-05,6.24050253e-06,6.24050845e-06
4.8180,1.47378350e-05,6.24439855e-06,6.24440448e-06
4.8190,1.47376013e-05,6.24829809e-06,6.24830402e-06
4.8200,1.47373575e-05,6.25220114e-06,6.25220708e-06
4.8210,1.47371036e-05,6.25610770e-06,6.25611364e-06
4.8220,1.47368396e-05,6.26001777e-06,6.26002372e-06
4.8230,1.47365656e-05,6.26393134e-06,6.26393730e-06
4.8240,1.47362815e-05,6.26784843e-06,6.26785439e-06
4.8250,1.47359875e-05,6.27176902e-06,6.27177499e-06
4.8260,1.47356836e-05,6.27569311e-06,6.27569909e-06
4.8270,1.47353698e-05,6.27962070e-06,6.27962669e-06
4.8280,1.47350462e-05,6.28355180e-06,6.28355779e-06
4.8290,1.47347128e-05,6.28748639e-06,6.28749239e-06
4.8300,1.47343697e-05,6.29142448e-06,6.29143048e-06
4.8310,1.47340169e-05,6.29536607e-06,6.29537207e-06
4.8320,1.47336544e-05,6.29931115e-06,6.29931716e-06
4.8330,1.47332824e-05,6.30325972e-06,6.30326574e-06
4.8340,1.47329008e-05,6.30721178e-06,6.30721780e-06
4.8350,1.47325098e-05,6.31116732e-06,6.31117336e-06
4.8360,1.47321092e-05,6.31512636e-06,6.31513240e-06
4.8370,1.47316993e-05,6.31908888e-06,6.31909492e-06
4.8380,1.47312801e-05,6.32305488e-06,6.32306093e-06
4.8390,1.47308515e-05,6.32702436e-06,6.32703041e-06
4.8400,1.47304137e-05,6.33099731e-06,6.33100338e-06
4.8410,1.47299666e-05,6.33497375e-06,6.33497982e-06
4.8420,1.47295105e-05,6.33895366e-06,6.33895973e-06
4.8430,1.47290452e-05,6.34293704e-06,6.34294312e-06
4.8440,1.47285709e-05,6.34692388e-06,6.34692997e-06
4.8450,1.47280876e-05,6.35091420e-06,6.35092029e-06
4.8460,1.47275953e-05,6.35490798e-06,6.35491408e-06
4.8470,1.47270941e-05,6.35890523e-06,6.35891133e-06
4.8480,1.47265841e-05,6.36290593e-06,6.36291204e-06
4.8490,1.47260653e-05,6.36691009e-06,6.36691621e-06
4.8500,1.47255378e-05,6.37091771e-06,6.37092383e-06
4.8510,1.47250016e-05,6.37492878e-06,6.37493491e-06
4.8520,1.47244568e-05,6.37894330e-06,6.37894944e-06
4.8530,1.47239034e-05,6.38296127e-06,6.38296742e-06
4.8540,1.47233414e-05,6.38698269e-06,6.38698884e-06
4.8550,1.47227710e-05,6.39100755e-06,6.39101370e-06
4.8560,1.47221922e-05,6.39503585e-06,6.39504201e-06
4.8570,1.47216050e-05,6.39906759e-06,6.39907376e-06
4.8580,1.47210096e-05,6.40310276e-06,6.40310894e-06
4.8590,1.47204059e-05,6.40714137e-06,6.40714755e-06
4.8600,1.47197940e-05,6.41118341e-06,6.41118959e-06
4.8610,1.47191739e-05,6.41522887e-06,6.41523506e-06
4.8620,1.47185458e-05,6.41927776e-06,6.41928396e-06
4.8630,1.47179097e-05,6.42333007e-06,6.42333627e-06
4.8640,1.47172656e-05,6.42738580e-06,6.42739201e-06
4.8650,1.47166136e-05,6.43144495e-06,6.43145116e-06
4.8660,1.47159538e-05,6.43550750e-06,6.43551373e-06
4.8670,1.47152861e-05,6.43957347e-06,6.43957970e-06
4.8680,1.47146108e-05,6.44364285e-06,6.44364908e-06
4.8690,1.47139277e-05,6.44771563e-06,6.44772187e-06
4.8700,1.47132371e-05,6.45179181e-06,6.45179805e-06
4.8710,1.47125389e-05,6.45587138e-06,6.45587764e-06
4.8720,1.47118332e-05,6.45995435e-06,6.45996062e-06
4.8730,1.47111201e-05,6.46404072e-06,6.46404699e-06
4.8740,1.47103996e-05,6.46813047e-06,6.46813674e-06
4.8750,1.47096717e-05,6.47222361e-06,6.47222989e-06
4.8760,1.47089366e-05,6.47632013e-06,6.47632641e-06
4.8770,1.47081944e-05,6.48042002e-06,6.48042632e-06
4.8780,1.47074449e-05,6.48452330e-06,6.48452959e-06
4.8790,1.47066884e-05,6.48862994e-06,6.48863624e-06
4.8800,1.47059249e-05,6.49273995e-06,6.49274626e-06
4.8810,1.47051545e-05,6.49685333e-06,6.49685965e-06
4.8820,1.47043771e-05,6.50097007e-06,6.50097639e-06
4.8830,1.47035929e-05,6.50509016e-06,6.50509649e-06
4.8840,1.47028019e-05,6.50921361e-06,6.50921995e-06
4.8850,1.47020043e-05,6.51334041e-06,6.51334676e-06
4.8860,1.47012000e-05,6.51747056e-06,6.51747691e-06
4.8870,1.47003891e-05,6.52160405e-06,6.52161041e-06
4.8880,1.46995716e-05,6.52574088e-06,6.52574725e-06
4.8890,1.46987478e-05,6.52988105e-06,6.52988742e-06
4.8900,1.46979175e-05,6.53402455e-06,6.53403092e-06
4.8910,1.46970809e-05,6.53817137e-06,6.53817776e-06
4.8920,1.46962380e-05,6.54232152e-06,6.54232791e-06
4.8930,1.46953889e-05,6.54647500e-06,6.54648139e-06
4.8940,1.46945336e-05,6.55063178e-06,6.55063818e-06
4.8950,1.46936723e-05,6.55479188e-06,6.55479829e-06
4.8960,1.46928049e-05,6.55895529e-06,6.55896171e-06
4.8970,1.46919316e-05,6.56312200e-06,6.56312843e-06
4.8980,1.46910524e-05,6.56729202e-06,6.56729845e-06
4.8990,1.46901674e-05,6.57146533e-06,6.57147176e-06
4.9000,1.46892766e-05,6.57564193e-06,6.57564837e-06
4.9010,1.46883801e-05,6.57982182e-06,6.57982827e-06
4.9020,1.46874780e-05,6.58400499e-06,6.58401145e-06
4.9030,1.46865703e-05,6.58819145e-06,6.58819791e-06
4.9040,1.46856571e-05,6.59238118e-06,6.59238764e-06
4.9050,1.46847384e-05,6.59657418e-06,6.59658065e-06
4.9060,1.46838144e-05,6.60077044e-06,6.60077692e-06
4.9070,1.46828851e-05,6.60496997e-06,6.60497646e-06
4.9080,1.46819505e-05,6.60917276e-06,6.60917925e-06
4.9090,1.46810107e-05,6.61337880e-06,6.61338530e-06
4.9100,1.46800658e-05,6.61758808e-06,6.61759459e-06
4.9110,1.46791158e-05,6.62180062e-06,6.62180713e-06
4.9120,1.46781608e-05,6.62601639e-06,6.62602291e-06
4.9130,1.46772010e-05,6.63023540e-06,6.63024192e-06
4.9140,1.46762362e-05,6.63445763e-06,6.63446417e-06
4.9150,1.46752667e-05,6.63868310e-06,6.63868964e-06
4.9160,1.46742924e-05,6.64291178e-06,6.64291833e-06
4.9170,1.46733135e-05,6.64714368e-06,6.64715023e-06
4.9180,1.46723299e-05,6.65137879e-06,6.65138535e-06
4.9190,1.46713419e-05,6.65561711e-06,6.65562367e-06
4.9200,1.46703493e-05,6.65985863e-06,6.65986520e-06
4.9210,1.46693524e-05,6.66410334e-06,6.66410992e-06
4.9220,1.46683511e-05,6.66835125e-06,6.66835784e-06
4.9230,1.46673455e-05,6.67260234e-06,6.67260894e-06
4.9240,1.46663358e-05,6.67685662e-06,6.67686322e-06
4.9250,1.46653218e-05,6.68111407e-06,6.68112068e-06
4.9260,1.46643038e-05,6.68537470e-06,6.68538131e-06
4.9270,1.46632818e-05,6.68963849e-06,6.68964511e-06
4.9280,1.46622559e-05,6.69390544e-06,6.69391207e-06
4.9290,1.46612261e-05,6.69817555e-06,6.69818218e-06
4.9300,1.46601924e-05,6.70244881e-06,6.70245545e-06
4.9310,1.46591550e-05,6.70672521e-06,6.70673186e-06
4.9320,1.46581139e-05,6.71100475e-06,6.71101141e-06
4.9330,1.46570692e-05,6.71528743e-06,6.71529409e-06
4.9340,1.46560210e-05,6.71957324e-06,6.71957991e-06
4.9350,1.46549692e-05,6.72386217e-06,6.72386885e-06
4.9360,1.46539140e-05,6.72815423e-06,6.72816091e-06
4.9370,1.46528555e-05,6.73244939e-06,6.73245608e-06
4.9380,1.46517937e-05,6.73674766e-06,6.73675436e-06
4.9390,1.46507286e-05,6.74104904e-06,6.74105574e-06
4.9400,1.46496604e-05,6.74535351e-06,6.74536021e-06
4.9410,1.46485891e-05,6.74966107e-06,6.74966778e-06
4.9420,1.46475148e-05,6.75397171e-06,6.75397844e-06
4.9430,1.46464375e-05,6.75828544e-06,6.75829217e-06
4.9440,1.46453573e-05,6.76260224e-06,6.76260897e-06
4.9450,1.46442742e-05,6.76692210e-06,6.76692885e-06
4.9460,1.46431884e-05,6.77124503e-06,6.77125178e-06
4.9470,1.46420999e-05,6.77557101e-06,6.77557777e-06
4.9480,1.46410087e-05,6.77990005e-06,6.77990681e-06
4.9490,1.46399150e-05,6.78423213e-06,6.78423890e-06
4.9500,1.46388187e-05,6.78856724e-06,6.78857402e-06
4.9510,1.46377200e-05,6.79290539e-06,6.79291218e-06
4.9520,1.46366189e-05,6.79724657e-06,6.79725336e-06
4.9530,1.46355155e-05,6.80159076e-06,6.80159756e-06
4.9540,1.46344099e-05,6.80593797e-06,6.80594478e-06
4.9550,1.46333021e-05,6.81028819e-06,6.81029500e-06
4.9560,1.46321921e-05,6.81464140e-06,6.81464822e-06
4.9570,1.46310801e-05,6.81899762e-06,6.81900444e-06
4.9580,1.46299660e-05,6.82335682e-06,6.82336365e-06
4.9590,1.46288501e-05,6.82771900e-06,6.82772584e-06
4.9600,1.46277323e-05,6.83208417e-06,6.83209101e-06
4.9610,1.46266126e-05,6.83645230e-06,6.83645915e-06
4.9620,1.46254913e-05,6.84082339e-06,6.84083025e-06
4.9630,1.46243682e-05,6.84519744e-06,6.84520431e-06
4.9640,1.46232436e-05,6.84957444e-06,6.84958132e-06
4.9650,1.46221173e-05,6.85395439e-06,6.85396127e-06
4.9660,1.46209896e-05,6.85833727e-06,6.85834416e-06
4.9670,1.46198605e-05,6.86272309e-06,6.86272998e-06
4.9680,1.46187300e-05,6.86711183e-06,6.86711873e-06
4.9690,1.46175983e-05,6.87150348e-06,6.87151039e-06
4.9700,1.46164653e-05,6.87589805e-06,6.87590497e-06
4.9710,1.46153311e-05,6.88029552e-06,6.88030244e-06
4.9720,1.46141958e-05,6.88469589e-06,6.88470282e-06
4.9730,1.46130594e-05,6.88909915e-06,6.88910608e-06
4.9740,1.46119221e-05,6.89350529e-06,6.89351223e-06
4.9750,1.46107839e-05,6.89791431e-06,6.89792126e-06
4.9760,1.46096448e-05,6.90232619e-06,6.90233315e-06
4.9770,1.46085049e-05,6.90674095e-06,6.90674791e-06
4.9780,1.46073642e-05,6.91115855e-06,6.91116553e-06
4.9790,1.46062229e-05,6.91557901e-06,6.91558599e-06
4.9800,1.46050810e-05,6.92000231e-06,6.92000929e-06
4.9810,1.46039385e-05,6.92442844e-06,6.92443543e-06
4.9820,1.46027956e-05,6.92885740e-06,6.92886440e-06
4.9830,1.46016522e-05,6.93328918e-06,6.93329619e-06
4.9840,1.46005084e-05,6.93772377e-06,6.93773079e-06
4.9850,1.45993644e-05,6.94216117e-06,6.94216819e-06
4.9860,1.45982201e-05,6.94660136e-06,6.94660839e-06
4.9870,1.45970756e-05,6.95104435e-06,6.95105139e-06
4.9880,1.45959309e-05,6.95549012e-06,6.95549717e-06
4.9890,1.45947863e-05,6.95993867e-06,6.95994572e-06
4.9900,1.45936416e-05,6.96438999e-06,6.96439705e-06
4.9910,1.45924969e-05,6.96884406e-06,6.96885113e-06
4.9920,1.45913524e-05,6.97330090e-06,6.97330797e-06
4.9930,1.45902081e-05,6.97776047e-06,6.97776755e-06
4.9940,1.45890639e-05,6.98222279e-06,6.98222988e-06
4.9950,1.45879201e-05,6.98668784e-06,6.98669493e-06
4.9960,1.45867766e-05,6.99115561e-06,6.99116271e-06
4.9970,1.45856336e-05,6.99562610e-06,6.99563321e-06
4.9980,1.45844910e-05,7.00009929e-06,7.00010641e-06
4.9990,1.45833489e-05,7.00457519e-06,7.00458231e-06
5.0000,1.45822075e-05,7.00905378e-06,7.00906091e-06
5.0010,1.45810666e-05,7.01353505e-06,7.01354219e-06
5.0020,1.45799265e-05,7.01801900e-06,7.01802615e-06
5.0030,1.45787871e-05,7.02250562e-06,7.02251277e-06
5.0040,1.45776486e-05,7.02699490e-06,7.02700206e-06
5.0050,1.45765109e-05,7.03148683e-06,7.03149400e-06
5.0060,1.45753741e-05,7.03598141e-06,7.03598859e-06
5.0070,1.45742384e-05,7.04047863e-06,7.04048581e-06
5.0080,1.45731037e-05,7.04497847e-06,7.04498566e-06
5.0090,1.45719701e-05,7.04948094e-06,7.04948813e-06
5.0100,1.45708376e-05,7.05398601e-06,7.05399322e-06
5.0110,1.45697064e-05,7.05849370e-06,7.05850091e-06
5.0120,1.45685764e-05,7.06300398e-06,7.06301119e-06
5.0130,1.45674477e-05,7.06751684e-06,7.06752407e-06
5.0140,1.45663205e-05,7.07203229e-06,7.07203952e-06
5.0150,1.45651947e-05,7.07655031e-06,7.07655755e-06
5.0160,1.45640703e-05,7.08107089e-06,7.08107813e-06
5.0170,1.45629476e-05,7.08559402e-06,7.08560128e-06
5.0180,1.45618264e-05,7.09011971e-06,7.09012697e-06
5.0190,1.45607069e-05,7.09464793e-06,7.09465519e-06
5.0200,1.45595890e-05,7.09917868e-06,7.09918595e-06
5.0210,1.45584730e-05,7.10371195e-06,7.10371923e-06
5.0220,1.45573588e-05,7.10824773e-06,7.10825502e-06
5.0230,1.45562464e-05,7.11278602e-06,7.11279331e-06
5.0240,1.45551360e-05,7.11732680e-06,7.11733410e-06
5.0250,1.45540275e-05,7.12187007e-06,7.12187738e-06
5.0260,1.45529211e-05,7.12641581e-06,7.12642313e-06
5.0270,1.45518168e-05,7.13096403e-06,7.13097135e-06
5.0280,1.45507146e-05,7.13551470e-06,7.13552204e-06
5.0290,1.45496146e-05,7.14006783e-06,7.14007517e-06
5.0300,1.45485168e-05,7.14462340e-06,7.14463075e-06
5.0310,1.45474214e-05,7.14918140e-06,7.14918876e-06
5.0320,1.45463283e-05,7.15374183e-06,7.15374919e-06
5.0330,1.45452375e-05,7.15830468e-06,7.15831205e-06
5.0340,1.45441493e-05,7.16286993e-06,7.16287731e-06
5.0350,1.45430635e-05,7.16743758e-06,7.16744496e-06
5.0360,1.45419803e-05,7.17200762e-06,7.17201501e-06
5.0370,1.45408997e-05,7.17658004e-06,7.17658744e-06
5.0380,1.45398217e-05,7.18115483e-06,7.18116223e-06
5.0390,1.45387464e-05,7.18573198e-06,7.18573939e-06
5.0400,1.45376739e-05,7.19031148e-06,7.19031891e-06
5.0410,1.45366042e-05,7.19489333e-06,7.19490076e-06
5.0420,1.45355374e-05,7.19947751e-06,7.19948495e-06
5.0430,1.45344734e-05,7.20406402e-06,7.20407147e-06
5.0440,1.45334124e-05,7.20865285e-06,7.20866030e-06
5.0450,1.45323544e-05,7.21324398e-06,7.21325144e-06
5.0460,1.45312994e-05,7.21783740e-06,7.21784487e-06
5.0470,1.45302476e-05,7.22243312e-06,7.22244059e-06
5.0480,1.45291988e-05,7.22703111e-06,7.22703859e-06
5.0490,1.45281533e-05,7.23163137e-06,7.23163886e-06
5.0500,1.45271110e-05,7.23623390e-06,7.23624139e-06
5.0510,1.45260720e-05,7.24083867e-06,7.24084617e-06
5.0520,1.45250363e-05,7.24544568e-06,7.24545319e-06
5.0530,1.45240040e-05,7.25005492e-06,7.25006244e-06
5.0540,1.45229752e-05,7.25466639e-06,7.25467392e-06
5.0550,1.45219498e-05,7.25928007e-06,7.25928760e-06
5.0560,1.45209279e-05,7.26389595e-06,7.26390349e-06
5.0570,1.45199096e-05,7.26851402e-06,7.26852157e-06
5.0580,1.45188949e-05,7.27313427e-06,7.27314183e-06
5.0590,1.45178838e-05,7.27775670e-06,7.27776426e-06
5.0600,1.45168765e-05,7.28238129e-06,7.28238886e-06
5.0610,1.45158729e-05,7.28700803e-06,7.28701561e-06
5.0620,1.45148731e-05,7.29163692e-06,7.29164450e-06
5.0630,1.45138771e-05,7.29626794e-06,7.29627553e-06
5.0640,1.45128850e-05,7.30090108e-06,7.30090868e-06
5.0650,1.45118968e-05,7.30553634e-06,7.30554395e-06
5.0660,1.45109126e-05,7.31017370e-06,7.31018132e-06
5.0670,1.45099324e-05,7.31481316e-06,7.31482078e-06
5.0680,1.45089563e-05,7.31945470e-06,7.31946233e-06
5.0690,1.45079842e-05,7.32409831e-06,7.32410595e-06
5.0700,1.45070163e-05,7.32874399e-06,7.32875164e-06
5.0710,1.45060526e-05,7.33339172e-06,7.33339938e-06
5.0720,1.45050931e-05,7.33804150e-06,7.33804916e-06
5.0730,1.45041379e-05,7.34269331e-06,7.34270098e-06
5.0740,1.45031869e-05,7.34734714e-06,7.34735482e-06
5.0750,1.45022404e-05,7.35200299e-06,7.35201067e-06
5.0760,1.45012982e-05,7.35666083e-06,7.35666852e-06
5.0770,1.45003604e-05,7.36132067e-06,7.36132837e-06
5.0780,1.44994272e-05,7.36598250e-06,7.36599020e-06
5.0790,1.44984984e-05,7.37064629e-06,7.37065400e-06
5.0800,1.44975742e-05,7.37531205e-06,7.37531977e-06
5.0810,1.44966545e-05,7.37997976e-06,7.37998748e-06
5.0820,1.44957396e-05,7.38464940e-06,7.38465714e-06
5.0830,1.44948292e-05,7.38932098e-06,7.38932873e-06
5.0840,1.44939236e-05,7.39399448e-06,7.39400223e-06
5.0850,1.44930228e-05,7.39866989e-06,7.39867765e-06
5.0860,1.44921267e-05,7.40334720e-06,7.40335496e-06
5.0870,1.44912355e-05,7.40802639e-06,7.40803416e-06
5.0880,1.44903491e-05,7.41270746e-06,7.41271524e-06
5.0890,1.44894677e-05,7.41739041e-06,7.41739819e-06
5.0900,1.44885911e-05,7.42207520e-06,7.42208300e-06
5.0910,1.44877196e-05,7.42676184e-06,7.42676965e-06
5.0920,1.44868531e-05,7.43145032e-06,7.43145813e-06
5.0930,1.44859916e-05,7.43614063e-06,7.43614844e-06
5.0940,1.44851352e-05,7.44083274e-06,7.44084057e-06
5.0950,1.44842840e-05,7.44552666e-06,7.44553449e-06
5.0960,1.44834379e-05,7.45022237e-06,7.45023021e-06
5.0970,1.44825970e-05,7.45491986e-06,7.45492771e-06
5.0980,1.44817613e-05,7.45961913e-06,7.45962698e-06
5.0990,1.44809309e-05,7.46432015e-06,7.46432802e-06
5.1000,1.44801059e-05,7.46902292e-06,7.46903079e-06
5.1010,1.44792861e-05,7.47372743e-06,7.47373531e-06
5.1020,1.44784718e-05,7.47843367e-06,7.47844156e-06
5.1030,1.44776628e-05,7.48314163e-06,7.48314952e-06
5.1040,1.44768593e-05,7.48785128e-06,7.48785918e-06
5.1050,1.44760613e-05,7.49256264e-06,7.49257054e-06
5.1060,1.44752688e-05,7.49727567e-06,7.49728359e-06
5.1070,1.44744818e-05,7.50199038e-06,7.50199830e-06
5.1080,1.44737005e-05,7.50670675e-06,7.50671468e-06
5.1090,1.44729247e-05,7.51142477e-06,7.51143270e-06
5.1100,1.44721546e-05,7.51614442e-06,7.51615237e-06
5.1110,1.44713901e-05,7.52086571e-06,7.52087366e-06
5.1120,1.44706314e-05,7.52558861e-06,7.52559657e-06
5.1130,1.44698784e-05,7.53031311e-06,7.53032108e-06
5.1140,1.44691312e-05,7.53503921e-06,7.53504719e-06
5.1150,1.44683898e-05,7.53976690e-06,7.53977488e-06
5.1160,1.44676542e-05,7.54449615e-06,7.54450414e-06
5.1170,1.44669245e-05,7.54922697e-06,7.54923496e-06
5.1180,1.44662007e-05,7.55395933e-06,7.55396733e-06
5.1190,1.44654828e-05,7.55869323e-06,7.55870124e-06
5.1200,1.44647709e-05,7.56342866e-06,7.56343668e-06
5.1210,1.44640650e-05,7.56816560e-06,7.56817363e-06
5.1220,1.44633651e-05,7.57290404e-06,7.57291208e-06
5.1230,1.44626713e-05,7.57764398e-06,7.57765202e-06
5.1240,1.44619835e-05,7.58238540e-06,7.58239345e-06
5.1250,1.44613019e-05,7.58712828e-06,7.58713634e-06
5.1260,1.44606263e-05,7.59187263e-06,7.59188069e-06
5.1270,1.44599570e-05,7.59661842e-06,7.59662649e-06
5.1280,1.44592938e-05,7.60136564e-06,7.60137372e-06
5.1290,1.44586369e-05,7.60611429e-06,7.60612238e-06
5.1300,1.44579862e-05,7.61086435e-06,7.61087244e-06
5.1310,1.44573418e-05,7.61561581e-06,7.61562391e-06
5.1320,1.44567037e-05,7.62036865e-06,7.62037676e-06
5.1330,1.44560720e-05,7.62512288e-06,7.62513100e-06
5.1340,1.44554466e-05,7.62987846e-06,7.62988659e-06
5.1350,1.44548276e-05,7.63463540e-06,7.63464354e-06
5.1360,1.44542150e-05,7.63939369e-06,7.63940183e-06
5.1370,1.44536088e-05,7.64415330e-06,7.64416145e-06
5.1380,1.44530091e-05,7.64891423e-06,7.64892239e-06
5.1390,1.44524159e-05,7.65367647e-06,7.65368463e-06
5.1400,1.44518292e-05,7.65844000e-06,7.65844817e-06
5.1410,1.44512491e-05,7.66320482e-06,7.66321300e-06
5.1420,1.44506755e-05,7.66797090e-06,7.66797909e-06
5.1430,1.44501086e-05,7.67273825e-06,7.67274644e-06
5.1440,1.44495482e-05,7.67750684e-06,7.67751504e-06
5.1450,1.44489945e-05,7.68227667e-06,7.68228488e-06
5.1460,1.44484474e-05,7.68704772e-06,7.68705594e-06
5.1470,1.44479071e-05,7.69181998e-06,7.69182821e-06
5.1480,1.44473734e-05,7.69659344e-06,7.69660168e-06
5.1490,1.44468465e-05,7.70136809e-06,7.70137634e-06
5.1500,1.44463264e-05,7.70614392e-06,7.70615217e-06
5.1510,1.44458130e-05,7.71092091e-06,7.71092917e-06
5.1520,1.44453064e-05,7.71569905e-06,7.71570732e-06
5.1530,1.44448067e-05,7.72047834e-06,7.72048661e-06
5.1540,1.44443138e-05,7.72525875e-06,7.72526703e-06
5.1550,1.44438278e-05,7.73004027e-06,7.73004856e-06
5.1560,1.44433487e-05,7.73482290e-06,7.73483120e-06
5.1570,1.44428765e-05,7.73960663e-06,7.73961493e-06
5.1580,1.44424113e-05,7.74439143e-06,7.74439974e-06
5.1590,1.44419530e-05,7.74917730e-06,7.74918561e-06
5.1600,1.44415016e-05,7.75396422e-06,7.75397255e-06
5.1610,1.44410573e-05,7.75875219e-06,7.75876052e-06
5.1620,1.44406200e-05,7.76354119e-06,7.76354953e-06
5.1630,1.44401898e-05,7.76833121e-06,7.76833956e-06
5.1640,1.44397666e-05,7.77312224e-06,7.77313059e-06
5.1650,1.44393504e-05,7.77791426e-06,7.77792262e-06
5.1660,1.44389414e-05,7.78270726e-06,7.78271563e-06
5.1670,1.44385395e-05,7.78750123e-06,7.78750961e-06
5.1680,1.44381448e-05,7.79229617e-06,7.79230455e-06
5.1690,1.44377572e-05,7.79709204e-06,7.79710044e-06
5.1700,1.44373767e-05,7.80188886e-06,7.80189726e-06
5.1710,1.44370035e-05,7.80668659e-06,7.80669500e-06
5.1720,1.44366375e-05,7.81148523e-06,7.81149365e-06
5.1730,1.44362787e-05,7.81628477e-06,7.81629319e-06
5.1740,1.44359271e-05,7.82108519e-06,7.82109362e-06
5.1750,1.44355828e-05,7.82588649e-06,7.82589493e-06
5.1760,1.44352458e-05,7.83068864e-06,7.83069709e-06
5.1770,1.44349161e-05,7.83549165e-06,7.83550010e-06
5.1780,1.44345937e-05,7.84029549e-06,7.84030395e-06
5.1790,1.44342787e-05,7.84510015e-06,7.84510862e-06
5.1800,1.44339710e-05,7.84990562e-06,7.84991410e-06
5.1810,1.44336706e-05,7.85471189e-06,7.85472037e-06
5.1820,1.44333777e-05,7.85951894e-06,7.85952744e-06
5.1830,1.44330921e-05,7.86432677e-06,7.86433527e-06
5.1840,1.44328139e-05,7.86913536e-06,7.86914387e-06
5.1850,1.44325432e-05,7.87394470e-06,7.87395321e-06
5.1860,1.44322799e-05,7.87875477e-06,7.87876330e-06
5.1870,1.44320241e-05,7.88356557e-06,7.88357410e-06
5.1880,1.44317757e-05,7.88837708e-06,7.88838562e-06
5.1890,1.44315349e-05,7.89318929e-06,7.89319783e-06
5.1900,1.44313015e-05,7.89800218e-06,7.89801073e-06
5.1910,1.44310756e-05,7.90281574e-06,7.90282430e-06
5.1920,1.44308573e-05,7.90762997e-06,7.90763854e-06
5.1930,1.44306465e-05,7.91244485e-06,7.91245342e-06
5.1940,1.44304432e-05,7.91726036e-06,7.91726894e-06
5.1950,1.44302475e-05,7.92207650e-06,7.92208509e-06
5.1960,1.44300594e-05,7.92689324e-06,7.92690184e-06
5.1970,1.44298789e-05,7.93171059e-06,7.93171919e-06
5.1980,1.44297060e-05,7.93652852e-06,7.93653713e-06
5.1990,1.44295407e-05,7.94134702e-06,7.94135564e-06
5.2000,1.44293831e-05,7.94616609e-06,7.94617472e-06
5.2010,1.44292330e-05,7.95098570e-06,7.95099434e-06
5.2020,1.44290907e-05,7.95580585e-06,7.95581449e-06
5.2030,1.44289559e-05,7.96062652e-06,7.96063517e-06
5.2040,1.44288289e-05,7.96544771e-06,7.96545636e-06
5.2050,1.44287095e-05,7.97026939e-06,7.97027805e-06
5.2060,1.44285979e-05,7.97509155e-06,7.97510022e-06
5.2070,1.44284939e-05,7.97991419e-06,7.97992287e-06
5.2080,1.44283977e-05,7.98473729e-06,7.98474597e-06
5.2090,1.44283092e-05,7.98956083e-06,7.98956953e-06
5.2100,1.44282284e-05,7.99438481e-06,7.99439351e-06
5.2110,1.44281553e-05,7.99920921e-06,7.99921792e-06
5.2120,1.44280900e-05,8.00403402e-06,8.00404274e-06
5.2130,1.44280325e-05,8.00885923e-06,8.00886796e-06
5.2140,1.44279828e-05,8.01368482e-06,8.01369356e-06
5.2150,1.44279408e-05,8.01851079e-06,8.01851953e-06
5.2160,1.44279066e-05,8.02333711e-06,8.02334586e-06
5.2170,1.44278802e-05,8.02816378e-06,8.02817253e-06
5.2180,1.44278616e-05,8.03299078e-06,8.03299954e-06
5.2190,1.44278508e-05,8.03781810e-06,8.03782687e-06
5.2200,1.44278479e-05,8.04264573e-06,8.04265451e-06
5.2210,1.44278528e-05,8.04747366e-06,8.04748244e-06
5.2220,1.44278655e-05,8.05230187e-06,8.05231066e-06
5.2230,1.44278860e-05,8.05713035e-06,8.05713915e-06
5.2240,1.44279144e-05,8.06195908e-06,8.06196789e-06
5.2250,1.44279507e-05,8.06678806e-06,8.06679688e-06
5.2260,1.44279948e-05,8.07161727e-06,8.07162610e-06
5.2270,1.44280467e-05,8.07644671e-06,8.07645553e-06
5.2280,1.44281066e-05,8.08127634e-06,8.08128518e-06
5.2290,1.44281743e-05,8.08610617e-06,8.08611502e-06
5.2300,1.44282499e-05,8.09093619e-06,8.09094504e-06
5.2310,1.44283334e-05,8.09576637e-06,8.09577523e-06
5.2320,1.44284248e-05,8.10059670e-06,8.10060557e-06
5.2330,1.44285241e-05,8.10542718e-06,8.10543606e-06
5.2340,1.44286313e-05,8.11025779e-06,8.11026668e-06
5.2350,1.44287464e-05,8.11508852e-06,8.11509741e-06
5.2360,1.44288694e-05,8.11991935e-06,8.11992825e-06
5.2370,1.44290004e-05,8.12475028e-06,8.12475918e-06
5.2380,1.44291392e-05,8.12958128e-06,8.12959019e-06
5.2390,1.44292860e-05,8.13441235e-06,8.13442127e-06
5.2400,1.44294407e-05,8.13924347e-06,8.13925240e-06
5.2410,1.44296034e-05,8.14407464e-06,8.14408357e-06
5.2420,1.44297739e-05,8.14890583e-06,8.14891477e-06
5.2430,1.44299524e-05,8.15373704e-06,8.15374599e-06
5.2440,1.44301389e-05,8.15856825e-06,8.15857721e-06
5.2450,1.44303333e-05,8.16339946e-06,8.16340842e-06
5.2460,1.44305356e-05,8.16823064e-06,8.16823961e-06
5.2470,1.44307459e-05,8.17306178e-06,8.17307076e-06
5.2480,1.44309641e-05,8.17789288e-06,8.17790186e-06
5.2490,1.44311903e-05,8.18272392e-06,8.18273291e-06
5.2500,1.44314244e-05,8.18755488e-06,8.18756388e-06
5.2510,1.44316665e-05,8.19238576e-06,8.19239477e-06
5.2520,1.44319165e-05,8.19721654e-06,8.19722555e-06
5.2530,1.44321745e-05,8.20204720e-06,8.20205623e-06
5.2540,1.44324404e-05,8.20687775e-06,8.20688678e-06
5.2550,1.44327143e-05,8.21170815e-06,8.21171719e-06
5.2560,1.44329961e-05,8.21653841e-06,8.21654746e-06
5.2570,1.44332859e-05,8.22136851e-06,8.22137756e-06
5.2580,1.44335837e-05,8.22619843e-06,8.22620749e-06
5.2590,1.44338894e-05,8.23102816e-06,8.23103723e-06
5.2600,1.44342030e-05,8.23585770e-06,8.23586677e-06
5.2610,1.44345247e-05,8.24068702e-06,8.24069610e-06
5.2620,1.44348542e-05,8.24551611e-06,8.24552520e-06
5.2630,1.44351917e-05,8.25034497e-06,8.25035407e-06
5.2640,1.44355372e-05,8.25517358e-06,8.25518268e-06
5.2650,1.44358906e-05,8.26000192e-06,8.26001103e-06
5.2660,1.44362519e-05,8.26482999e-06,8.26483911e-06
5.2670,1.44366212e-05,8.26965777e-06,8.26966689e-06
5.2680,1.44369984e-05,8.27448524e-06,8.27449438e-06
5.2690,1.44373836e-05,8.27931241e-06,8.27932155e-06
5.2700,1.44377767e-05,8.28413925e-06,8.28414839e-06
5.2710,1.44381777e-05,8.28896574e-06,8.28897490e-06
5.2720,1.44385867e-05,8.29379189e-06,8.29380105e-06
5.2730,1.44390036e-05,8.29861767e-06,8.29862684e-06
5.2740,1.44394284e-05,8.30344308e-06,8.30345225e-06
5.2750,1.44398611e-05,8.30826809e-06,8.30827728e-06
5.2760,1.44403017e-05,8.31309271e-06,8.31310190e-06
5.2770,1.44407503e-05,8.31791691e-06,8.31792611e-06
5.2780,1.44412067e-05,8.32274068e-06,8.32274989e-06
5.2790,1.44416711e-05,8.32756401e-06,8.32757323e-06
5.2800,1.44421433e-05,8.33238689e-06,8.33239611e-06
5.2810,1.44426235e-05,8.33720931e-06,8.33721854e-06
5.2820,1.44431115e-05,8.34203125e-06,8.34204048e-06
5.2830,1.44436074e-05,8.34685269e-06,8.34686194e-06
5.2840,1.44441112e-05,8.35167364e-06,8.35168289e-06
5.2850,1.44446228e-05,8.35649407e-06,8.35650333e-06
5.2860,1.44451423e-05,8.36131397e-06,8.36132324e-06
5.2870,1.44456697e-05,8.36613334e-06,8.36614261e-06
5.2880,1.44462049e-05,8.37095215e-06,8.37096143e-06
5.2890,1.44467480e-05,8.37577040e-06,8.37577969e-06
5.2900,1.44472989e-05,8.38058807e-06,8.38059736e-06
5.2910,1.44478577e-05,8.38540515e-06,8.38541445e-06
5.2920,1.44484242e-05,8.39022163e-06,8.39023094e-06
5.2930,1.44489986e-05,8.39503749e-06,8.39504681e-06
5.2940,1.44495808e-05,8.39985273e-06,8.39986205e-06
5.2950,1.44501708e-05,8.40466733e-06,8.40467666e-06
5.2960,1.44507686e-05,8.40948127e-06,8.40949061e-06
5.2970,1.44513741e-05,8.41429456e-06,8.41430390e-06
5.2980,1.44519875e-05,8.41910716e-06,8.41911651e-06
5.2990,1.44526086e-05,8.42391908e-06,8.42392844e-06
5.3000,1.44532375e-05,8.42873030e-06,8.42873966e-06
5.3010,1.44538741e-05,8.43354080e-06,8.43355017e-06
5.3020,1.44545184e-05,8.43835058e-06,8.43835996e-06
5.3030,1.44551705e-05,8.44315962e-06,8.44316900e-06
5.3040,1.44558304e-05,8.44796790e-06,8.44797730e-06
5.3050,1.44564979e-05,8.45277543e-06,8.45278483e-06
5.3060,1.44571731e-05,8.45758218e-06,8.45759159e-06
5.3070,1.44578560e-05,8.46238815e-06,8.46239756e-06
5.3080,1.44585467e-05,8.46719331e-06,8.46720274e-06
5.3090,1.44592449e-05,8.47199767e-06,8.47200710e-06
5.3100,1.44599509e-05,8.47680120e-06,8.47681064e-06
5.3110,1.44606645e-05,8.48160389e-06,8.48161334e-06
5.3120,1.44613857e-05,8.48640574e-06,8.48641519e-06
5.3130,1.44621146e-05,8.49120673e-06,8.49121618e-06
5.3140,1.44628510e-05,8.49600684e-06,8.49601631e-06
5.3150,1.44635951e-05,8.50080607e-06,8.50081554e-06
5.3160,1.44643468e-05,8.50560440e-06,8.50561388e-06
5.3170,1.44651060e-05,8.51040183e-06,8.51041131e-06
5.3180,1.44658728e-05,8.51519833e-06,8.51520782e-06
5.3190,1.44666472e-05,8.51999390e-06,8.52000340e-06
5.3200,1.44674291e-05,8.52478853e-06,8.52479803e-06
5.3210,1.44682186e-05,8.52958219e-06,8.52959171e-06
5.3220,1.44690155e-05,8.53437489e-06,8.53438442e-06
5.3230,1.44698200e-05,8.53916661e-06,8.53917614e-06
5.3240,1.44706319e-05,8.54395734e-06,8.54396688e-06
5.3250,1.44714514e-05,8.54874706e-06,8.54875660e-06
5.3260,1.44722783e-05,8.55353576e-06,8.55354532e-06
5.3270,1.44731126e-05,8.55832344e-06,8.55833300e-06
5.3280,1.44739544e-05,8.56311007e-06,8.56311964e-06
5.3290,1.44748035e-05,8.56789566e-06,8.56790523e-06
5.3300,1.44756601e-05,8.57268017e-06,8.57268975e-06
5.3310,1.44765241e-05,8.57746361e-06,8.57747320e-06
5.3320,1.44773954e-05,8.58224597e-06,8.58225556e-06
5.3330,1.44782741e-05,8.58702722e-06,8.58703682e-06
5.3340,1.44791602e-05,8.59180736e-06,8.59181697e-06
5.3350,1.44800536e-05,8.59658638e-06,8.59659599e-06
5.3360,1.44809542e-05,8.60136426e-06,8.60137388e-06
5.3370,1.44818622e-05,8.60614099e-06,8.60615062e-06
5.3380,1.44827775e-05,8.61091657e-06,8.61092620e-06
5.3390,1.44837000e-05,8.61569097e-06,8.61570061e-06
5.3400,1.44846297e-05,8.62046419e-06,8.62047384e-06
5.3410,1.44855667e-05,8.62523622e-06,8.62524588e-06
5.3420,1.44865109e-05,8.63000704e-06,8.63001670e-06
5.3430,1.44874623e-05,8.63477665e-06,8.63478632e-06
5.3440,1.44884209e-05,8.63954502e-06,8.63955470e-06
5.3450,1.44893866e-05,8.64431216e-06,8.64432184e-06
5.3460,1.44903594e-05,8.64907804e-06,8.64908773e-06
5.3470,1.44913394e-05,8.65384266e-06,8.65385236e-06
5.3480,1.44923265e-05,8.65860600e-06,8.65861571e-06
5.3490,1.44933206e-05,8.66336806e-06,8.66337777e-06
5.3500,1.44943219e-05,8.66812882e-06,8.66813854e-06
5.3510,1.44953301e-05,8.67288827e-06,8.67289799e-06
5.3520,1.44963454e-05,8.67764639e-06,8.67765612e-06
5.3530,1.44973677e-05,8.68240319e-06,8.68241293e-06
5.3540,1.44983970e-05,8.68715864e-06,8.68716838e-06
5.3550,1.44994332e-05,8.69191273e-06,8.69192249e-06
5.3560,1.45004764e-05,8.69666546e-06,8.69667522e-06
5.3570,1.45015266e-05,8.70141681e-06,8.70142658e-06
5.3580,1.45025836e-05,8.70616677e-06,8.70617654e-06
5.3590,1.45036475e-05,8.71091533e-06,8.71092511e-06
5.3600,1.45047183e-05,8.71566248e-06,8.71567226e-06
5.3610,1.45057959e-05,8.72040820e-06,8.72041800e-06
5.3620,1.45068803e-05,8.72515249e-06,8.72516229e-06
5.3630,1.45079715e-05,8.72989533e-06,8.72990514e-06
5.3640,1.45090696e-05,8.73463672e-06,8.73464653e-06
5.3650,1.45101743e-05,8.73937664e-06,8.73938646e-06
5.3660,1.45112858e-05,8.74411508e-06,8.74412490e-06
5.3670,1.45124040e-05,8.74885203e-06,8.74886186e-06
5.3680,1.45135289e-05,8.75358747e-06,8.75359731e-06
5.3690,1.45146605e-05,8.75832141e-06,8.75833125e-06
5.3700,1.45157987e-05,8.76305382e-06,8.76306367e-06
5.3710,1.45169435e-05,8.76778469e-06,8.76779455e-06
5.3720,1.45180949e-05,8.77251402e-06,8.77252389e-06
5.3730,1.45192529e-05,8.77724179e-06,8.77725167e-06
5.3740,1.45204175e-05,8.78196800e-06,8.78197788e-06
5.3750,1.45215885e-05,8.78669263e-06,8.78670251e-06
5.3760,1.45227661e-05,8.79141566e-06,8.79142556e-06
5.3770,1.45239501e-05,8.79613710e-06,8.79614700e-06
5.3780,1.45251406e-05,8.80085693e-06,8.80086683e-06
5.3790,1.45263375e-05,8.80557513e-06,8.80558504e-06
5.3800,1.45275408e-05,8.81029170e-06,8.81030162e-06
5.3810,1.45287505e-05,8.81500663e-06,8.81501656e-06
5.3820,1.45299665e-05,8.81971990e-06,8.81972983e-06
5.3830,1.45311889e-05,8.82443151e-06,8.82444145e-06
5.3840,1.45324175e-05,8.82914144e-06,8.82915139e-06
5.3850,1.45336524e-05,8.83384968e-06,8.83385964e-06
5.3860,1.45348936e-05,8.83855623e-06,8.83856619e-06
5.3870,1.45361410e-05,8.84326107e-06,8.84327104e-06
5.3880,1.45373946e-05,8.84796419e-06,8.84797417e-06
5.3890,1.45386543e-05,8.85266559e-06,8.85267557e-06
5.3900,1.45399202e-05,8.85736524e-06,8.85737523e-06
5.3910,1.45411922e-05,8.86206314e-06,8.86207314e-06
5.3920,1.45424702e-05,8.86675929e-06,8.86676929e-06
5.3930,1.45437543e-05,8.87145366e-06,8.87146367e-06
5.3940,1.45450445e-05,8.87614625e-06,8.87615627e-06
5.3950,1.45463406e-05,8.88083705e-06,8.88084707e-06
5.3960,1.45476427e-05,8.88552605e-06,8.88553608e-06
5.3970,1.45489508e-05,8.89021323e-06,8.89022327e-06
5.3980,1.45502647e-05,8.89489859e-06,8.89490863e-06
5.3990,1.45515846e-05,8.89958212e-06,8.89959217e-06
5.4000,1.45529103e-05,8.90426381e-06,8.90427386e-06
5.4010,1.45542418e-05,8.90894364e-06,8.90895370e-06
5.4020,1.45555791e-05,8.91362161e-06,8.91363168e-06
5.4030,1.45569221e-05,8.91829770e-06,8.91830778e-06
5.4040,1.45582709e-05,8.92297191e-06,8.92298199e-06
5.4050,1.45596254e-05,8.92764423e-06,8.92765431e-06
5.4060,1.45609856e-05,8.93231464e-06,8.93232473e-06
5.4070,1.45623514e-05,8.93698314e-06,8.93699324e-06
5.4080,1.45637228e-05,8.94164971e-06,8.94165981e-06
5.4090,1.45650998e-05,8.94631435e-06,8.94632446e-06
5.4100,1.45664824e-05,8.95097704e-06,8.95098716e-06
5.4110,1.45678705e-05,8.95563778e-06,8.95564790e-06
5.4120,1.45692640e-05,8.96029655e-06,8.96030669e-06
5.4130,1.45706630e-05,8.96495335e-06,8.96496349e-06
5.4140,1.45720674e-05,8.96960817e-06,8.96961832e-06
5.4150,1.45734772e-05,8.97426099e-06,8.97427115e-06
5.4160,1.45748923e-05,8.97891181e-06,8.97892197e-06
5.4170,1.45763128e-05,8.98356062e-06,8.98357078e-06
5.4180,1.45777386e-05,8.98820740e-06,8.98821757e-06
5.4190,1.45791696e-05,8.99285215e-06,8.99286233e-06
5.4200,1.45806058e-05,8.99749486e-06,8.99750504e-06
5.4210,1.45820472e-05,9.00213551e-06,9.00214570e-06
5.4220,1.45834938e-05,9.00677410e-06,9.00678430e-06
5.4230,1.45849455e-05,9.01141063e-06,9.01142083e-06
5.4240,1.45864022e-05,9.01604507e-06,9.01605528e-06
5.4250,1.45878640e-05,9.02067742e-06,9.02068763e-06
5.4260,1.45893309e-05,9.02530767e-06,9.02531789e-06
5.4270,1.45908027e-05,9.02993581e-06,9.02994603e-06
5.4280,1.45922794e-05,9.03456183e-06,9.03457206e-06
5.4290,1.45937610e-05,9.03918572e-06,9.03919596e-06
5.4300,1.45952476e-05,9.04380748e-06,9.04381772e-06
5.4310,1.45967389e-05,9.04842708e-06,9.04843734e-06
5.4320,1.45982351e-05,9.05304454e-06,9.05305480e-06
5.4330,1.45997360e-05,9.05765982e-06,9.05767009e-06
5.4340,1.46012416e-05,9.06227293e-06,9.06228321e-06
5.4350,1.46027520e-05,9.06688386e-06,9.06689414e-06
5.4360,1.46042669e-05,9.07149259e-06,9.07150288e-06
5.4370,1.46057865e-05,9.07609913e-06,9.07610942e-06
5.4380,1.46073107e-05,9.08070345e-06,9.08071374e-06
5.4390,1.46088394e-05,9.08530555e-06,9.08531585e-06
5.4400,1.46103726e-05,9.08990541e-06,9.08991573e-06
5.4410,1.46119103e-05,9.09450305e-06,9.09451336e-06
5.4420,1.46134524e-05,9.09909843e-06,9.09910875e-06
5.4430,1.46149989e-05,9.10369156e-06,9.10370189e-06
5.4440,1.46165498e-05,9.10828242e-06,9.10829275e-06
5.4450,1.46181049e-05,9.11287100e-06,9.11288135e-06
5.4460,1.46196643e-05,9.11745731e-06,9.11746766e-06
5.4470,1.46212280e-05,9.12204132e-06,9.12205167e-06
5.4480,1.46227958e-05,9.12662303e-06,9.12663339e-06
5.4490,1.46243678e-05,9.13120243e-06,9.13121280e-06
5.4500,1.46259439e-05,9.13577951e-06,9.13578988e-06
5.4510,1.46275241e-05,9.14035427e-06,9.14036465e-06
5.4520,1.46291083e-05,9.14492668e-06,9.14493707e-06
5.4530,1.46306964e-05,9.14949676e-06,9.14950715e-06
5.4540,1.46322886e-05,9.15406448e-06,9.15407488e-06
5.4550,1.46338846e-05,9.15862984e-06,9.15864025e-06
5.4560,1.46354845e-05,9.16319283e-06,9.16320324e-06
5.4570,1.46370883e-05,9.16775344e-06,9.16776386e-06
5.4580,1.46386958e-05,9.17231167e-06,9.17232209e-06
5.4590,1.46403071e-05,9.17686750e-06,9.17687793e-06
5.4600,1.46419220e-05,9.18142092e-06,9.18143136e-06
5.4610,1.46435406e-05,9.18597193e-06,9.18598238e-06
5.4620,1.46451629e-05,9.19052053e-06,9.19053097e-06
5.4630,1.46467887e-05,9.19506669e-06,9.19507714e-06
5.4640,1.46484180e-05,9.19961042e-06,9.19962088e-06
5.4650,1.46500508e-05,9.20415170e-06,9.20416216e-06
5.4660,1.46516871e-05,9.20869052e-06,9.20870100e-06
5.4670,1.46533268e-05,9.21322689e-06,9.21323737e-06
5.4680,1.46549698e-05,9.21776079e-06,9.21777127e-06
5.4690,1.46566161e-05,9.22229220e-06,9.22230269e-06
5.4700,1.46582657e-05,9.22682114e-06,9.22683163e-06
5.4710,1.46599185e-05,9.23134757e-06,9.23135808e-06
5.4720,1.46615745e-05,9.23587151e-06,9.23588202e-06
5.4730,1.46632337e-05,9.24039294e-06,9.24040345e-06
5.4740,1.46648959e-05,9.24491185e-06,9.24492237e-06
5.4750,1.46665612e-05,9.24942823e-06,9.24943876e-06
5.4760,1.46682295e-05,9.25394208e-06,9.25395261e-06
5.4770,1.46699007e-05,9.25845339e-06,9.25846392e-06
5.4780,1.46715748e-05,9.26296215e-06,9.26297269e-06
5.4790,1.46732518e-05,9.26746835e-06,9.26747890e-06
5.4800,1.46749316e-05,9.27197199e-06,9.27198254e-06
5.4810,1.46766142e-05,9.27647305e-06,9.27648361e-06
5.4820,1.46782995e-05,9.28097154e-06,9.28098210e-06
5.4830,1.46799875e-05,9.28546744e-06,9.28547801e-06
5.4840,1.46816781e-05,9.28996074e-06,9.28997132e-06
5.4850,1.46833713e-05,9.29445144e-06,9.29446202e-06
5.4860,1.46850670e-05,9.29893953e-06,9.29895012e-06
5.4870,1.46867652e-05,9.30342500e-06,9.30343560e-06
5.4880,1.46884659e-05,9.30790785e-06,9.30791845e-06
5.4890,1.46901690e-05,9.31238807e-06,9.31239868e-06
5.4900,1.46918744e-05,9.31686564e-06,9.31687626e-06
5.4910,1.46935821e-05,9.32134057e-06,9.32135119e-06
5.4920,1.46952920e-05,9.32581285e-06,9.32582347e-06
5.4930,1.46970042e-05,9.33028246e-06,9.33029309e-06
5.4940,1.46987185e-05,9.33474941e-06,9.33476004e-06
5.4950,1.47004349e-05,9.33921367e-06,9.33922432e-06
5.4960,1.47021533e-05,9.34367526e-06,9.34368591e-06
5.4970,1.47038738e-05,9.34813416e-06,9.34814481e-06
5.4980,1.47055962e-05,9.35259036e-06,9.35260102e-06
5.4990,1.47073205e-05,9.35704385e-06,9.35705452e-06
5.5000,1.47090467e-05,9.36149463e-06,9.36150531e-06
5.5010,1.47107747e-05,9.36594270e-06,9.36595338e-06
5.5020,1.47125044e-05,9.37038804e-06,9.37039872e-06
5.5030,1.47142359e-05,9.37483065e-06,9.37484134e-06
5.5040,1.47159690e-05,9.37927051e-06,9.37928121e-06
5.5050,1.47177037e-05,9.38370764e-06,9.38371834e-06
5.5060,1.47194400e-05,9.38814201e-06,9.38815272e-06
5.5070,1.47211777e-05,9.39257362e-06,9.39258433e-06
5.5080,1.47229170e-05,9.39700247e-06,9.39701319e-06
5.5090,1.47246576e-05,9.40142854e-06,9.40143926e-06
5.5100,1.47263996e-05,9.40585183e-06,9.40586256e-06
5.5110,1.47281428e-05,9.41027234e-06,9.41028308e-06
5.5120,1.47298874e-05,9.41469006e-06,9.41470080e-06
5.5130,1.47316331e-05,9.41910497e-06,9.41911572e-06
5.5140,1.47333799e-05,9.42351709e-06,9.42352784e-06
5.5150,1.47351279e-05,9.42792638e-06,9.42793714e-06
5.5160,1.47368769e-05,9.43233287e-06,9.43234363e-06
5.5170,1.47386268e-05,9.43673652e-06,9.43674729e-06
5.5180,1.47403777e-05,9.44113735e-06,9.44114812e-06
5.5190,1.47421295e-05,9.44553534e-06,9.44554612e-06
5.5200,1.47438821e-05,9.44993048e-06,9.44994127e-06
5.5210,1.47456355e-05,9.45432278e-06,9.45433357e-06
5.5220,1.47473896e-05,9.45871221e-06,9.45872301e-06
5.5230,1.47491444e-05,9.46309879e-06,9.46310960e-06
5.5240,1.47508998e-05,9.46748250e-06,9.46749331e-06
5.5250,1.47526557e-05,9.47186333e-06,9.47187415e-06
5.5260,1.47544121e-05,9.47624129e-06,9.47625211e-06
5.5270,1.47561691e-05,9.48061635e-06,9.48062718e-06
5.5280,1.47579264e-05,9.48498853e-06,9.48499936e-06
5.5290,1.47596840e-05,9.48935780e-06,9.48936864e-06
5.5300,1.47614419e-05,9.49372417e-06,9.49373502e-06
5.5310,1.47632001e-05,9.49808763e-06,9.49809848e-06
5.5320,1.47649585e-05,9.50244818e-06,9.50245903e-06
5.5330,1.47667169e-05,9.50680580e-06,9.50681666e-06
5.5340,1.47684755e-05,9.51116050e-06,9.51117136e-06
5.5350,1.47702340e-05,9.51551226e-06,9.51552313e-06
5.5360,1.47719926e-05,9.51986108e-06,9.51987196e-06
5.5370,1.47737510e-05,9.52420696e-06,9.52421784e-06
5.5380,1.47755093e-05,9.52854989e-06,9.52856077e-06
5.5390,1.47772673e-05,9.53288986e-06,9.53290075e-06
5.5400,1.47790251e-05,9.53722687e-06,9.53723777e-06
5.5410,1.47807826e-05,9.54156091e-06,9.54157182e-06
5.5420,1.47825398e-05,9.54589198e-06,9.54590289e-06
5.5430,1.47842964e-05,9.55022007e-06,9.55023099e-06
5.5440,1.47860527e-05,9.55454518e-06,9.55455610e-06
5.5450,1.47878083e-05,9.55886730e-06,9.55887823e-06
5.5460,1.47895634e-05,9.56318643e-06,9.56319736e-06
5.5470,1.47913178e-05,9.56750256e-06,9.56751350e-06
5.5480,1.47930715e-05,9.57181568e-06,9.57182662e-06
5.5490,1.47948244e-05,9.57612579e-06,9.57613674e-06
5.5500,1.47965766e-05,9.58043289e-06,9.58044384e-06
5.5510,1.47983278e-05,9.58473697e-06,9.58474793e-06
5.5520,1.48000781e-05,9.58903802e-06,9.58904898e-06
5.5530,1.48018274e-05,9.59333604e-06,9.59334701e-06
5.5540,1.48035756e-05,9.59763103e-06,9.59764200e-06
5.5550,1.48053228e-05,9.60192297e-06,9.60193395e-06
5.5560,1.48070688e-05,9.60621188e-06,9.60622286e-06
5.5570,1.48088135e-05,9.61049773e-06,9.61050872e-06
5.5580,1.48105570e-05,9.61478052e-06,9.61479152e-06
5.5590,1.48122991e-05,9.61906026e-06,9.61907126e-06
5.5600,1.48140399e-05,9.62333693e-06,9.62334793e-06
5.5610,1.48157792e-05,9.62761053e-06,9.62762154e-06
5.5620,1.48175170e-05,9.63188105e-06,9.63189207e-06
5.5630,1.48192532e-05,9.63614850e-06,9.63615952e-06
5.5640,1.48209878e-05,9.64041286e-06,9.64042389e-06
5.5650,1.48227207e-05,9.64467414e-06,9.64468517e-06
5.5660,1.48244519e-05,9.64893232e-06,9.64894336e-06
5.5670,1.48261812e-05,9.65318740e-06,9.65319844e-06
5.5680,1.48279087e-05,9.65743938e-06,9.65745043e-06
5.5690,1.48296343e-05,9.66168826e-06,9.66169931e-06
5.5700,1.48313580e-05,9.66593402e-06,9.66594508e-06
5.5710,1.48330795e-05,9.67017667e-06,9.67018773e-06
5.5720,1.48347991e-05,9.67441620e-06,9.67442727e-06
5.5730,1.48365164e-05,9.67865260e-06,9.67866368e-06
5.5740,1.48382316e-05,9.68288587e-06,9.68289696e-06
5.5750,1.48399444e-05,9.68711602e-06,9.68712710e-06
5.5760,1.48416550e-05,9.69134302e-06,9.69135411e-06
5.5770,1.48433632e-05,9.69556688e-06,9.69557798e-06
5.5780,1.48450689e-05,9.69978760e-06,9.69979870e-06
5.5790,1.48467722e-05,9.70400517e-06,9.70401628e-06
5.5800,1.48484729e-05,9.70821958e-06,9.70823070e-06
5.5810,1.48501710e-05,9.71243084e-06,9.71244196e-06
5.5820,1.48518664e-05,9.71663893e-06,9.71665006e-06
5.5830,1.48535590e-05,9.72084386e-06,9.72085499e-06
5.5840,1.48552489e-05,9.72504562e-06,9.72505675e-06
5.5850,1.48569360e-05,9.72924420e-06,9.72925534e-06
5.5860,1.48586201e-05,9.73343961e-06,9.73345075e-06
5.5870,1.48603013e-05,9.73763184e-06,9.73764298e-06
5.5880,1.48619794e-05,9.74182088e-06,9.74183203e-06
5.5890,1.48636545e-05,9.74600673e-06,9.74601788e-06
5.5900,1.48653264e-05,9.75018938e-06,9.75020055e-06
5.5910,1.48669951e-05,9.75436884e-06,9.75438001e-06
5.5920,1.48686606e-05,9.75854510e-06,9.75855628e-06
5.5930,1.48703228e-05,9.76271816e-06,9.76272934e-06
5.5940,1.48719816e-05,9.76688801e-06,9.76689919e-06
5.5950,1.48736369e-05,9.77105465e-06,9.77106584e-06
5.5960,1.48752888e-05,9.77521807e-06,9.77522926e-06
5.5970,1.48769371e-05,9.77937827e-06,9.77938947e-06
5.5980,1.48785818e-05,9.78353526e-06,9.78354646e-06
5.5990,1.48802229e-05,9.78768901e-06,9.78770022e-06
5.6000,1.48818602e-05,9.79183954e-06,9.79185076e-06
5.6010,1.48834937e-05,9.79598684e-06,9.79599806e-06
5.6020,1.48851234e-05,9.80013090e-06,9.80014213e-06
5.6030,1.48867492e-05,9.80427172e-06,9.80428295e-06
5.6040,1.48883711e-05,9.80840931e-06,9.80842054e-06
5.6050,1.48899889e-05,9.81254364e-06,9.81255488e-06
5.6060,1.48916027e-05,9.81667473e-06,9.81668597e-06
5.6070,1.48932124e-05,9.82080257e-06,9.82081382e-06
5.6080,1.48948178e-05,9.82492715e-06,9.82493840e-06
5.6090,1.48964190e-05,9.82904847e-06,9.82905973e-06
5.6100,1.48980160e-05,9.83316654e-06,9.83317780e-06
5.6110,1.48996085e-05,9.83728134e-06,9.83729261e-06
5.6120,1.49011967e-05,9.84139287e-06,9.84140414e-06
5.6130,1.49027803e-05,9.84550113e-06,9.84551241e-06
5.6140,1.49043595e-05,9.84960613e-06,9.84961741e-06
5.6150,1.49059341e-05,9.85370784e-06,9.85371913e-06
5.6160,1.49075040e-05,9.85780628e-06,9.85781757e-06
5.6170,1.49090692e-05,9.86190144e-06,9.86191273e-06
5.6180,1.49106297e-05,9.86599331e-06,9.86600461e-06
5.6190,1.49121853e-05,9.87008189e-06,9.87009320e-06
5.6200,1.49137361e-05,9.87416719e-06,9.87417850e-06
5.6210,1.49152819e-05,9.87824919e-06,9.87826051e-06
5.6220,1.49168228e-05,9.88232790e-06,9.88233923e-06
5.6230,1.49183586e-05,9.88640332e-06,9.88641464e-06
5.6240,1.49198894e-05,9.89047543e-06,9.89048676e-06
5.6250,1.49214150e-05,9.89454424e-06,9.89455558e-06
5.6260,1.49229354e-05,9.89860975e-06,9.89862109e-06
5.6270,1.49244505e-05,9.90267194e-06,9.90268329e-06
5.6280,1.49259603e-05,9.90673083e-06,9.90674218e-06
5.6290,1.49274647e-05,9.91078641e-06,9.91079776e-06
5.6300,1.49289637e-05,9.91483867e-06,9.91485003e-06
5.6310,1.49304573e-05,9.91888761e-06,9.91889898e-06
5.6320,1.49319452e-05,9.92293324e-06,9.92294461e-06
5.6330,1.49334276e-05,9.92697554e-06,9.92698691e-06
5.6340,1.49349044e-05,9.93101452e-06,9.93102590e-06
5.6350,1.49363754e-05,9.93505017e-06,9.93506156e-06
5.6360,1.49378407e-05,9.93908250e-06,9.93909389e-06
5.6370,1.49393002e-05,9.94311149e-06,9.94312289e-06
5.6380,1.49407539e-05,9.94713715e-06,9.94714855e-06
5.6390,1.49422016e-05,9.95115948e-06,9.95117088e-06
5.6400,1.49436433e-05,9.95517847e-06,9.95518988e-06
5.6410,1.49450790e-05,9.95919413e-06,9.95920554e-06
5.6420,1.49465087e-05,9.96320644e-06,9.96321785e-06
5.6430,1.49479322e-05,9.96721541e-06,9.96722683e-06
5.6440,1.49493495e-05,9.97122103e-06,9.97123246e-06
5.6450,1.49507606e-05,9.97522331e-06,9.97523474e-06
5.6460,1.49521654e-05,9.97922224e-06,9.97923368e-06
5.6470,1.49535639e-05,9.98321782e-06,9.98322926e-06
5.6480,1.49549560e-05,9.98721005e-06,9.98722149e-06
5.6490,1.49563417e-05,9.99119892e-06,9.99121037e-06
5.6500,1.49577208e-05,9.99518444e-06,9.99519590e-06
5.6510,1.49590934e-05,9.99916660e-06,9.99917806e-06
5.6520,1.49604595e-05,1.00031454e-05,1.00031569e-05
5.6530,1.49618188e-05,1.00071209e-05,1.00071323e-05
5.6540,1.49631715e-05,1.00110929e-05,1.00111044e-05
5.6550,1.49645175e-05,1.00150616e-05,1.00150731e-05
5.6560,1.49658566e-05,1.00190270e-05,1.00190385e-05
5.6570,1.49671889e-05,1.00229890e-05,1.00230005e-05
5.6580,1.49685143e-05,1.00269476e-05,1.00269591e-05
5.6590,1.49698328e-05,1.00309029e-05,1.00309144e-05
5.6600,1.49711443e-05,1.00348547e-05,1.00348662e-05
5.6610,1.49724487e-05,1.00388032e-05,1.00388147e-05
5.6620,1.49737461e-05,1.00427484e-05,1.00427599e-05
5.6630,1.49750363e-05,1.00466901e-05,1.00467016e-05
5.6640,1.49763194e-05,1.00506285e-05,1.00506400e-05
5.6650,1.49775952e-05,1.00545635e-05,1.00545750e-05
5.6660,1.49788637e-05,1.00584951e-05,1.00585067e-05
5.6670,1.49801249e-05,1.00624234e-05,1.00624349e-05
5.6680,1.49813788e-05,1.00663483e-05,1.00663598e-05
5.6690,1.49826252e-05,1.00702697e-05,1.00702813e-05
5.6700,1.49838642e-05,1.00741878e-05,1.00741994e-05
5.6710,1.49850956e-05,1.00781025e-05,1.00781141e-05
5.6720,1.49863195e-05,1.00820139e-05,1.00820254e-05
5.6730,1.49875358e-05,1.00859218e-05,1.00859334e-05
5.6740,1.49887445e-05,1.00898264e-05,1.00898379e-05
5.6750,1.49899455e-05,1.00937275e-05,1.00937391e-05
5.6760,1.49911387e-05,1.00976253e-05,1.00976369e-05
5.6770,1.49923242e-05,1.01015197e-05,1.01015313e-05
5.6780,1.49935019e-05,1.01054107e-05,1.01054223e-05
5.6790,1.49946717e-05,1.01092983e-05,1.01093099e-05
5.6800,1.49958336e-05,1.01131825e-05,1.01131941e-05
5.6810,1.49969876e-05,1.01170633e-05,1.01170749e-05
5.6820,1.49981336e-05,1.01209408e-05,1.01209524e-05
5.6830,1.49992715e-05,1.01248148e-05,1.01248264e-05
5.6840,1.50004014e-05,1.01286854e-05,1.01286970e-05
5.6850,1.50015232e-05,1.01325527e-05,1.01325643e-05
5.6860,1.50026368e-05,1.01364165e-05,1.01364281e-05
5.6870,1.50037423e-05,1.01402770e-05,1.01402886e-05
5.6880,1.50048395e-05,1.01441340e-05,1.01441456e-05
5.6890,1.50059284e-05,1.01479877e-05,1.01479993e-05
5.6900,1.50070091e-05,1.01518379e-05,1.01518495e-05
5.6910,1.50080814e-05,1.01556848e-05,1.01556964e-05
5.6920,1.50091453e-05,1.01595282e-05,1.01595398e-05
5.6930,1.50102008e-05,1.01633683e-05,1.01633799e-05
5.6940,1.50112479e-05,1.01672049e-05,1.01672166e-05
5.6950,1.50122864e-05,1.01710382e-05,1.01710498e-05
5.6960,1.50133165e-05,1.01748680e-05,1.01748797e-05
5.6970,1.50143379e-05,1.01786944e-05,1.01787061e-05
5.6980,1.50153508e-05,1.01825175e-05,1.01825292e-05
5.6990,1.50163550e-05,1.01863371e-05,1.01863488e-05
5.7000,1.50173506e-05,1.01901534e-05,1.01901650e-05
5.7010,1.50183374e-05,1.01939662e-05,1.01939779e-05
5.7020,1.50193156e-05,1.01977756e-05,1.01977873e-05
5.7030,1.50202849e-05,1.02015817e-05,1.02015934e-05
5.7040,1.50212455e-05,1.02053843e-05,1.02053960e-05
5.7050,1.50221972e-05,1.02091835e-05,1.02091952e-05
5.7060,1.50231400e-05,1.02129793e-05,1.02129910e-05
5.7070,1.50240740e-05,1.02167717e-05,1.02167835e-05
5.7080,1.50249990e-05,1.02205608e-05,1.02205725e-05
5.7090,1.50259150e-05,1.02243464e-05,1.02243581e-05
5.7100,1.50268221e-05,1.02281286e-05,1.02281403e-05
5.7110,1.50277201e-05,1.02319074e-05,1.02319191e-05
5.7120,1.50286091e-05,1.02356828e-05,1.02356945e-05
5.7130,1.50294891e-05,1.02394548e-05,1.02394665e-05
5.7140,1.50303599e-05,1.02432234e-05,1.02432351e-05
5.7150,1.50312215e-05,1.02469886e-05,1.02470003e-05
5.7160,1.50320741e-05,1.02507504e-05,1.02507621e-05
5.7170,1.50329174e-05,1.02545088e-05,1.02545205e-05
5.7180,1.50337515e-05,1.02582637e-05,1.02582755e-05
5.7190,1.50345764e-05,1.02620153e-05,1.02620271e-05
5.7200,1.50353920e-05,1.02657635e-05,1.02657753e-05
5.7210,1.50361983e-05,1.02695083e-05,1.02695201e-05
5.7220,1.50369953e-05,1.02732497e-05,1.02732615e-05
5.7230,1.50377829e-05,1.02769877e-05,1.02769994e-05
5.7240,1.50385612e-05,1.02807222e-05,1.02807340e-05
5.7250,1.50393301e-05,1.02844534e-05,1.02844652e-05
5.7260,1.50400896e-05,1.02881812e-05,1.02881930e-05
5.7270,1.50408397e-05,1.02919056e-05,1.02919174e-05
5.7280,1.50415803e-05,1.02956266e-05,1.02956384e-05
5.7290,1.50423115e-05,1.02993442e-05,1.02993560e-05
5.7300,1.50430331e-05,1.03030584e-05,1.03030702e-05
5.7310,1.50437453e-05,1.03067692e-05,1.03067810e-05
5.7320,1.50444479e-05,1.03104766e-05,1.03104884e-05
5.7330,1.50451410e-05,1.03141806e-05,1.03141924e-05
5.7340,1.50458245e-05,1.03178812e-05,1.03178930e-05
5.7350,1.50464984e-05,1.03215784e-05,1.03215903e-05
5.7360,1.50471627e-05,1.03252723e-05,1.03252841e-05
5.7370,1.50478174e-05,1.03289627e-05,1.03289745e-05
5.7380,1.50484624e-05,1.03326498e-05,1.03326616e-05
5.7390,1.50490978e-05,1.03363334e-05,1.03363453e-05
5.7400,1.50497236e-05,1.03400137e-05,1.03400255e-05
5.7410,1.50503396e-05,1.03436906e-05,1.03437024e-05
5.7420,1.50509460e-05,1.03473641e-05,1.03473759e-05
5.7430,1.50515427e-05,1.03510342e-05,1.03510460e-05
5.7440,1.50521296e-05,1.03547009e-05,1.03547127e-05
5.7450,1.50527068e-05,1.03583642e-05,1.03583761e-05
5.7460,1.50532743e-05,1.03620242e-05,1.03620360e-05
5.7470,1.50538320e-05,1.03656807e-05,1.03656926e-05
5.7480,1.50543799e-05,1.03693339e-05,1.03693458e-05
5.7490,1.50549181e-05,1.03729837e-05,1.03729956e-05
5.7500,1.50554465e-05,1.03766302e-05,1.03766420e-05
5.7510,1.50559651e-05,1.03802732e-05,1.03802851e-05
5.7520,1.50564738e-05,1.03839129e-05,1.03839248e-05
5.7530,1.50569728e-05,1.03875492e-05,1.03875611e-05
5.7540,1.50574620e-05,1.03911821e-05,1.03911940e-05
5.7550,1.50579413e-05,1.03948116e-05,1.03948235e-05
5.7560,1.50584108e-05,1.03984378e-05,1.03984497e-05
5.7570,1.50588705e-05,1.04020606e-05,1.04020725e-05
5.7580,1.50593203e-05,1.04056800e-05,1.04056920e-05
5.7590,1.50597603e-05,1.04092961e-05,1.04093080e-05
5.7600,1.50601905e-05,1.04129088e-05,1.04129207e-05
5.7610,1.50606108e-05,1.04165181e-05,1.04165300e-05
5.7620,1.50610212e-05,1.04201241e-05,1.04201360e-05
5.7630,1.50614218e-05,1.04237267e-05,1.04237386e-05
5.7640,1.50618125e-05,1.04273259e-05,1.04273378e-05
5.7650,1.50621934e-05,1.04309218e-05,1.04309337e-05
5.7660,1.50625644e-05,1.04345143e-05,1.04345262e-05
5.7670,1.50629256e-05,1.04381035e-05,1.04381154e-05
5.7680,1.50632769e-05,1.04416893e-05,1.04417012e-05
5.7690,1.50636183e-05,1.04452717e-05,1.04452837e-05
5.7700,1.50639499e-05,1.04488508e-05,1.04488628e-05
5.7710,1.50642717e-05,1.04524265e-05,1.04524385e-05
5.7720,1.50645836e-05,1.04559989e-05,1.04560109e-05
5.7730,1.50648856e-05,1.04595680e-05,1.04595799e-05
5.7740,1.50651779e-05,1.04631337e-05,1.04631456e-05
5.7750,1.50654603e-05,1.04666960e-05,1.04667080e-05
5.7760,1.50657328e-05,1.04702550e-05,1.04702670e-05
5.7770,1.50659956e-05,1.04738107e-05,1.04738227e-05
5.7780,1.50662485e-05,1.04773630e-05,1.04773750e-05
5.7790,1.50664916e-05,1.04809120e-05,1.04809240e-05
5.7800,1.50667249e-05,1.04844576e-05,1.04844696e-05
5.7810,1.50669485e-05,1.04879999e-05,1.04880119e-05
5.7820,1.50671622e-05,1.04915389e-05,1.04915509e-05
5.7830,1.50673662e-05,1.04950745e-05,1.04950866e-05
5.7840,1.50675604e-05,1.04986068e-05,1.04986189e-05
5.7850,1.50677449e-05,1.05021358e-05,1.05021479e-05
5.7860,1.50679196e-05,1.05056615e-05,1.05056735e-05
5.7870,1.50680846e-05,1.05091838e-05,1.05091959e-05
5.7880,1.50682399e-05,1.05127028e-05,1.05127149e-05
5.7890,1.50683855e-05,1.05162185e-05,1.05162306e-05
5.7900,1.50685214e-05,1.05197309e-05,1.05197429e-05
5.7910,1.50686476e-05,1.05232400e-05,1.05232520e-05
5.7920,1.50687642e-05,1.05267457e-05,1.05267577e-05
5.7930,1.50688711e-05,1.05302481e-05,1.05302602e-05
5.7940,1.50689685e-05,1.05337472e-05,1.05337593e-05
5.7950,1.50690562e-05,1.05372431e-05,1.05372551e-05
5.7960,1.50691343e-05,1.05407356e-05,1.05407476e-05
5.7970,1.50692028e-05,1.05442248e-05,1.05442368e-05
5.7980,1.50692618e-05,1.05477106e-05,1.05477227e-05
5.7990,1.50693113e-05,1.05511932e-05,1.05512053e-05
5.8000,1.50693512e-05,1.05546725e-05,1.05546846e-05
5.8010,1.50693817e-05,1.05581485e-05,1.05581606e-05
5.8020,1.50694026e-05,1.05616212e-05,1.05616333e-05
5.8030,1.50694142e-05,1.05650907e-05,1.05651027e-05
5.8040,1.50694163e-05,1.05685568e-05,1.05685689e-05
5.8050,1.50694089e-05,1.05720196e-05,1.05720317e-05
5.8060,1.50693922e-05,1.05754792e-05,1.05754913e-05
5.8070,1.50693662e-05,1.05789354e-05,1.05789475e-05
5.8080,1.50693308e-05,1.05823884e-05,1.05824005e-05
5.8090,1.50692861e-05,1.05858381e-05,1.05858502e-05
5.8100,1.50692321e-05,1.05892846e-05,1.05892967e-05
5.8110,1.50691689e-05,1.05927277e-05,1.05927398e-05
5.8120,1.50690964e-05,1.05961676e-05,1.05961797e-05
5.8130,1.50690147e-05,1.05996042e-05,1.05996164e-05
5.8140,1.50689238e-05,1.06030376e-05,1.06030497e-05
5.8150,1.50688238e-05,1.06064677e-05,1.06064798e-05
5.8160,1.50687147e-05,1.06098945e-05,1.06099066e-05
5.8170,1.50685965e-05,1.06133181e-05,1.06133302e-05
5.8180,1.50684692e-05,1.06167384e-05,1.06167505e-05
5.8190,1.50683329e-05,1.06201554e-05,1.06201676e-05
5.8200,1.50681876e-05,1.06235692e-05,1.06235814e-05
5.8210,1.50680333e-05,1.06269798e-05,1.06269920e-05
5.8220,1.50678701e-05,1.06303871e-05,1.06303993e-05
5.8230,1.50676980e-05,1.06337912e-05,1.06338033e-05
5.8240,1.50675170e-05,1.06371920e-05,1.06372042e-05
5.8250,1.50673272e-05,1.06405896e-05,1.06406017e-05
5.8260,1.50671286e-05,1.06439839e-05,1.06439961e-05
5.8270,1.50669212e-05,1.06473750e-05,1.06473872e-05
5.8280,1.50667051e-05,1.06507629e-05,1.06507751e-05
5.8290,1.50664803e-05,1.06541476e-05,1.06541598e-05
5.8300,1.50662469e-05,1.06575290e-05,1.06575412e-05
5.8310,1.50660048e-05,1.06609072e-05,1.06609194e-05
5.8320,1.50657541e-05,1.06642822e-05,1.06642944e-05
5.8330,1.50654949e-05,1.06676539e-05,1.06676661e-05
5.8340,1.50652272e-05,1.06710225e-05,1.06710347e-05
5.8350,1.50649510e-05,1.06743878e-05,1.06744000e-05
5.8360,1.50646664e-05,1.06777499e-05,1.06777622e-05
5.8370,1.50643734e-05,1.06811089e-05,1.06811211e-05
5.8380,1.50640721e-05,1.06844646e-05,1.06844768e-05
5.8390,1.50637625e-05,1.06878171e-05,1.06878293e-05
5.8400,1.50634446e-05,1.06911664e-05,1.06911786e-05
5.8410,1.50631184e-05,1.06945125e-05,1.06945248e-05
5.8420,1.50627841e-05,1.06978554e-05,1.06978677e-05
5.8430,1.50624417e-05,1.07011952e-05,1.07012074e-05
5.8440,1.50620912e-05,1.07045317e-05,1.07045440e-05
5.8450,1.50617326e-05,1.07078651e-05,1.07078773e-05
5.8460,1.50613660e-05,1.07111953e-05,1.07112075e-05
5.8470,1.50609915e-05,1.07145223e-05,1.07145345e-05
5.8480,1.50606090e-05,1.07178461e-05,1.07178584e-05
5.8490,1.50602187e-05,1.07211668e-05,1.07211790e-05
5.8500,1.50598206e-05,1.07244842e-05,1.07244965e-05
5.8510,1.50594146e-05,1.07277986e-05,1.07278108e-05
5.8520,1.50590010e-05,1.07311097e-05,1.07311220e-05
5.8530,1.50585797e-05,1.07344177e-05,1.07344300e-05
5.8540,1.50581508e-05,1.07377225e-05,1.07377348e-05
5.8550,1.50577142e-05,1.07410242e-05,1.07410365e-05
5.8560,1.50572702e-05,1.07443227e-05,1.07443350e-05
5.8570,1.50568187e-05,1.07476181e-05,1.07476304e-05
5.8580,1.50563597e-05,1.07509103e-05,1.07509226e-05
5.8590,1.50558933e-05,1.07541994e-05,1.07542117e-05
5.8600,1.50554197e-05,1.07574854e-05,1.07574977e-05
5.8610,1.50549387e-05,1.07607682e-05,1.07607805e-05
5.8620,1.50544506e-05,1.07640479e-05,1.07640602e-05
5.8630,1.50539552e-05,1.07673244e-05,1.07673367e-05
5.8640,1.50534527e-05,1.07705979e-05,1.07706102e-05
5.8650,1.50529432e-05,1.07738682e-05,1.07738805e-05
5.8660,1.50524267e-05,1.07771353e-05,1.07771476e-05
5.8670,1.50519032e-05,1.07803994e-05,1.07804117e-05
5.8680,1.50513727e-05,1.07836603e-05,1.07836727e-05
5.8690,1.50508355e-05,1.07869182e-05,1.07869305e-05
5.8700,1.50502914e-05,1.07901729e-05,1.07901852e-05
5.8710,1.50497406e-05,1.07934245e-05,1.07934369e-05
5.8720,1.50491831e-05,1.07966730e-05,1.07966854e-05
5.8730,1.50486190e-05,1.07999185e-05,1.07999308e-05
5.8740,1.50480484e-05,1.08031608e-05,1.08031731e-05
5.8750,1.50474712e-05,1.08064000e-05,1.08064124e-05
5.8760,1.50468875e-05,1.08096362e-05,1.08096485e-05
5.8770,1.50462975e-05,1.08128692e-05,1.08128816e-05
5.8780,1.50457011e-05,1.08160992e-05,1.08161116e-05
5.8790,1.50450984e-05,1.08193261e-05,1.08193385e-05
5.8800,1.50444895e-05,1.08225500e-05,1.08225623e-05
5.8810,1.50438745e-05,1.08257707e-05,1.08257831e-05
5.8820,1.50432533e-05,1.08289884e-05,1.08290008e-05
5.8830,1.50426261e-05,1.08322030e-05,1.08322154e-05
5.8840,1.50419930e-05,1.08354146e-05,1.08354270e-05
5.8850,1.50413539e-05,1.08386231e-05,1.08386355e-05
5.8860,1.50407089e-05,1.08418285e-05,1.08418409e-05
5.8870,1.50400581e-05,1.08450309e-05,1.08450433e-05
5.8880,1.50394016e-05,1.08482303e-05,1.08482427e-05
5.8890,1.50387395e-05,1.08514266e-05,1.08514390e-05
5.8900,1.50380717e-05,1.08546198e-05,1.08546322e-05
5.8910,1.50373983e-05,1.08578101e-05,1.08578225e-05
5.8920,1.50367195e-05,1.08609973e-05,1.08610097e-05
5.8930,1.50360353e-05,1.08641814e-05,1.08641938e-05
5.8940,1.50353456e-05,1.08673626e-05,1.08673750e-05
5.8950,1.50346507e-05,1.08705407e-05,1.08705531e-05
5.8960,1.50339506e-05,1.08737158e-05,1.08737282e-05
5.8970,1.50332453e-05,1.08768878e-05,1.08769003e-05
5.8980,1.50325349e-05,1.08800569e-05,1.08800693e-05
5.8990,1.50318194e-05,1.08832229e-05,1.08832354e-05
5.9000,1.50310990e-05,1.08863860e-05,1.08863984e-05
5.9010,1.50303737e-05,1.08895460e-05,1.08895585e-05
5.9020,1.50296435e-05,1.08927031e-05,1.08927155e-05
5.9030,1.50289085e-05,1.08958571e-05,1.08958696e-05
5.9040,1.50281689e-05,1.08990082e-05,1.08990206e-05
5.9050,1.50274246e-05,1.09021563e-05,1.09021687e-05
5.9060,1.50266757e-05,1.09053013e-05,1.09053138e-05
5.9070,1.50259223e-05,1.09084434e-05,1.09084559e-05
5.9080,1.50251645e-05,1.09115826e-05,1.09115950e-05
5.9090,1.50244022e-05,1.09147187e-05,1.09147312e-05
5.9100,1.50236357e-05,1.09178519e-05,1.09178644e-05
5.9110,1.50228650e-05,1.09209821e-05,1.09209946e-05
5.9120,1.50220900e-05,1.09241094e-05,1.09241219e-05
5.9130,1.50213110e-05,1.09272337e-05,1.09272462e-05
5.9140,1.50205279e-05,1.09303550e-05,1.09303675e-05
5.9150,1.50197409e-05,1.09334734e-05,1.09334859e-05
5.9160,1.50189500e-05,1.09365889e-05,1.09366013e-05
5.9170,1.50181552e-05,1.09397014e-05,1.09397138e-05
5.9180,1.50173567e-05,1.09428109e-05,1.09428234e-05
5.9190,1.50165545e-05,1.09459175e-05,1.09459300e-05
5.9200,1.50157487e-05,1.09490212e-05,1.09490337e-05
5.9210,1.50149393e-05,1.09521220e-05,1.09521345e-05
5.9220,1.50141265e-05,1.09552198e-05,1.09552323e-05
5.9230,1.50133102e-05,1.09583147e-05,1.09583272e-05
5.9240,1.50124907e-05,1.09614067e-05,1.09614192e-05
5.9250,1.50116678e-05,1.09644958e-05,1.09645083e-05
5.9260,1.50108418e-05,1.09675820e-05,1.09675945e-05
5.9270,1.50100126e-05,1.09706653e-05,1.09706778e-05
5.9280,1.50091803e-05,1.09737456e-05,1.09737581e-05
5.9290,1.50083451e-05,1.09768231e-05,1.09768356e-05
5.9300,1.50075070e-05,1.09798977e-05,1.09799102e-05
5.9310,1.50066660e-05,1.09829693e-05,1.09829819e-05
5.9320,1.50058223e-05,1.09860381e-05,1.09860507e-05
5.9330,1.50049759e-05,1.09891040e-05,1.09891166e-05
5.9340,1.50041268e-05,1.09921671e-05,1.09921796e-05
5.9350,1.50032752e-05,1.09952272e-05,1.09952397e-05
5.9360,1.50024211e-05,1.09982845e-05,1.09982970e-05
5.9370,1.50015646e-05,1.10013389e-05,1.10013514e-05
5.9380,1.50007058e-05,1.10043905e-05,1.10044030e-05
5.9390,1.49998447e-05,1.10074391e-05,1.10074517e-05
5.9400,1.49989814e-05,1.10104850e-05,1.10104975e-05
5.9410,1.49981160e-05,1.10135280e-05,1.10135405e-05
5.9420,1.49972486e-05,1.10165681e-05,1.10165806e-05
5.9430,1.49963792e-05,1.10196054e-05,1.10196179e-05
5.9440,1.49955078e-05,1.10226398e-05,1.10226524e-05
5.9450,1.49946347e-05,1.10256714e-05,1.10256840e-05
5.9460,1.49937598e-05,1.10287002e-05,1.10287128e-05
5.9470,1.49928832e-05,1.10317261e-05,1.10317387e-05
5.9480,1.49920050e-05,1.10347493e-05,1.10347618e-05
5.9490,1.49911253e-05,1.10377696e-05,1.10377822e-05
5.9500,1.49902441e-05,1.10407871e-05,1.10407996e-05
5.9510,1.49893615e-05,1.10438017e-05,1.10438143e-05
5.9520,1.49884777e-05,1.10468136e-05,1.10468262e-05
5.9530,1.49875925e-05,1.10498226e-05,1.10498352e-05
5.9540,1.49867062e-05,1.10528289e-05,1.10528415e-05
5.9550,1.49858189e-05,1.10558324e-05,1.10558450e-05
5.9560,1.49849305e-05,1.10588330e-05,1.10588456e-05
5.9570,1.49840411e-05,1.10618309e-05,1.10618435e-05
5.9580,1.49831509e-05,1.10648260e-05,1.10648386e-05
5.9590,1.49822599e-05,1.10678183e-05,1.10678309e-05
5.9600,1.49813681e-05,1.10708078e-05,1.10708205e-05
5.9610,1.49804757e-05,1.10737946e-05,1.10738072e-05
5.9620,1.49795828e-05,1.10767786e-05,1.10767912e-05
5.9630,1.49786893e-05,1.10797598e-05,1.10797724e-05
5.9640,1.49777954e-05,1.10827383e-05,1.10827509e-05
5.9650,1.49769011e-05,1.10857140e-05,1.10857266e-05
5.9660,1.49760066e-05,1.10886869e-05,1.10886996e-05
5.9670,1.49751118e-05,1.10916572e-05,1.10916698e-05
5.9680,1.49742169e-05,1.10946246e-05,1.10946373e-05
5.9690,1.49733220e-05,1.10975893e-05,1.10976020e-05
5.9700,1.49724270e-05,1.11005513e-05,1.11005640e-05
5.9710,1.49715322e-05,1.11035106e-05,1.11035232e-05
5.9720,1.49706375e-05,1.11064671e-05,1.11064797e-05
5.9730,1.49697430e-05,1.11094209e-05,1.11094335e-05
5.9740,1.49688489e-05,1.11123720e-05,1.11123846e-05
5.9750,1.49679551e-05,1.11153203e-05,1.11153330e-05
5.9760,1.49670618e-05,1.11182660e-05,1.11182786e-05
5.9770,1.49661690e-05,1.11212089e-05,1.11212216e-05
5.9780,1.49652768e-05,1.11241492e-05,1.11241618e-05
5.9790,1.49643853e-05,1.11270867e-05,1.11270994e-05
5.9800,1.49634945e-05,1.11300215e-05,1.11300342e-05
5.9810,1.49626046e-05,1.11329537e-05,1.11329664e-05
5.9820,1.49617155e-05,1.11358832e-05,1.11358958e-05
5.9830,1.49608274e-05,1.11388099e-05,1.11388226e-05
5.9840,1.49599404e-05,1.11417340e-05,1.11417467e-05
5.9850,1.49590545e-05,1.11446555e-05,1.11446682e-05
5.9860,1.49581697e-05,1.11475742e-05,1.11475869e-05
5.9870,1.49572862e-05,1.11504903e-05,1.11505030e-05
5.9880,1.49564041e-05,1.11534037e-05,1.11534164e-05
5.9890,1.49555234e-05,1.11563145e-05,1.11563272e-05
5.9900,1.49546441e-05,1.11592226e-05,1.11592353e-05
5.9910,1.49537664e-05,1.11621281e-05,1.11621408e-05
5.9920,1.49528903e-05,1.11650309e-05,1.11650436e-05
5.9930,1.49520159e-05,1.11679311e-05,1.11679438e-05
5.9940,1.49511432e-05,1.11708286e-05,1.11708413e-05
5.9950,1.49502725e-05,1.11737235e-05,1.11737362e-05
5.9960,1.49494036e-05,1.11766158e-05,1.11766285e-05
5.9970,1.49485367e-05,1.11795054e-05,1.11795181e-05
5.9980,1.49476718e-05,1.11823924e-05,1.11824052e-05
5.9990,1.49468091e-05,1.11852768e-05,1.11852896e-05
6.0000,1.49459486e-05,1.11881586e-05,1.11881714e-05
6.0010,1.49450904e-05,1.11910378e-05,1.11910506e-05
6.0020,1.49442345e-05,1.11939144e-05,1.11939271e-05
6.0030,1.49433810e-05,1.11967884e-05,1.11968011e-05
6.0040,1.49425300e-05,1.11996598e-05,1.11996725e-05
6.0050,1.49416816e-05,1.12025286e-05,1.12025413e-05
6.0060,1.49408357e-05,1.12053948e-05,1.12054075e-05
6.0070,1.49399926e-05,1.12082584e-05,1.12082712e-05
6.0080,1.49391523e-05,1.12111194e-05,1.12111322e-05
6.0090,1.49383148e-05,1.12139779e-05,1.12139907e-05
6.0100,1.49374802e-05,1.12168338e-05,1.12168466e-05
6.0110,1.49366486e-05,1.12196871e-05,1.12196999e-05
6.0120,1.49358200e-05,1.12225379e-05,1.12225507e-05
6.0130,1.49349945e-05,1.12253861e-05,1.12253989e-05
6.0140,1.49341723e-05,1.12282318e-05,1.12282446e-05
6.0150,1.49333533e-05,1.12310749e-05,1.12310877e-05
6.0160,1.49325376e-05,1.12339154e-05,1.12339282e-05
6.0170,1.49317254e-05,1.12367535e-05,1.12367663e-05
6.0180,1.49309166e-05,1.12395890e-05,1.12396017e-05
6.0190,1.49301113e-05,1.12424219e-05,1.12424347e-05
6.0200,1.49293097e-05,1.12452523e-05,1.12452651e-05
6.0210,1.49285117e-05,1.12480802e-05,1.12480930e-05
6.0220,1.49277175e-05,1.12509056e-05,1.12509184e-05
6.0230,1.49269271e-05,1.12537285e-05,1.12537413e-05
6.0240,1.49261405e-05,1.12565488e-05,1.12565616e-05
6.0250,1.49253579e-05,1.12593666e-05,1.12593795e-05
6.0260,1.49245794e-05,1.12621820e-05,1.12621948e-05
6.0270,1.49238049e-05,1.12649948e-05,1.12650076e-05
6.0280,1.49230346e-05,1.12678052e-05,1.12678180e-05
6.0290,1.49222685e-05,1.12706130e-05,1.12706258e-05
6.0300,1.49215067e-05,1.12734184e-05,1.12734312e-05
6.0310,1.49207492e-05,1.12762213e-05,1.12762341e-05
6.0320,1.49199962e-05,1.12790217e-05,1.12790345e-05
6.0330,1.49192476e-05,1.12818196e-05,1.12818324e-05
6.0340,1.49185036e-05,1.12846151e-05,1.12846279e-05
6.0350,1.49177643e-05,1.12874081e-05,1.12874209e-05
6.0360,1.49170296e-05,1.12901986e-05,1.12902114e-05
6.0370,1.49162996e-05,1.12929867e-05,1.12929995e-05
6.0380,1.49155745e-05,1.12957723e-05,1.12957851e-05
6.0390,1.49148543e-05,1.12985555e-05,1.12985683e-05
6.0400,1.49141391e-05,1.13013362e-05,1.13013491e-05
6.0410,1.49134288e-05,1.13041145e-05,1.13041274e-05
6.0420,1.49127237e-05,1.13068904e-05,1.13069032e-05
6.0430,1.49120236e-05,1.13096638e-05,1.13096767e-05
6.0440,1.49113288e-05,1.13124348e-05,1.13124477e-05
6.0450,1.49106393e-05,1.13152034e-05,1.13152162e-05
6.0460,1.49099551e-05,1.13179695e-05,1.13179824e-05
6.0470,1.49092763e-05,1.13207333e-05,1.13207461e-05
6.0480,1.49086030e-05,1.13234946e-05,1.13235075e-05
6.0490,1.49079353e-05,1.13262535e-05,1.13262664e-05
6.0500,1.49072731e-05,1.13290101e-05,1.13290229e-05
6.0510,1.49066166e-05,1.13317642e-05,1.13317771e-05
6.0520,1.49059658e-05,1.13345159e-05,1.13345288e-05
6.0530,1.49053208e-05,1.13372653e-05,1.13372782e-05
6.0540,1.49046816e-05,1.13400122e-05,1.13400251e-05
6.0550,1.49040483e-05,1.13427568e-05,1.13427697e-05
6.0560,1.49034211e-05,1.13454990e-05,1.13455119e-05
6.0570,1.49027998e-05,1.13482389e-05,1.13482518e-05
6.0580,1.49021847e-05,1.13509763e-05,1.13509892e-05
6.0590,1.49015757e-05,1.13537114e-05,1.13537243e-05
6.0600,1.49009729e-05,1.13564442e-05,1.13564571e-05
6.0610,1.49003765e-05,1.13591746e-05,1.13591875e-05
6.0620,1.48997863e-05,1.13619026e-05,1.13619155e-05
6.0630,1.48992026e-05,1.13646283e-05,1.13646412e-05
6.0640,1.48986253e-05,1.13673516e-05,1.13673646e-05
6.0650,1.48980546e-05,1.13700727e-05,1.13700856e-05
6.0660,1.48974904e-05,1.13727913e-05,1.13728043e-05
6.0670,1.48969329e-05,1.13755077e-05,1.13755206e-05
6.0680,1.48963821e-05,1.13782217e-05,1.13782346e-05
6.0690,1.48958381e-05,1.13809334e-05,1.13809463e-05
6.0700,1.48953008e-05,1.13836428e-05,1.13836557e-05
6.0710,1.48947705e-05,1.13863499e-05,1.13863628e-05
6.0720,1.48942471e-05,1.13890546e-05,1.13890676e-05
6.0730,1.48937307e-05,1.13917571e-05,1.13917700e-05
6.0740,1.48932214e-05,1.13944572e-05,1.13944702e-05
6.0750,1.48927191e-05,1.13971551e-05,1.13971680e-05
6.0760,1.48922241e-05,1.13998507e-05,1.13998636e-05
6.0770,1.48917363e-05,1.14025440e-05,1.14025569e-05
6.0780,1.48912558e-05,1.14052350e-05,1.14052479e-05
6.0790,1.48907826e-05,1.14079237e-05,1.14079366e-05
6.0800,1.48903168e-05,1.14106101e-05,1.14106231e-05
6.0810,1.48898585e-05,1.14132943e-05,1.14133073e-05
6.0820,1.48894077e-05,1.14159762e-05,1.14159892e-05
6.0830,1.48889645e-05,1.14186559e-05,1.14186688e-05
6.0840,1.48885289e-05,1.14213333e-05,1.14213462e-05
6.0850,1.48881010e-05,1.14240084e-05,1.14240214e-05
6.0860,1.48876808e-05,1.14266813e-05,1.14266943e-05
6.0870,1.48872684e-05,1.14293519e-05,1.14293649e-05
6.0880,1.48868639e-05,1.14320203e-05,1.14320333e-05
6.0890,1.48864673e-05,1.14346865e-05,1.14346995e-05
6.0900,1.48860786e-05,1.14373504e-05,1.14373634e-05
6.0910,1.48856980e-05,1.14400121e-05,1.14400251e-05
6.0920,1.48853254e-05,1.14426716e-05,1.14426846e-05
6.0930,1.48849610e-05,1.14453289e-05,1.14453419e-05
6.0940,1.48846047e-05,1.14479839e-05,1.14479969e-05
6.0950,1.48842567e-05,1.14506367e-05,1.14506497e-05
6.0960,1.48839169e-05,1.14532874e-05,1.14533004e-05
6.0970,1.48835855e-05,1.14559358e-05,1.14559488e-05
6.0980,1.48832625e-05,1.14585820e-05,1.14585950e-05
6.0990,1.48829479e-05,1.14612260e-05,1.14612390e-05
6.1000,1.48826419e-05,1.14638679e-05,1.14638809e-05
6.1010,1.48823443e-05,1.14665075e-05,1.14665205e-05
6.1020,1.48820554e-05,1.14691450e-05,1.14691580e-05
6.1030,1.48817751e-05,1.14717803e-05,1.14717933e-05
6.1040,1.48815035e-05,1.14744134e-05,1.14744264e-05
6.1050,1.48812407e-05,1.14770443e-05,1.14770574e-05
6.1060,1.48809867e-05,1.14796731e-05,1.14796862e-05
6.1070,1.48807415e-05,1.14822997e-05,1.14823128e-05
6.1080,1.48805053e-05,1.14849242e-05,1.14849372e-05
6.1090,1.48802780e-05,1.14875465e-05,1.14875596e-05
6.1100,1.48800597e-05,1.14901667e-05,1.14901797e-05
6.1110,1.48798504e-05,1.14927847e-05,1.14927977e-05
6.1120,1.48796503e-05,1.14954006e-05,1.14954136e-05
6.1130,1.48794593e-05,1.14980143e-05,1.14980273e-05
6.1140,1.48792776e-05,1.15006259e-05,1.15006390e-05
6.1150,1.48791050e-05,1.15032354e-05,1.15032484e-05
6.1160,1.48789418e-05,1.15058427e-05,1.15058558e-05
6.1170,1.48787880e-05,1.15084480e-05,1.15084610e-05
6.1180,1.48786435e-05,1.15110511e-05,1.15110641e-05
6.1190,1.48785085e-05,1.15136521e-05,1.15136651e-05
6.1200,1.48783829e-05,1.15162510e-05,1.15162640e-05
6.1210,1.48782670e-05,1.15188478e-05,1.15188608e-05
6.1220,1.48781606e-05,1.15214425e-05,1.15214555e-05
6.1230,1.48780638e-05,1.15240351e-05,1.15240481e-05
6.1240,1.48779767e-05,1.15266256e-05,1.15266386e-05
6.1250,1.48778994e-05,1.15292140e-05,1.15292271e-05
6.1260,1.48778318e-05,1.15318003e-05,1.15318134e-05
6.1270,1.48777741e-05,1.15343846e-05,1.15343977e-05
6.1280,1.48777262e-05,1.15369668e-05,1.15369798e-05
6.1290,1.48776882e-05,1.15395469e-05,1.15395600e-05
6.1300,1.48776602e-05,1.15421249e-05,1.15421380e-05
6.1310,1.48776422e-05,1.15447009e-05,1.15447140e-05
6.1320,1.48776343e-05,1.15472748e-05,1.15472879e-05
6.1330,1.48776364e-05,1.15498467e-05,1.15498598e-05
6.1340,1.48776487e-05,1.15524165e-05,1.15524296e-05
6.1350,1.48776712e-05,1.15549843e-05,1.15549974e-05
6.1360,1.48777039e-05,1.15575500e-05,1.15575631e-05
6.1370,1.48777468e-05,1.15601137e-05,1.15601268e-05
6.1380,1.48778001e-05,1.15626753e-05,1.15626885e-05
6.1390,1.48778637e-05,1.15652350e-05,1.15652481e-05
6.1400,1.48779378e-05,1.15677926e-05,1.15678057e-05
6.1410,1.48780222e-05,1.15703481e-05,1.15703613e-05
6.1420,1.48781172e-05,1.15729017e-05,1.15729148e-05
6.1430,1.48782227e-05,1.15754532e-05,1.15754664e-05
6.1440,1.48783388e-05,1.15780028e-05,1.15780159e-05
6.1450,1.48784655e-05,1.15805503e-05,1.15805634e-05
6.1460,1.48786028e-05,1.15830958e-05,1.15831090e-05
6.1470,1.48787508e-05,1.15856394e-05,1.15856525e-05
6.1480,1.48789096e-05,1.15881809e-05,1.15881940e-05
6.1490,1.48790791e-05,1.15907204e-05,1.15907336e-05
6.1500,1.48792595e-05,1.15932580e-05,1.15932711e-05
6.1510,1.48794507e-05,1.15957936e-05,1.15958067e-05
6.1520,1.48796529e-05,1.15983272e-05,1.15983403e-05
6.1530,1.48798660e-05,1.16008588e-05,1.16008720e-05
6.1540,1.48800900e-05,1.16033885e-05,1.16034016e-05
6.1550,1.48803251e-05,1.16059162e-05,1.16059293e-05
6.1560,1.48805712e-05,1.16084419e-05,1.16084550e-05
6.1570,1.48808285e-05,1.16109656e-05,1.16109788e-05
6.1580,1.48810969e-05,1.16134875e-05,1.16135006e-05
6.1590,1.48813764e-05,1.16160073e-05,1.16160205e-05
6.1600,1.48816672e-05,1.16185252e-05,1.16185384e-05
6.1610,1.48819692e-05,1.16210412e-05,1.16210544e-05
6.1620,1.48822826e-05,1.16235553e-05,1.16235684e-05
6.1630,1.48826072e-05,1.16260674e-05,1.16260805e-05
6.1640,1.48829433e-05,1.16285775e-05,1.16285907e-05
6.1650,1.48832907e-05,1.16310858e-05,1.16310990e-05
6.1660,1.48836496e-05,1.16335921e-05,1.16336053e-05
6.1670,1.48840200e-05,1.16360965e-05,1.16361097e-05
6.1680,1.48844019e-05,1.16385990e-05,1.16386122e-05
6.1690,1.48847953e-05,1.16410996e-05,1.16411128e-05
6.1700,1.48852004e-05,1.16435982e-05,1.16436114e-05
6.1710,1.48856170e-05,1.16460950e-05,1.16461082e-05
6.1720,1.48860454e-05,1.16485899e-05,1.16486031e-05
6.1730,1.48864854e-05,1.16510829e-05,1.16510961e-05
6.1740,1.48869372e-05,1.16535739e-05,1.16535871e-05
6.1750,1.48874008e-05,1.16560631e-05,1.16560763e-05
6.1760,1.48878761e-05,1.16585504e-05,1.16585636e-05
6.1770,1.48883633e-05,1.16610359e-05,1.16610491e-05
6.1780,1.48888624e-05,1.16635194e-05,1.16635326e-05
6.1790,1.48893734e-05,1.16660011e-05,1.16660143e-05
6.1800,1.48898964e-05,1.16684809e-05,1.16684941e-05
6.1810,1.48904313e-05,1.16709589e-05,1.16709721e-05
6.1820,1.48909783e-05,1.16734350e-05,1.16734482e-05
6.1830,1.48915373e-05,1.16759092e-05,1.16759224e-05
6.1840,1.48921084e-05,1.16783816e-05,1.16783948e-05
6.1850,1.48926916e-05,1.16808521e-05,1.16808653e-05
6.1860,1.48932870e-05,1.16833208e-05,1.16833340e-05
6.1870,1.48938945e-05,1.16857876e-05,1.16858009e-05
6.1880,1.48945143e-05,1.16882527e-05,1.16882659e-05
6.1890,1.48951463e-05,1.16907158e-05,1.16907291e-05
6.1900,1.48957906e-05,1.16931772e-05,1.16931904e-05
6.1910,1.48964472e-05,1.16956367e-05,1.16956499e-05
6.1920,1.48971162e-05,1.16980944e-05,1.16981076e-05
6.1930,1.48977976e-05,1.17005503e-05,1.17005635e-05
6.1940,1.48984913e-05,1.17030043e-05,1.17030176e-05
6.1950,1.48991975e-05,1.17054566e-05,1.17054698e-05
6.1960,1.48999162e-05,1.17079070e-05,1.17079203e-05
6.1970,1.49006474e-05,1.17103556e-05,1.17103689e-05
6.1980,1.49013911e-05,1.17128025e-05,1.17128157e-05
6.1990,1.49021474e-05,1.17152475e-05,1.17152608e-05
6.2000,1.49029163e-05,1.17176908e-05,1.17177040e-05
6.2010,1.49036978e-05,1.17201322e-05,1.17201455e-05
6.2020,1.49044920e-05,1.17225719e-05,1.17225852e-05
6.2030,1.49052989e-05,1.17250098e-05,1.17250231e-05
6.2040,1.49061185e-05,1.17274459e-05,1.17274592e-05
6.2050,1.49069509e-05,1.17298803e-05,1.17298935e-05
6.2060,1.49077960e-05,1.17323128e-05,1.17323261e-05
6.2070,1.49086539e-05,1.17347436e-05,1.17347569e-05
6.2080,1.49095247e-05,1.17371727e-05,1.17371860e-05
6.2090,1.49104083e-05,1.17396000e-05,1.17396132e-05
6.2100,1.49113049e-05,1.17420255e-05,1.17420388e-05
6.2110,1.49122143e-05,1.17444493e-05,1.17444626e-05
6.2120,1.49131367e-05,1.17468713e-05,1.17468846e-05
6.2130,1.49140721e-05,1.17492916e-05,1.17493049e-05
6.2140,1.49150205e-05,1.17517101e-05,1.17517234e-05
6.2150,1.49159820e-05,1.17541269e-05,1.17541402e-05
6.2160,1.49169565e-05,1.17565420e-05,1.17565553e-05
6.2170,1.49179441e-05,1.17589553e-05,1.17589686e-05
6.2180,1.49189448e-05,1.17613670e-05,1.17613803e-05
6.2190,1.49199587e-05,1.17637769e-05,1.17637902e-05
6.2200,1.49209857e-05,1.17661850e-05,1.17661983e-05
6.2210,1.49220260e-05,1.17685915e-05,1.17686048e-05
6.2220,1.49230794e-05,1.17709962e-05,1.17710095e-05
6.2230,1.49241462e-05,1.17733993e-05,1.17734126e-05
6.2240,1.49252262e-05,1.17758006e-05,1.17758139e-05
6.2250,1.49263195e-05,1.17782002e-05,1.17782135e-05
6.2260,1.49274261e-05,1.17805982e-05,1.17806115e-05
6.2270,1.49285461e-05,1.17829944e-05,1.17830077e-05
6.2280,1.49296795e-05,1.17853889e-05,1.17854023e-05
6.2290,1.49308263e-05,1.17877818e-05,1.17877951e-05
6.2300,1.49319865e-05,1.17901730e-05,1.17901863e-05
6.2310,1.49331602e-05,1.17925625e-05,1.17925758e-05
6.2320,1.49343474e-05,1.17949503e-05,1.17949636e-05
6.2330,1.49355480e-05,1.17973365e-05,1.17973498e-05
6.2340,1.49367622e-05,1.17997209e-05,1.17997343e-05
6.2350,1.49379900e-05,1.18021037e-05,1.18021171e-05
6.2360,1.49392314e-05,1.18044849e-05,1.18044982e-05
6.2370,1.49404863e-05,1.18068644e-05,1.18068777e-05
6.2380,1.49417549e-05,1.18092422e-05,1.18092556e-05
6.2390,1.49430372e-05,1.18116184e-05,1.18116318e-05
6.2400,1.49443331e-05,1.18139929e-05,1.18140063e-05
6.2410,1.49456427e-05,1.18163658e-05,1.18163792e-05
6.2420,1.49469660e-05,1.18187371e-05,1.18187504e-05
6.2430,1.49483031e-05,1.18211067e-05,1.18211200e-05
6.2440,1.49496540e-05,1.18234747e-05,1.18234880e-05
6.2450,1.49510186e-05,1.18258410e-05,1.18258544e-05
6.2460,1.49523971e-05,1.18282057e-05,1.18282191e-05
6.2470,1.49537894e-05,1.18305688e-05,1.18305822e-05
6.2480,1.49551956e-05,1.18329303e-05,1.18329436e-05
6.2490,1.49566156e-05,1.18352901e-05,1.18353035e-05
6.2500,1.49580496e-05,1.18376484e-05,1.18376617e-05
6.2510,1.49594974e-05,1.18400050e-05,1.18400184e-05
6.2520,1.49609592e-05,1.18423600e-05,1.18423734e-05
6.2530,1.49624350e-05,1.18447134e-05,1.18447268e-05
6.2540,1.49639248e-05,1.18470652e-05,1.18470786e-05
6.2550,1.49654286e-05,1.18494155e-05,1.18494288e-05
6.2560,1.49669464e-05,1.18517641e-05,1.18517775e-05
6.2570,1.49684783e-05,1.18541111e-05,1.18541245e-05
6.2580,1.49700242e-05,1.18564566e-05,1.18564699e-05
6.2590,1.49715843e-05,1.18588004e-05,1.18588138e-05
6.2600,1.49731584e-05,1.18611427e-05,1.18611561e-05
6.2610,1.49747467e-05,1.18634834e-05,1.18634968e-05
6.2620,1.49763492e-05,1.18658225e-05,1.18658359e-05
6.2630,1.49779658e-05,1.18681601e-05,1.18681735e-05
6.2640,1.49795966e-05,1.18704961e-05,1.18705095e-05
6.2650,1.49812416e-05,1.18728305e-05,1.18728439e-05
6.2660,1.49829008e-05,1.18751633e-05,1.18751767e-05
6.2670,1.49845743e-05,1.18774946e-05,1.18775081e-05
6.2680,1.49862621e-05,1.18798244e-05,1.18798378e-05
6.2690,1.49879642e-05,1.18821526e-05,1.18821660e-05
6.2700,1.49896805e-05,1.18844792e-05,1.18844927e-05
6.2710,1.49914112e-05,1.18868043e-05,1.18868178e-05
6.2720,1.49931563e-05,1.18891279e-05,1.18891413e-05
6.2730,1.49949157e-05,1.18914499e-05,1.18914633e-05
6.2740,1.49966895e-05,1.18937704e-05,1.18937838e-05
6.2750,1.49984776e-05,1.18960894e-05,1.18961028e-05
6.2760,1.50002802e-05,1.18984068e-05,1.18984202e-05
6.2770,1.50020973e-05,1.19007227e-05,1.19007361e-05
6.2780,1.50039288e-05,1.19030371e-05,1.19030505e-05
6.2790,1.50057747e-05,1.19053499e-05,1.19053634e-05
6.2800,1.50076351e-05,1.19076613e-05,1.19076747e-05
6.2810,1.50095101e-05,1.19099711e-05,1.19099845e-05
6.2820,1.50113995e-05,1.19122794e-05,1.19122929e-05
6.2830,1.50133035e-05,1.19145862e-05,1.19145997e-05
6.2840,1.50152221e-05,1.19168915e-05,1.19169050e-05
6.2850,1.50171552e-05,1.19191953e-05,1.19192088e-05
6.2860,1.50191029e-05,1.19214977e-05,1.19215111e-05
6.2870,1.50210652e-05,1.19237985e-05,1.19238119e-05
6.2880,1.50230422e-05,1.19260978e-05,1.19261112e-05
6.2890,1.50250337e-05,1.19283956e-05,1.19284091e-05
6.2900,1.50270399e-05,1.19306920e-05,1.19307054e-05
6.2910,1.50290608e-05,1.19329868e-05,1.19330003e-05
6.2920,1.50310964e-05,1.19352802e-05,1.19352937e-05
6.2930,1.50331466e-05,1.19375721e-05,1.19375856e-05
6.2940,1.50352116e-05,1.19398626e-05,1.19398760e-05
6.2950,1.50372913e-05,1.19421515e-05,1.19421650e-05
6.2960,1.50393857e-05,1.19444390e-05,1.19444525e-05
6.2970,1.50414949e-05,1.19467251e-05,1.19467386e-05
6.2980,1.50436188e-05,1.19490097e-05,1.19490231e-05
6.2990,1.50457576e-05,1.19512928e-05,1.19513063e-05
6.3000,1.50479111e-05,1.19535744e-05,1.19535879e-05
6.3010,1.50500794e-05,1.19558546e-05,1.19558681e-05
6.3020,1.50522626e-05,1.19581334e-05,1.19581469e-05
6.3030,1.50544606e-05,1.19604107e-05,1.19604242e-05
6.3040,1.50566735e-05,1.19626866e-05,1.19627001e-05
6.3050,1.50589012e-05,1.19649610e-05,1.19649745e-05
6.3060,1.50611438e-05,1.19672340e-05,1.19672475e-05
6.3070,1.50634013e-05,1.19695056e-05,1.19695191e-05
6.3080,1.50656737e-05,1.19717757e-05,1.19717892e-05
6.3090,1.50679610e-05,1.19740444e-05,1.19740579e-05
6.3100,1.50702633e-05,1.19763117e-05,1.19763252e-05
6.3110,1.50725804e-05,1.19785775e-05,1.19785910e-05
6.3120,1.50749126e-05,1.19808419e-05,1.19808555e-05
6.3130,1.50772597e-05,1.19831050e-05,1.19831185e-05
6.3140,1.50796218e-05,1.19853666e-05,1.19853801e-05
6.3150,1.50819989e-05,1.19876267e-05,1.19876403e-05
6.3160,1.50843910e-05,1.19898855e-05,1.19898990e-05
6.3170,1.50867981e-05,1.19921429e-05,1.19921564e-05
6.3180,1.50892202e-05,1.19943989e-05,1.19944124e-05
6.3190,1.50916573e-05,1.19966534e-05,1.19966669e-05
6.3200,1.50941096e-05,1.19989066e-05,1.19989201e-05
6.3210,1.50965768e-05,1.20011584e-05,1.20011719e-05
6.3220,1.50990592e-05,1.20034088e-05,1.20034223e-05
6.3230,1.51015566e-05,1.20056577e-05,1.20056713e-05
6.3240,1.51040691e-05,1.20079054e-05,1.20079189e-05
6.3250,1.51065967e-05,1.20101516e-05,1.20101651e-05
6.3260,1.51091394e-05,1.20123964e-05,1.20124100e-05
6.3270,1.51116973e-05,1.20146399e-05,1.20146534e-05
6.3280,1.51142702e-05,1.20168820e-05,1.20168955e-05
6.3290,1.51168584e-05,1.20191227e-05,1.20191362e-05
6.3300,1.51194616e-05,1.20213620e-05,1.20213756e-05
6.3310,1.51220800e-05,1.20236000e-05,1.20236136e-05
6.3320,1.51247136e-05,1.20258366e-05,1.20258502e-05
6.3330,1.51273624e-05,1.20280719e-05,1.20280854e-05
6.3340,1.51300264e-05,1.20303058e-05,1.20303193e-05
6.3350,1.51327055e-05,1.20325383e-05,1.20325519e-05
6.3360,1.51353999e-05,1.20347695e-05,1.20347831e-05
6.3370,1.51381095e-05,1.20369993e-05,1.20370129e-05
6.3380,1.51408342e-05,1.20392278e-05,1.20392414e-05
6.3390,1.51435743e-05,1.20414550e-05,1.20414685e-05
6.3400,1.51463295e-05,1.20436808e-05,1.20436943e-05
6.3410,1.51491000e-05,1.20459052e-05,1.20459188e-05
6.3420,1.51518858e-05,1.20481283e-05,1.20481419e-05
6.3430,1.51546868e-05,1.20503501e-05,1.20503637e-05
6.3440,1.51575031e-05,1.20525706e-05,1.20525841e-05
6.3450,1.51603347e-05,1.20547897e-05,1.20548032e-05
6.3460,1.51631815e-05,1.20570075e-05,1.20570210e-05
6.3470,1.51660436e-05,1.20592239e-05,1.20592375e-05
6.3480,1.51689211e-05,1.20614391e-05,1.20614526e-05
6.3490,1.51718138e-05,1.20636529e-05,1.20636665e-05
6.3500,1.51747218e-05,1.20658654e-05,1.20658790e-05
6.3510,1.51776452e-05,1.20680766e-05,1.20680902e-05
6.3520,1.51805839e-05,1.20702865e-05,1.20703000e-05
6.3530,1.51835379e-05,1.20724950e-05,1.20725086e-05
6.3540,1.51865072e-05,1.20747023e-05,1.20747159e-05
6.3550,1.51894919e-05,1.20769082e-05,1.20769218e-05
6.3560,1.51924919e-05,1.20791129e-05,1.20791265e-05
6.3570,1.51955073e-05,1.20813162e-05,1.20813298e-05
6.3580,1.51985380e-05,1.20835183e-05,1.20835319e-05
6.3590,1.52015841e-05,1.20857190e-05,1.20857326e-05
6.3600,1.52046455e-05,1.20879185e-05,1.20879321e-05
6.3610,1.52077223e-05,1.20901167e-05,1.20901303e-05
6.3620,1.52108145e-05,1.20923135e-05,1.20923271e-05
6.3630,1.52139220e-05,1.20945091e-05,1.20945227e-05
6.3640,1.52170450e-05,1.20967035e-05,1.20967171e-05
6.3650,1.52201833e-05,1.20988965e-05,1.20989101e-05
6.3660,1.52233370e-05,1.21010882e-05,1.21011018e-05
6.3670,1.52265061e-05,1.21032787e-05,1.21032923e-05
6.3680,1.52296906e-05,1.21054679e-05,1.21054815e-05
6.3690,1.52328905e-05,1.21076558e-05,1.21076695e-05
6.3700,1.52361058e-05,1.21098425e-05,1.21098561e-05
6.3710,1.52393366e-05,1.21120279e-05,1.21120415e-05
6.3720,1.52425827e-05,1.21142120e-05,1.21142256e-05
6.3730,1.52458442e-05,1.21163949e-05,1.21164085e-05
6.3740,1.52491211e-05,1.21185765e-05,1.21185901e-05
6.3750,1.52524135e-05,1.21207568e-05,1.21207705e-05
6.3760,1.52557213e-05,1.21229359e-05,1.21229496e-05
6.3770,1.52590445e-05,1.21251138e-05,1.21251274e-05
6.3780,1.52623831e-05,1.21272904e-05,1.21273040e-05
6.3790,1.52657371e-05,1.21294657e-05,1.21294793e-05
6.3800,1.52691066e-05,1.21316398e-05,1.21316534e-05
6.3810,1.52724914e-05,1.21338126e-05,1.21338263e-05
6.3820,1.52758917e-05,1.21359842e-05,1.21359979e-05
6.3830,1.52793075e-05,1.21381546e-05,1.21381682e-05
6.3840,1.52827386e-05,1.21403237e-05,1.21403374e-05
6.3850,1.52861852e-05,1.21424916e-05,1.21425053e-05
6.3860,1.52896472e-05,1.21446583e-05,1.21446719e-05
6.3870,1.52931247e-05,1.21468237e-05,1.21468373e-05
6.3880,1.52966175e-05,1.21489879e-05,1.21490015e-05
6.3890,1.53001258e-05,1.21511509e-05,1.21511645e-05
6.3900,1.53036496e-05,1.21533126e-05,1.21533263e-05
6.3910,1.53071887e-05,1.21554731e-05,1.21554868e-05
6.3920,1.53107433e-05,1.21576324e-05,1.21576461e-05
6.3930,1.53143133e-05,1.21597905e-05,1.21598042e-05
6.3940,1.53178987e-05,1.21619474e-05,1.21619610e-05
6.3950,1.53214995e-05,1.21641030e-05,1.21641167e-05
6.3960,1.53251158e-05,1.21662574e-05,1.21662711e-05
6.3970,1.53287475e-05,1.21684107e-05,1.21684243e-05
6.3980,1.53323946e-05,1.21705627e-05,1.21705763e-05
6.3990,1.53360571e-05,1.21727135e-05,1.21727272e-05
6.4000,1.53397350e-05,1.21748631e-05,1.21748768e-05
6.4010,1.53434283e-05,1.21770115e-05,1.21770252e-05
6.4020,1.53471371e-05,1.21791587e-05,1.21791724e-05
6.4030,1.53508612e-05,1.21813047e-05,1.21813184e-05
6.4040,1.53546007e-05,1.21834495e-05,1.21834632e-05
6.4050,1.53583557e-05,1.21855931e-05,1.21856068e-05
6.4060,1.53621260e-05,1.21877355e-05,1.21877492e-05
6.4070,1.53659117e-05,1.21898768e-05,1.21898904e-05
6.4080,1.53697128e-05,1.21920168e-05,1.21920305e-05
6.4090,1.53735293e-05,1.21941556e-05,1.21941693e-05
6.4100,1.53773611e-05,1.21962933e-05,1.21963070e-05
6.4110,1.53812084e-05,1.21984298e-05,1.21984435e-05
6.4120,1.53850710e-05,1.22005651e-05,1.22005788e-05
6.4130,1.53889489e-05,1.22026992e-05,1.22027129e-05
6.4140,1.53928422e-05,1.22048321e-05,1.22048458e-05
6.4150,1.53967509e-05,1.22069639e-05,1.22069776e-05
6.4160,1.54006749e-05,1.22090945e-05,1.22091082e-05
6.4170,1.54046142e-05,1.22112239e-05,1.22112376e-05
6.4180,1.54085689e-05,1.22133522e-05,1.22133659e-05
6.4190,1.54125389e-05,1.22154793e-05,1.22154930e-05
6.4200,1.54165243e-05,1.22176052e-05,1.22176189e-05
6.4210,1.54205249e-05,1.22197299e-05,1.22197436e-05
6.4220,1.54245409e-05,1.22218535e-05,1.22218672e-05
6.4230,1.54285721e-05,1.22239759e-05,1.22239896e-05
6.4240,1.54326186e-05,1.22260972e-05,1.22261109e-05
6.4250,1.54366805e-05,1.22282173e-05,1.22282310e-05
6.4260,1.54407576e-05,1.22303363e-05,1.22303500e-05
6.4270,1.54448500e-05,1.22324541e-05,1.22324678e-05
6.4280,1.54489576e-05,1.22345707e-05,1.22345844e-05
6.4290,1.54530805e-05,1.22366862e-05,1.22366999e-05
6.4300,1.54572186e-05,1.22388005e-05,1.22388142e-05
6.4310,1.54613720e-05,1.22409137e-05,1.22409274e-05
6.4320,1.54655406e-05,1.22430258e-05,1.22430395e-05
6.4330,1.54697244e-05,1.22451367e-05,1.22451504e-05
6.4340,1.54739234e-05,1.22472464e-05,1.22472602e-05
6.4350,1.54781376e-05,1.22493551e-05,1.22493688e-05
6.4360,1.54823670e-05,1.22514626e-05,1.22514763e-05
6.4370,1.54866116e-05,1.22535689e-05,1.22535826e-05
6.4380,1.54908713e-05,1.22556741e-05,1.22556878e-05
6.4390,1.54951462e-05,1.22577782e-05,1.22577919e-05
6.4400,1.54994362e-05,1.22598811e-05,1.22598948e-05
6.4410,1.55037414e-05,1.22619829e-05,1.22619967e-05
6.4420,1.55080617e-05,1.22640836e-05,1.22640973e-05
6.4430,1.55123971e-05,1.22661832e-05,1.22661969e-05
6.4440,1.55167476e-05,1.22682816e-05,1.22682953e-05
6.4450,1.55211132e-05,1.22703789e-05,1.22703926e-05
6.4460,1.55254938e-05,1.22724750e-05,1.22724888e-05
6.4470,1.55298895e-05,1.22745701e-05,1.22745838e-05
6.4480,1.55343003e-05,1.22766640e-05,1.22766778e-05
6.4490,1.55387261e-05,1.22787568e-05,1.22787706e-05
6.4500,1.55431669e-05,1.22808485e-05,1.22808623e-05
6.4510,1.55476228e-05,1.22829391e-05,1.22829528e-05
6.4520,1.55520936e-05,1.22850286e-05,1.22850423e-05
6.4530,1.55565794e-05,1.22871169e-05,1.22871306e-05
6.4540,1.55610801e-05,1.22892041e-05,1.22892179e-05
6.4550,1.55655958e-05,1.22912903e-05,1.22913040e-05
6.4560,1.55701265e-05,1.22933753e-05,1.22933890e-05
6.4570,1.55746721e-05,1.22954592e-05,1.22954729e-05
6.4580,1.55792325e-05,1.22975420e-05,1.22975557e-05
6.4590,1.55838079e-05,1.22996237e-05,1.22996374e-05
6.4600,1.55883981e-05,1.23017043e-05,1.23017180e-05
6.4610,1.55930032e-05,1.23037837e-05,1.23037975e-05
6.4620,1.55976231e-05,1.23058621e-05,1.23058759e-05
6.4630,1.56022579e-05,1.23079394e-05,1.23079532e-05
6.4640,1.56069074e-05,1.23100156e-05,1.23100294e-05
6.4650,1.56115718e-05,1.23120907e-05,1.23121044e-05
6.4660,1.56162509e-05,1.23141647e-05,1.23141784e-05
6.4670,1.56209447e-05,1.23162376e-05,1.23162513e-05
6.4680,1.56256533e-05,1.23183094e-05,1.23183231e-05
6.4690,1.56303766e-05,1.23203801e-05,1.23203939e-05
6.4700,1.56351147e-05,1.23224497e-05,1.23224635e-05
6.4710,1.56398673e-05,1.23245182e-05,1.23245320e-05
6.4720,1.56446347e-05,1.23265857e-05,1.23265994e-05
6.4730,1.56494167e-05,1.23286520e-05,1.23286658e-05
6.4740,1.56542133e-05,1.23307173e-05,1.23307311e-05
6.4750,1.56590245e-05,1.23327815e-05,1.23327953e-05
6.4760,1.56638503e-05,1.23348446e-05,1.23348583e-05
6.4770,1.56686906e-05,1.23369066e-05,1.23369204e-05
6.4780,1.56735455e-05,1.23389675e-05,1.23389813e-05
6.4790,1.56784149e-05,1.23410274e-05,1.23410412e-05
6.4800,1.56832988e-05,1.23430861e-05,1.23430999e-05
6.4810,1.56881972e-05,1.23451438e-05,1.23451576e-05
6.4820,1.56931100e-05,1.23472005e-05,1.23472142e-05
6.4830,1.56980373e-05,1.23492560e-05,1.23492698e-05
6.4840,1.57029789e-05,1.23513105e-05,1.23513242e-05
6.4850,1.57079350e-05,1.23533638e-05,1.23533776e-05
6.4860,1.57129054e-05,1.23554162e-05,1.23554299e-05
6.4870,1.57178901e-05,1.23574674e-05,1.23574812e-05
6.4880,1.57228892e-05,1.23595176e-05,1.23595314e-05
6.4890,1.57279025e-05,1.23615667e-05,1.23615805e-05
6.4900,1.57329301e-05,1.23636147e-05,1.23636285e-05
6.4910,1.57379720e-05,1.23656617e-05,1.23656755e-05
6.4920,1.57430280e-05,1.23677076e-05,1.23677214e-05
6.4930,1.57480983e-05,1.23697524e-05,1.23697662e-05
6.4940,1.57531827e-05,1.23717962e-05,1.23718100e-05
6.4950,1.57582813e-05,1.23738389e-05,1.23738527e-05
6.4960,1.57633939e-05,1.23758805e-05,1.23758943e-05
6.4970,1.57685207e-05,1.23779211e-05,1.23779349e-05
6.4980,1.57736615e-05,1.23799606e-05,1.23799744e-05
6.4990,1.57788163e-05,1.23819991e-05,1.23820129e-05
6.5000,1.57839851e-05,1.23840365e-05,1.23840503e-05
6.5010,1.57891680e-05,1.23860728e-05,1.23860866e-05
6.5020,1.57943647e-05,1.23881081e-05,1.23881219e-05
6.5030,1.57995754e-05,1.23901423e-05,1.23901561e-05
6.5040,1.58048000e-05,1.23921755e-05,1.23921893e-05
6.5050,1.58100384e-05,1.23942076e-05,1.23942214e-05
6.5060,1.58152907e-05,1.23962386e-05,1.23962524e-05
6.5070,1.58205567e-05,1.23982686e-05,1.23982824e-05
6.5080,1.58258366e-05,1.24002976e-05,1.24003114e-05
6.5090,1.58311301e-05,1.24023255e-05,1.24023393e-05
6.5100,1.58364374e-05,1.24043523e-05,1.24043661e-05
6.5110,1.58417584e-05,1.24063781e-05,1.24063919e-05
6.5120,1.58470930e-05,1.24084029e-05,1.24084167e-05
6.5130,1.58524413e-05,1.24104266e-05,1.24104404e-05
6.5140,1.58578031e-05,1.24124492e-05,1.24124630e-05
6.5150,1.58631784e-05,1.24144708e-05,1.24144846e-05
6.5160,1.58685673e-05,1.24164913e-05,1.24165052e-05
6.5170,1.58739697e-05,1.24185108e-05,1.24185247e-05
6.5180,1.58793855e-05,1.24205293e-05,1.24205431e-05
6.5190,1.58848148e-05,1.24225467e-05,1.24225605e-05
6.5200,1.58902574e-05,1.24245631e-05,1.24245769e-05
6.5210,1.58957134e-05,1.24265784e-05,1.24265922e-05
6.5220,1.59011827e-05,1.24285927e-05,1.24286065e-05
6.5230,1.59066653e-05,1.24306059e-05,1.24306197e-05
6.5240,1.59121611e-05,1.24326181e-05,1.24326319e-05
6.5250,1.59176702e-05,1.24346292e-05,1.24346431e-05
6.5260,1.59231924e-05,1.24366394e-05,1.24366532e-05
6.5270,1.59287278e-05,1.24386484e-05,1.24386623e-05
6.5280,1.59342762e-05,1.24406565e-05,1.24406703e-05
6.5290,1.59398377e-05,1.24426634e-05,1.24426773e-05
6.5300,1.59454123e-05,1.24446694e-05,1.24446832e-05
6.5310,1.59509998e-05,1.24466743e-05,1.24466881e-05
6.5320,1.59566003e-05,1.24486782e-05,1.24486920e-05
6.5330,1.59622137e-05,1.24506810e-05,1.24506949e-05
6.5340,1.59678400e-05,1.24526828e-05,1.24526967e-05
6.5350,1.59734791e-05,1.24546836e-05,1.24546974e-05
6.5360,1.59791310e-05,1.24566833e-05,1.24566971e-05
6.5370,1.59847956e-05,1.24586820e-05,1.24586958e-05
6.5380,1.59904730e-05,1.24606797e-05,1.24606935e-05
6.5390,1.59961631e-05,1.24626763e-05,1.24626901e-05
6.5400,1.60018657e-05,1.24646719e-05,1.24646857e-05
6.5410,1.60075810e-05,1.24666664e-05,1.24666803e-05
6.5420,1.60133088e-05,1.24686599e-05,1.24686738e-05
6.5430,1.60190492e-05,1.24706524e-05,1.24706663e-05
6.5440,1.60248020e-05,1.24726439e-05,1.24726577e-05
6.5450,1.60305672e-05,1.24746343e-05,1.24746481e-05
6.5460,1.60363448e-05,1.24766237e-05,1.24766375e-05
6.5470,1.60421347e-05,1.24786120e-05,1.24786259e-05
6.5480,1.60479369e-05,1.24805993e-05,1.24806132e-05
6.5490,1.60537514e-05,1.24825856e-05,1.24825995e-05
6.5500,1.60595781e-05,1.24845709e-05,1.24845847e-05
6.5510,1.60654169e-05,1.24865551e-05,1.24865690e-05
6.5520,1.60712679e-05,1.24885383e-05,1.24885522e-05
6.5530,1.60771309e-05,1.24905205e-05,1.24905343e-05
6.5540,1.60830059e-05,1.24925016e-05,1.24925155e-05
6.5550,1.60888929e-05,1.24944817e-05,1.24944956e-05
6.5560,1.60947919e-05,1.24964608e-05,1.24964746e-05
6.5570,1.61007027e-05,1.24984388e-05,1.24984527e-05
6.5580,1.61066254e-05,1.25004158e-05,1.25004297e-05
6.5590,1.61125598e-05,1.25023918e-05,1.25024057e-05
6.5600,1.61185060e-05,1.25043668e-05,1.25043807e-05
6.5610,1.61244639e-05,1.25063407e-05,1.25063546e-05
6.5620,1.61304334e-05,1.25083136e-05,1.25083275e-05
6.5630,1.61364145e-05,1.25102855e-05,1.25102994e-05
6.5640,1.61424071e-05,1.25122563e-05,1.25122702e-05
6.5650,1.61484112e-05,1.25142261e-05,1.25142400e-05
6.5660,1.61544268e-05,1.25161949e-05,1.25162088e-05
6.5670,1.61604538e-05,1.25181627e-05,1.25181765e-05
6.5680,1.61664921e-05,1.25201294e-05,1.25201433e-05
6.5690,1.61725416e-05,1.25220951e-05,1.25221090e-05
6.5700,1.61786025e-05,1.25240598e-05,1.25240736e-05
6.5710,1.61846745e-05,1.25260234e-05,1.25260373e-05
6.5720,1.61907576e-05,1.25279860e-05,1.25279999e-05
6.5730,1.61968518e-05,1.25299476e-05,1.25299615e-05
6.5740,1.62029570e-05,1.25319082e-05,1.25319220e-05
6.5750,1.62090732e-05,1.25338677e-05,1.25338816e-05
6.5760,1.62152003e-05,1.25358262e-05,1.25358400e-05
6.5770,1.62213383e-05,1.25377836e-05,1.25377975e-05
6.5780,1.62274870e-05,1.25397401e-05,1.25397540e-05
6.5790,1.62336465e-05,1.25416955e-05,1.25417094e-05
6.5800,1.62398168e-05,1.25436499e-05,1.25436637e-05
6.5810,1.62459976e-05,1.25456032e-05,1.25456171e-05
6.5820,1.62521890e-05,1.25475555e-05,1.25475694e-05
6.5830,1.62583910e-05,1.25495068e-05,1.25495207e-05
6.5840,1.62646034e-05,1.25514571e-05,1.25514710e-05
6.5850,1.62708262e-05,1.25534063e-05,1.25534202e-05
6.5860,1.62770594e-05,1.25553545e-05,1.25553684e-05
6.5870,1.62833028e-05,1.25573017e-05,1.25573156e-05
6.5880,1.62895565e-05,1.25592479e-05,1.25592617e-05
6.5890,1.62958204e-05,1.25611930e-05,1.25612068e-05
6.5900,1.63020944e-05,1.25631370e-05,1.25631509e-05
6.5910,1.63083784e-05,1.25650801e-05,1.25650940e-05
6.5920,1.63146724e-05,1.25670221e-05,1.25670360e-05
6.5930,1.63209764e-05,1.25689631e-05,1.25689770e-05
6.5940,1.63272902e-05,1.25709031e-05,1.25709169e-05
6.5950,1.63336138e-05,1.25728420e-05,1.25728559e-05
6.5960,1.63399472e-05,1.25747799e-05,1.25747937e-05
6.5970,1.63462903e-05,1.25767167e-05,1.25767306e-05
6.5980,1.63526430e-05,1.25786525e-05,1.25786664e-05
6.5990,1.63590052e-05,1.25805873e-05,1.25806012e-05
6.6000,1.63653770e-05,1.25825211e-05,1.25825350e-05
6.6010,1.63717582e-05,1.25844538e-05,1.25844677e-05
6.6020,1.63781487e-05,1.25863855e-05,1.25863994e-05
6.6030,1.63845486e-05,1.25883162e-05,1.25883300e-05
6.6040,1.63909577e-05,1.25902458e-05,1.25902597e-05
6.6050,1.63973759e-05,1.25921744e-05,1.25921882e-05
6.6060,1.64038033e-05,1.25941019e-05,1.25941158e-05
6.6070,1.64102397e-05,1.25960284e-05,1.25960423e-05
6.6080,1.64166851e-05,1.25979539e-05,1.25979678e-05
6.6090,1.64231394e-05,1.25998783e-05,1.25998922e-05
6.6100,1.64296025e-05,1.26018017e-05,1.26018156e-05
6.6110,1.64360744e-05,1.26037241e-05,1.26037379e-05
6.6120,1.64425550e-05,1.26056454e-05,1.26056593e-05
6.6130,1.64490443e-05,1.26075657e-05,1.26075795e-05
6.6140,1.64555421e-05,1.26094849e-05,1.26094988e-05
6.6150,1.64620484e-05,1.26114031e-05,1.26114170e-05
6.6160,1.64685632e-05,1.26133202e-05,1.26133341e-05
6.6170,1.64750863e-05,1.26152364e-05,1.26152502e-05
6.6180,1.64816177e-05,1.26171514e-05,1.26171653e-05
6.6190,1.64881573e-05,1.26190654e-05,1.26190793e-05
6.6200,1.64947051e-05,1.26209784e-05,1.26209923e-05
6.6210,1.65012609e-05,1.26228904e-05,1.26229043e-05
6.6220,1.65078247e-05,1.26248013e-05,1.26248152e-05
6.6230,1.65143965e-05,1.26267111e-05,1.26267250e-05
6.6240,1.65209762e-05,1.26286199e-05,1.26286338e-05
6.6250,1.65275636e-05,1.26305277e-05,1.26305416e-05
6.6260,1.65341588e-05,1.26324344e-05,1.26324483e-05
6.6270,1.65407616e-05,1.26343400e-05,1.26343539e-05
6.6280,1.65473719e-05,1.26362446e-05,1.26362585e-05
6.6290,1.65539898e-05,1.26381482e-05,1.26381621e-05
6.6300,1.65606151e-05,1.26400507e-05,1.26400646e-05
6.6310,1.65672477e-05,1.26419522e-05,1.26419661e-05
6.6320,1.65738876e-05,1.26438526e-05,1.26438665e-05
6.6330,1.65805347e-05,1.26457519e-05,1.26457658e-05
6.6340,1.65871889e-05,1.26476502e-05,1.26476641e-05
6.6350,1.65938502e-05,1.26495475e-05,1.26495614e-05
6.6360,1.66005184e-05,1.26514436e-05,1.26514575e-05
6.6370,1.66071935e-05,1.26533388e-05,1.26533527e-05
6.6380,1.66138754e-05,1.26552329e-05,1.26552468e-05
6.6390,1.66205641e-05,1.26571259e-05,1.26571398e-05
6.6400,1.66272594e-05,1.26590178e-05,1.26590317e-05
6.6410,1.66339613e-05,1.26609087e-05,1.26609226e-05
6.6420,1.66406697e-05,1.26627986e-05,1.26628125e-05
6.6430,1.66473845e-05,1.26646873e-05,1.26647012e-05
6.6440,1.66541057e-05,1.26665751e-05,1.26665890e-05
6.6450,1.66608331e-05,1.26684617e-05,1.26684756e-05
6.6460,1.66675668e-05,1.26703473e-05,1.26703612e-05
6.6470,1.66743065e-05,1.26722318e-05,1.26722457e-05
6.6480,1.66810522e-05,1.26741153e-05,1.26741292e-05
6.6490,1.66878039e-05,1.26759977e-05,1.26760116e-05
6.6500,1.66945615e-05,1.26778790e-05,1.26778929e-05
6.6510,1.67013248e-05,1.26797592e-05,1.26797731e-05
6.6520,1.67080938e-05,1.26816384e-05,1.26816523e-05
6.6530,1.67148685e-05,1.26835165e-05,1.26835304e-05
6.6540,1.67216487e-05,1.26853936e-05,1.26854075e-05
6.6550,1.67284343e-05,1.26872695e-05,1.26872834e-05
6.6560,1.67352253e-05,1.26891444e-05,1.26891583e-05
6.6570,1.67420216e-05,1.26910182e-05,1.26910321e-05
6.6580,1.67488231e-05,1.26928910e-05,1.26929049e-05
6.6590,1.67556297e-05,1.26947626e-05,1.26947765e-05
6.6600,1.67624414e-05,1.26966332e-05,1.26966471e-05
6.6610,1.67692580e-05,1.26985027e-05,1.26985166e-05
6.6620,1.67760794e-05,1.27003711e-05,1.27003850e-05
6.6630,1.67829057e-05,1.27022385e-05,1.27022524e-05
6.6640,1.67897366e-05,1.27041047e-05,1.27041186e-05
6.6650,1.67965722e-05,1.27059699e-05,1.27059838e-05
6.6660,1.68034123e-05,1.27078340e-05,1.27078479e-05
6.6670,1.68102568e-05,1.27096970e-05,1.27097109e-05
6.6680,1.68171057e-05,1.27115589e-05,1.27115728e-05
6.6690,1.68239588e-05,1.27134197e-05,1.27134336e-05
6.6700,1.68308161e-05,1.27152794e-05,1.27152933e-05
6.6710,1.68376776e-05,1.27171381e-05,1.27171520e-05
6.6720,1.68445430e-05,1.27189956e-05,1.27190095e-05
6.6730,1.68514123e-05,1.27208521e-05,1.27208660e-05
6.6740,1.68582855e-05,1.27227074e-05,1.27227213e-05
6.6750,1.68651624e-05,1.27245617e-05,1.27245756e-05
6.6760,1.68720430e-05,1.27264148e-05,1.27264287e-05
6.6770,1.68789271e-05,1.27282669e-05,1.27282808e-05
6.6780,1.68858148e-05,1.27301179e-05,1.27301318e-05
6.6790,1.68927058e-05,1.27319677e-05,1.27319816e-05
6.6800,1.68996001e-05,1.27338165e-05,1.27338304e-05
6.6810,1.69064976e-05,1.27356641e-05,1.27356780e-05
6.6820,1.69133982e-05,1.27375106e-05,1.27375245e-05
6.6830,1.69203019e-05,1.27393561e-05,1.27393700e-05
6.6840,1.69272085e-05,1.27412004e-05,1.27412143e-05
6.6850,1.69341180e-05,1.27430436e-05,1.27430575e-05
6.6860,1.69410302e-05,1.27448857e-05,1.27448996e-05
6.6870,1.69479451e-05,1.27467267e-05,1.27467406e-05
6.6880,1.69548626e-05,1.27485666e-05,1.27485805e-05
6.6890,1.69617826e-05,1.27504053e-05,1.27504192e-05
6.6900,1.69687050e-05,1.27522429e-05,1.27522568e-05
6.6910,1.69756296e-05,1.27540795e-05,1.27540933e-05
6.6920,1.69825565e-05,1.27559148e-05,1.27559287e-05
6.6930,1.69894855e-05,1.27577491e-05,1.27577630e-05
6.6940,1.69964166e-05,1.27595823e-05,1.27595962e-05
6.6950,1.70033496e-05,1.27614143e-05,1.27614282e-05
6.6960,1.70102844e-05,1.27632452e-05,1.27632591e-05
6.6970,1.70172210e-05,1.27650749e-05,1.27650888e-05
6.6980,1.70241593e-05,1.27669036e-05,1.27669175e-05
6.6990,1.70310991e-05,1.27687311e-05,1.27687450e-05
6.7000,1.70380404e-05,1.27705574e-05,1.27705713e-05
6.7010,1.70449831e-05,1.27723827e-05,1.27723965e-05
6.7020,1.70519271e-05,1.27742068e-05,1.27742206e-05
6.7030,1.70588723e-05,1.27760297e-05,1.27760436e-05
6.7040,1.70658186e-05,1.27778515e-05,1.27778654e-05
6.7050,1.70727659e-05,1.27796722e-05,1.27796861e-05
6.7060,1.70797141e-05,1.27814917e-05,1.27815056e-05
6.7070,1.70866631e-05,1.27833101e-05,1.27833240e-05
6.7080,1.70936129e-05,1.27851273e-05,1.27851412e-05
6.7090,1.71005633e-05,1.27869434e-05,1.27869573e-05
6.7100,1.71075143e-05,1.27887583e-05,1.27887722e-05
6.7110,1.71144657e-05,1.27905721e-05,1.27905860e-05
6.7120,1.71214175e-05,1.27923848e-05,1.27923986e-05
6.7130,1.71283695e-05,1.27941962e-05,1.27942101e-05
6.7140,1.71353217e-05,1.27960065e-05,1.27960204e-05
6.7150,1.71422740e-05,1.27978157e-05,1.27978296e-05
6.7160,1.71492262e-05,1.27996237e-05,1.27996376e-05
6.7170,1.71561784e-05,1.28014305e-05,1.28014444e-05
6.7180,1.71631303e-05,1.28032362e-05,1.28032500e-05
6.7190,1.71700819e-05,1.28050407e-05,1.28050545e-05
6.7200,1.71770332e-05,1.28068440e-05,1.28068579e-05
6.7210,1.71839839e-05,1.28086461e-05,1.28086600e-05
6.7220,1.71909341e-05,1.28104471e-05,1.28104610e-05
6.7230,1.71978835e-05,1.28122469e-05,1.28122608e-05
6.7240,1.72048322e-05,1.28140456e-05,1.28140594e-05
6.7250,1.72117800e-05,1.28158430e-05,1.28158569e-05
6.7260,1.72187269e-05,1.28176393e-05,1.28176532e-05
6.7270,1.72256727e-05,1.28194344e-05,1.28194482e-05
6.7280,1.72326173e-05,1.28212283e-05,1.28212421e-05
6.7290,1.72395607e-05,1.28230210e-05,1.28230349e-05
6.7300,1.72465027e-05,1.28248125e-05,1.28248264e-05
6.7310,1.72534433e-05,1.28266029e-05,1.28266167e-05
6.7320,1.72603824e-05,1.28283920e-05,1.28284059e-05
6.7330,1.72673198e-05,1.28301800e-05,1.28301938e-05
6.7340,1.72742555e-05,1.28319667e-05,1.28319806e-05
6.7350,1.72811894e-05,1.28337523e-05,1.28337661e-05
6.7360,1.72881214e-05,1.28355366e-05,1.28355505e-05
6.7370,1.72950513e-05,1.28373198e-05,1.28373336e-05
6.7380,1.73019792e-05,1.28391017e-05,1.28391156e-05
6.7390,1.73089049e-05,1.28408825e-05,1.28408963e-05
6.7400,1.73158283e-05,1.28426620e-05,1.28426759e-05
6.7410,1.73227492e-05,1.28444403e-05,1.28444542e-05
6.7420,1.73296678e-05,1.28462174e-05,1.28462313e-05
6.7430,1.73365837e-05,1.28479933e-05,1.28480072e-05
6.7440,1.73434970e-05,1.28497680e-05,1.28497819e-05
6.7450,1.73504075e-05,1.28515415e-05,1.28515553e-05
6.7460,1.73573151e-05,1.28533137e-05,1.28533276e-05
6.7470,1.73642198e-05,1.28550847e-05,1.28550986e-05
6.7480,1.73711215e-05,1.28568545e-05,1.28568684e-05
6.7490,1.73780200e-05,1.28586230e-05,1.28586369e-05
6.7500,1.73849153e-05,1.28603904e-05,1.28604042e-05
6.7510,1.73918072e-05,1.28621565e-05,1.28621703e-05
6.7520,1.73986958e-05,1.28639213e-05,1.28639352e-05
6.7530,1.74055808e-05,1.28656849e-05,1.28656988e-05
6.7540,1.74124622e-05,1.28674473e-05,1.28674612e-05
6.7550,1.74193399e-05,1.28692085e-05,1.28692223e-05
6.7560,1.74262139e-05,1.28709684e-05,1.28709822e-05
6.7570,1.74330840e-05,1.28727270e-05,1.28727409e-05
6.7580,1.74399500e-05,1.28744844e-05,1.28744983e-05
6.7590,1.74468121e-05,1.28762405e-05,1.28762544e-05
6.7600,1.74536699e-05,1.28779954e-05,1.28780093e-05
6.7610,1.74605235e-05,1.28797491e-05,1.28797629e-05
6.7620,1.74673728e-05,1.28815015e-05,1.28815153e-05
6.7630,1.74742176e-05,1.28832526e-05,1.28832664e-05
6.7640,1.74810580e-05,1.28850024e-05,1.28850163e-05
6.7650,1.74878937e-05,1.28867510e-05,1.28867649e-05
6.7660,1.74947246e-05,1.28884984e-05,1.28885122e-05
6.7670,1.75015508e-05,1.28902444e-05,1.28902583e-05
6.7680,1.75083722e-05,1.28919892e-05,1.28920030e-05
6.7690,1.75151885e-05,1.28937327e-05,1.28937465e-05
6.7700,1.75219997e-05,1.28954749e-05,1.28954888e-05
6.7710,1.75288059e-05,1.28972159e-05,1.28972297e-05
6.7720,1.75356067e-05,1.28989555e-05,1.28989694e-05
6.7730,1.75424022e-05,1.29006939e-05,1.29007078e-05
6.7740,1.75491923e-05,1.29024310e-05,1.29024448e-05
6.7750,1.75559769e-05,1.29041668e-05,1.29041806e-05
6.7760,1.75627559e-05,1.29059013e-05,1.29059152e-05
6.7770,1.75695292e-05,1.29076345e-05,1.29076484e-05
6.7780,1.75762967e-05,1.29093665e-05,1.29093803e-05
6.7790,1.75830584e-05,1.29110971e-05,1.29111109e-05
6.7800,1.75898141e-05,1.29128264e-05,1.29128402e-05
6.7810,1.75965638e-05,1.29145544e-05,1.29145682e-05
6.7820,1.76033073e-05,1.29162811e-05,1.29162949e-05
6.7830,1.76100446e-05,1.29180065e-05,1.29180203e-05
6.7840,1.76167757e-05,1.29197306e-05,1.29197444e-05
6.7850,1.76235003e-05,1.29214533e-05,1.29214672e-05
6.7860,1.76302185e-05,1.29231748e-05,1.29231886e-05
6.7870,1.76369301e-05,1.29248949e-05,1.29249087e-05
6.7880,1.76436351e-05,1.29266137e-05,1.29266275e-05
6.7890,1.76503333e-05,1.29283312e-05,1.29283450e-05
6.7900,1.76570248e-05,1.29300473e-05,1.29300612e-05
6.7910,1.76637094e-05,1.29317621e-05,1.29317760e-05
6.7920,1.76703869e-05,1.29334756e-05,1.29334894e-05
6.7930,1.76770575e-05,1.29351878e-05,1.29352016e-05
6.7940,1.76837209e-05,1.29368986e-05,1.29369124e-05
6.7950,1.76903770e-05,1.29386080e-05,1.29386218e-05
6.7960,1.76970259e-05,1.29403162e-05,1.29403300e-05
6.7970,1.77036674e-05,1.29420229e-05,1.29420367e-05
6.7980,1.77103014e-05,1.29437283e-05,1.29437421e-05
6.7990,1.77169279e-05,1.29454324e-05,1.29454462e-05
6.8000,1.77235467e-05,1.29471351e-05,1.29471489e-05
6.8010,1.77301579e-05,1.29488365e-05,1.29488503e-05
6.8020,1.77367612e-05,1.29505365e-05,1.29505503e-05
6.8030,1.77433567e-05,1.29522351e-05,1.29522489e-05
6.8040,1.77499442e-05,1.29539323e-05,1.29539461e-05
6.8050,1.77565238e-05,1.29556282e-05,1.29556420e-05
6.8060,1.77630952e-05,1.29573227e-05,1.29573365e-05
6.8070,1.77696584e-05,1.29590159e-05,1.29590297e-05
6.8080,1.77762134e-05,1.29607076e-05,1.29607214e-05
6.8090,1.77827601e-05,1.29623980e-05,1.29624118e-05
6.8100,1.77892983e-05,1.29640870e-05,1.29641008e-05
6.8110,1.77958281e-05,1.29657746e-05,1.29657884e-05
6.8120,1.78023493e-05,1.29674608e-05,1.29674746e-05
6.8130,1.78088619e-05,1.29691456e-05,1.29691594e-05
6.8140,1.78153658e-05,1.29708291e-05,1.29708429e-05
6.8150,1.78218609e-05,1.29725111e-05,1.29725249e-05
6.8160,1.78283472e-05,1.29741917e-05,1.29742055e-05
6.8170,1.78348246e-05,1.29758709e-05,1.29758847e-05
6.8180,1.78412929e-05,1.29775488e-05,1.29775625e-05
6.8190,1.78477522e-05,1.29792252e-05,1.29792389e-05
6.8200,1.78542023e-05,1.29809002e-05,1.29809139e-05
6.8210,1.78606433e-05,1.29825737e-05,1.29825875e-05
6.8220,1.78670749e-05,1.29842459e-05,1.29842597e-05
6.8230,1.78734972e-05,1.29859166e-05,1.29859304e-05
6.8240,1.78799102e-05,1.29875859e-05,1.29875997e-05
6.8250,1.78863136e-05,1.29892538e-05,1.29892676e-05
6.8260,1.78927074e-05,1.29909202e-05,1.29909340e-05
6.8270,1.78990917e-05,1.29925853e-05,1.29925990e-05
6.8280,1.79054662e-05,1.29942488e-05,1.29942626e-05
6.8290,1.79118311e-05,1.29959110e-05,1.29959247e-05
6.8300,1.79181860e-05,1.29975716e-05,1.29975854e-05
6.8310,1.79245312e-05,1.29992309e-05,1.29992446e-05
6.8320,1.79308663e-05,1.30008887e-05,1.30009024e-05
6.8330,1.79371915e-05,1.30025450e-05,1.30025588e-05
6.8340,1.79435066e-05,1.30041999e-05,1.30042137e-05
6.8350,1.79498115e-05,1.30058533e-05,1.30058671e-05
6.8360,1.79561063e-05,1.30075053e-05,1.30075190e-05
6.8370,1.79623907e-05,1.30091558e-05,1.30091695e-05
6.8380,1.79686649e-05,1.30108048e-05,1.30108186e-05
6.8390,1.79749287e-05,1.30124524e-05,1.30124661e-05
6.8400,1.79811820e-05,1.30140984e-05,1.30141122e-05
6.8410,1.79874249e-05,1.30157430e-05,1.30157568e-05
6.8420,1.79936572e-05,1.30173862e-05,1.30173999e-05
6.8430,1.79998788e-05,1.30190278e-05,1.30190415e-05
6.8440,1.80060898e-05,1.30206679e-05,1.30206817e-05
6.8450,1.80122901e-05,1.30223066e-05,1.30223203e-05
6.8460,1.80184795e-05,1.30239438e-05,1.30239575e-05
6.8470,1.80246582e-05,1.30255794e-05,1.30255932e-05
6.8480,1.80308259e-05,1.30272136e-05,1.30272273e-05
6.8490,1.80369827e-05,1.30288463e-05,1.30288600e-05
6.8500,1.80431285e-05,1.30304774e-05,1.30304911e-05
6.8510,1.80492632e-05,1.30321071e-05,1.30321208e-05
6.8520,1.80553868e-05,1.30337352e-05,1.30337489e-05
6.8530,1.80614992e-05,1.30353618e-05,1.30353755e-05
6.8540,1.80676005e-05,1.30369869e-05,1.30370006e-05
6.8550,1.80736904e-05,1.30386105e-05,1.30386242e-05
6.8560,1.80797691e-05,1.30402325e-05,1.30402462e-05
6.8570,1.80858364e-05,1.30418530e-05,1.30418667e-05
6.8580,1.80918922e-05,1.30434720e-05,1.30434857e-05
6.8590,1.80979366e-05,1.30450895e-05,1.30451032e-05
6.8600,1.81039695e-05,1.30467054e-05,1.30467191e-05
6.8610,1.81099909e-05,1.30483197e-05,1.30483334e-05
6.8620,1.81160007e-05,1.30499325e-05,1.30499463e-05
6.8630,1.81219988e-05,1.30515438e-05,1.30515575e-05
6.8640,1.81279852e-05,1.30531535e-05,1.30531672e-05
6.8650,1.81339599e-05,1.30547617e-05,1.30547754e-05
6.8660,1.81399228e-05,1.30563683e-05,1.30563820e-05
6.8670,1.81458739e-05,1.30579733e-05,1.30579870e-05
6.8680,1.81518131e-05,1.30595768e-05,1.30595905e-05
6.8690,1.81577405e-05,1.30611787e-05,1.30611924e-05
6.8700,1.81636559e-05,1.30627790e-05,1.30627927e-05
6.8710,1.81695593e-05,1.30643778e-05,1.30643914e-05
6.8720,1.81754507e-05,1.30659749e-05,1.30659886e-05
6.8730,1.81813300e-05,1.30675705e-05,1.30675842e-05
6.8740,1.81871973e-05,1.30691645e-05,1.30691782e-05
6.8750,1.81930524e-05,1.30707569e-05,1.30707706e-05
6.8760,1.81988953e-05,1.30723477e-05,1.30723614e-05
6.8770,1.82047261e-05,1.30739369e-05,1.30739506e-05
6.8780,1.82105446e-05,1.30755246e-05,1.30755382e-05
6.8790,1.82163508e-05,1.30771106e-05,1.30771242e-05
6.8800,1.82221447e-05,1.30786950e-05,1.30787086e-05
6.8810,1.82279263e-05,1.30802778e-05,1.30802914e-05
6.8820,1.82336955e-05,1.30818589e-05,1.30818726e-05
6.8830,1.82394523e-05,1.30834385e-05,1.30834522e-05
6.8840,1.82451966e-05,1.30850164e-05,1.30850301e-05
6.8850,1.82509285e-05,1.30865927e-05,1.30866064e-05
6.8860,1.82566480e-05,1.30881674e-05,1.30881811e-05
6.8870,1.82623548e-05,1.30897405e-05,1.30897541e-05
6.8880,1.82680492e-05,1.30913119e-05,1.30913255e-05
6.8890,1.82737309e-05,1.30928817e-05,1.30928953e-05
6.8900,1.82794001e-05,1.30944498e-05,1.30944635e-05
6.8910,1.82850566e-05,1.30960163e-05,1.30960299e-05
6.8920,1.82907005e-05,1.30975811e-05,1.30975948e-05
6.8930,1.82963317e-05,1.30991443e-05,1.30991580e-05
6.8940,1.83019502e-05,1.31007059e-05,1.31007195e-05
6.8950,1.83075560e-05,1.31022657e-05,1.31022794e-05
6.8960,1.83131490e-05,1.31038239e-05,1.31038376e-05
6.8970,1.83187293e-05,1.31053805e-05,1.31053941e-05
6.8980,1.83242968e-05,1.31069353e-05,1.31069490e-05
6.8990,1.83298514e-05,1.31084885e-05,1.31085021e-05
6.9000,1.83353933e-05,1.31100400e-05,1.31100536e-05
6.9010,1.83409223e-05,1.31115899e-05,1.31116035e-05
6.9020,1.83464384e-05,1.31131380e-05,1.31131516e-05
6.9030,1.83519416e-05,1.31146845e-05,1.31146981e-05
6.9040,1.83574320e-05,1.31162292e-05,1.31162428e-05
6.9050,1.83629094e-05,1.31177723e-05,1.31177859e-05
6.9060,1.83683740e-05,1.31193137e-05,1.31193273e-05
6.9070,1.83738255e-05,1.31208533e-05,1.31208669e-05
6.9080,1.83792641e-05,1.31223913e-05,1.31224049e-05
6.9090,1.83846898e-05,1.31239275e-05,1.31239411e-05
6.9100,1.83901025e-05,1.31254621e-05,1.31254757e-05
6.9110,1.83955021e-05,1.31269949e-05,1.31270085e-05
6.9120,1.84008888e-05,1.31285260e-05,1.31285396e-05
6.9130,1.84062625e-05,1.31300553e-05,1.31300689e-05
6.9140,1.84116231e-05,1.31315830e-05,1.31315966e-05
6.9150,1.84169707e-05,1.31331089e-05,1.31331225e-05
6.9160,1.84223053e-05,1.31346330e-05,1.31346466e-05
6.9170,1.84276268e-05,1.31361555e-05,1.31361691e-05
6.9180,1.84329353e-05,1.31376762e-05,1.31376897e-05
6.9190,1.84382307e-05,1.31391951e-05,1.31392087e-05
6.9200,1.84435130e-05,1.31407123e-05,1.31407259e-05
6.9210,1.84487823e-05,1.31422277e-05,1.31422413e-05
6.9220,1.84540385e-05,1.31437414e-05,1.31437550e-05
6.9230,1.84592817e-05,1.31452533e-05,1.31452669e-05
6.9240,1.84645117e-05,1.31467634e-05,1.31467770e-05
6.9250,1.84697287e-05,1.31482718e-05,1.31482854e-05
6.9260,1.84749326e-05,1.31497784e-05,1.31497920e-05
6.9270,1.84801235e-05,1.31512832e-05,1.31512968e-05
6.9280,1.84853012e-05,1.31527863e-05,1.31527998e-05
6.9290,1.84904659e-05,1.31542876e-05,1.31543011e-05
6.9300,1.84956175e-05,1.31557870e-05,1.31558006e-05
6.9310,1.85007560e-05,1.31572847e-05,1.31572982e-05
6.9320,1.85058815e-05,1.31587806e-05,1.31587941e-05
6.9330,1.85109939e-05,1.31602747e-05,1.31602882e-05
6.9340,1.85160932e-05,1.31617670e-05,1.31617805e-05
6.9350,1.85211795e-05,1.31632574e-05,1.31632710e-05
6.9360,1.85262527e-05,1.31647461e-05,1.31647596e-05
6.9370,1.85313129e-05,1.31662330e-05,1.31662465e-05
6.9380,1.85363601e-05,1.31677180e-05,1.31677315e-05
6.9390,1.85413942e-05,1.31692012e-05,1.31692147e-05
6.9400,1.85464153e-05,1.31706826e-05,1.31706961e-05
6.9410,1.85514234e-05,1.31721621e-05,1.31721756e-05
6.9420,1.85564185e-05,1.31736399e-05,1.31736534e-05
6.9430,1.85614006e-05,1.31751157e-05,1.31751293e-05
6.9440,1.85663697e-05,1.31765898e-05,1.31766033e-05
6.9450,1.85713259e-05,1.31780620e-05,1.31780755e-05
6.9460,1.85762691e-05,1.31795323e-05,1.31795458e-05
6.9470,1.85811994e-05,1.31810008e-05,1.31810143e-05
6.9480,1.85861167e-05,1.31824675e-05,1.31824810e-05
6.9490,1.85910211e-05,1.31839323e-05,1.31839458e-05
6.9500,1.85959127e-05,1.31853952e-05,1.31854087e-05
6.9510,1.86007913e-05,1.31868563e-05,1.31868697e-05
6.9520,1.86056571e-05,1.31883154e-05,1.31883289e-05
6.9530,1.86105101e-05,1.31897727e-05,1.31897862e-05
6.9540,1.86153502e-05,1.31912282e-05,1.31912417e-05
6.9550,1.86201775e-05,1.31926817e-05,1.31926952e-05
6.9560,1.86249920e-05,1.31941334e-05,1.31941469e-05
6.9570,1.86297937e-05,1.31955832e-05,1.31955966e-05
6.9580,1.86345827e-05,1.31970310e-05,1.31970445e-05
6.9590,1.86393589e-05,1.31984770e-05,1.31984905e-05
6.9600,1.86441225e-05,1.31999211e-05,1.31999346e-05
6.9610,1.86488733e-05,1.32013633e-05,1.32013767e-05
6.9620,1.86536115e-05,1.32028036e-05,1.32028170e-05
6.9630,1.86583370e-05,1.32042419e-05,1.32042554e-05
6.9640,1.86630500e-05,1.32056783e-05,1.32056918e-05
6.9650,1.86677503e-05,1.32071129e-05,1.32071263e-05
6.9660,1.86724380e-05,1.32085455e-05,1.32085589e-05
6.9670,1.86771132e-05,1.32099761e-05,1.32099896e-05
6.9680,1.86817759e-05,1.32114049e-05,1.32114183e-05
6.9690,1.86864261e-05,1.32128317e-05,1.32128451e-05
6.9700,1.86910638e-05,1.32142565e-05,1.32142699e-05
6.9710,1.86956891e-05,1.32156794e-05,1.32156928e-05
6.9720,1.87003020e-05,1.32171004e-05,1.32171138e-05
6.9730,1.87049025e-05,1.32185194e-05,1.32185328e-05
6.9740,1.87094906e-05,1.32199365e-05,1.32199499e-05
6.9750,1.87140664e-05,1.32213516e-05,1.32213650e-05
6.9760,1.87186300e-05,1.32227647e-05,1.32227781e-05
6.9770,1.87231812e-05,1.32241759e-05,1.32241893e-05
6.9780,1.87277203e-05,1.32255851e-05,1.32255985e-05
6.9790,1.87322471e-05,1.32269923e-05,1.32270057e-05
6.9800,1.87367618e-05,1.32283976e-05,1.32284110e-05
6.9810,1.87412643e-05,1.32298009e-05,1.32298143e-05
6.9820,1.87457548e-05,1.32312022e-05,1.32312155e-05
6.9830,1.87502332e-05,1.32326015e-05,1.32326148e-05
6.9840,1.87546995e-05,1.32339988e-05,1.32340122e-05
6.9850,1.87591539e-05,1.32353941e-05,1.32354075e-05
6.9860,1.87635963e-05,1.32367874e-05,1.32368008e-05
6.9870,1.87680268e-05,1.32381787e-05,1.32381921e-05
6.9880,1.87724454e-05,1.32395680e-05,1.32395814e-05
6.9890,1.87768522e-05,1.32409553e-05,1.32409687e-05
6.9900,1.87812471e-05,1.32423406e-05,1.32423539e-05
6.9910,1.87856303e-05,1.32437238e-05,1.32437372e-05
6.9920,1.87900018e-05,1.32451050e-05,1.32451184e-05
6.9930,1.87943615e-05,1.32464842e-05,1.32464976e-05
6.9940,1.87987096e-05,1.32478614e-05,1.32478748e-05
6.9950,1.88030461e-05,1.32492366e-05,1.32492499e-05
6.9960,1.88073710e-05,1.32506097e-05,1.32506230e-05
6.9970,1.88116844e-05,1.32519807e-05,1.32519940e-05
6.9980,1.88159863e-05,1.32533497e-05,1.32533630e-05
6.9990,1.88202767e-05,1.32547167e-05,1.32547300e-05
7.0000,1.88245557e-05,1.32560816e-05,1.32560949e-05
7.0010,1.88288234e-05,1.32574444e-05,1.32574578e-05
7.0020,1.88330798e-05,1.32588052e-05,1.32588185e-05
7.0030,1.88373248e-05,1.32601639e-05,1.32601773e-05
7.0040,1.88415587e-05,1.32615206e-05,1.32615339e-05
7.0050,1.88457813e-05,1.32628752e-05,1.32628885e-05
7.0060,1.88499929e-05,1.32642277e-05,1.32642410e-05
7.0070,1.88541933e-05,1.32655781e-05,1.32655914e-05
7.0080,1.88583826e-05,1.32669265e-05,1.32669398e-05
7.0090,1.88625610e-05,1.32682727e-05,1.32682860e-05
7.0100,1.88667284e-05,1.32696169e-05,1.32696302e-05
7.0110,1.88708849e-05,1.32709589e-05,1.32709722e-05
7.0120,1.88750305e-05,1.32722989e-05,1.32723122e-05
7.0130,1.88791653e-05,1.32736368e-05,1.32736501e-05
7.0140,1.88832893e-05,1.32749725e-05,1.32749858e-05
7.0150,1.88874027e-05,1.32763062e-05,1.32763195e-05
7.0160,1.88915053e-05,1.32776377e-05,1.32776510e-05
7.0170,1.88955973e-05,1.32789671e-05,1.32789804e-05
7.0180,1.88996788e-05,1.32802944e-05,1.32803077e-05
7.0190,1.89037497e-05,1.32816196e-05,1.32816329e-05
7.0200,1.89078102e-05,1.32829426e-05,1.32829559e-05
7.0210,1.89118602e-05,1.32842636e-05,1.32842768e-05
7.0220,1.89158999e-05,1.32855823e-05,1.32855956e-05
7.0230,1.89199292e-05,1.32868990e-05,1.32869122e-05
7.0240,1.89239483e-05,1.32882134e-05,1.32882267e-05
7.0250,1.89279572e-05,1.32895258e-05,1.32895390e-05
7.0260,1.89319559e-05,1.32908360e-05,1.32908492e-05
7.0270,1.89359445e-05,1.32921440e-05,1.32921572e-05
7.0280,1.89399230e-05,1.32934499e-05,1.32934631e-05
7.0290,1.89438915e-05,1.32947536e-05,1.32947668e-05
7.0300,1.89478501e-05,1.32960552e-05,1.32960684e-05
7.0310,1.89517988e-05,1.32973545e-05,1.32973677e-05
7.0320,1.89557377e-05,1.32986517e-05,1.32986649e-05
7.0330,1.89596667e-05,1.32999468e-05,1.32999600e-05
7.0340,1.89635861e-05,1.33012396e-05,1.33012528e-05
7.0350,1.89674957e-05,1.33025303e-05,1.33025435e-05
7.0360,1.89713957e-05,1.33038187e-05,1.33038319e-05
7.0370,1.89752862e-05,1.33051050e-05,1.33051182e-05
7.0380,1.89791672e-05,1.33063891e-05,1.33064023e-05
7.0390,1.89830387e-05,1.33076710e-05,1.33076842e-05
7.0400,1.89869008e-05,1.33089507e-05,1.33089639e-05
7.0410,1.89907535e-05,1.33102282e-05,1.33102413e-05
7.0420,1.89945970e-05,1.33115034e-05,1.33115166e-05
7.0430,1.89984312e-05,1.33127765e-05,1.33127897e-05
7.0440,1.90022563e-05,1.33140473e-05,1.33140605e-05
7.0450,1.90060723e-05,1.33153159e-05,1.33153291e-05
7.0460,1.90098792e-05,1.33165823e-05,1.33165955e-05
7.0470,1.90136772e-05,1.33178465e-05,1.33178596e-05
7.0480,1.90174661e-05,1.33191084e-05,1.33191216e-05
7.0490,1.90212463e-05,1.33203681e-05,1.33203813e-05
7.0500,1.90250176e-05,1.33216256e-05,1.33216387e-05
7.0510,1.90287801e-05,1.33228808e-05,1.33228939e-05
7.0520,1.90325339e-05,1.33241338e-05,1.33241469e-05
7.0530,1.90362791e-05,1.33253845e-05,1.33253976e-05
7.0540,1.90400157e-05,1.33266329e-05,1.33266461e-05
7.0550,1.90437438e-05,1.33278792e-05,1.33278923e-05
7.0560,1.90474635e-05,1.33291231e-05,1.33291362e-05
7.0570,1.90511747e-05,1.33303648e-05,1.33303779e-05
7.0580,1.90548776e-05,1.33316042e-05,1.33316173e-05
7.0590,1.90585722e-05,1.33328414e-05,1.33328545e-05
7.0600,1.90622586e-05,1.33340762e-05,1.33340893e-05
7.0610,1.90659368e-05,1.33353088e-05,1.33353219e-05
7.0620,1.90696070e-05,1.33365391e-05,1.33365522e-05
7.0630,1.90732691e-05,1.33377672e-05,1.33377802e-05
7.0640,1.90769232e-05,1.33389929e-05,1.33390060e-05
7.0650,1.90805695e-05,1.33402163e-05,1.33402294e-05
7.0660,1.90842078e-05,1.33414375e-05,1.33414506e-05
7.0670,1.90878384e-05,1.33426564e-05,1.33426694e-05
7.0680,1.90914613e-05,1.33438729e-05,1.33438860e-05
7.0690,1.90950765e-05,1.33450871e-05,1.33451002e-05
7.0700,1.90986841e-05,1.33462991e-05,1.33463121e-05
7.0710,1.91022842e-05,1.33475087e-05,1.33475218e-05
7.0720,1.91058768e-05,1.33487160e-05,1.33487291e-05
7.0730,1.91094619e-05,1.33499210e-05,1.33499340e-05
7.0740,1.91130398e-05,1.33511237e-05,1.33511367e-05
7.0750,1.91166103e-05,1.33523240e-05,1.33523370e-05
7.0760,1.91201736e-05,1.33535220e-05,1.33535350e-05
7.0770,1.91237298e-05,1.33547177e-05,1.33547307e-05
7.0780,1.91272789e-05,1.33559110e-05,1.33559240e-05
7.0790,1.91308209e-05,1.33571020e-05,1.33571150e-05
7.0800,1.91343560e-05,1.33582907e-05,1.33583037e-05
7.0810,1.91378841e-05,1.33594770e-05,1.33594900e-05
7.0820,1.91414054e-05,1.33606610e-05,1.33606740e-05
7.0830,1.91449200e-05,1.33618426e-05,1.33618556e-05
7.0840,1.91484278e-05,1.33630218e-05,1.33630348e-05
7.0850,1.91519290e-05,1.33641987e-05,1.33642117e-05
7.0860,1.91554236e-05,1.33653732e-05,1.33653862e-05
7.0870,1.91589116e-05,1.33665454e-05,1.33665584e-05
7.0880,1.91623932e-05,1.33677152e-05,1.33677282e-05
7.0890,1.91658684e-05,1.33688826e-05,1.33688956e-05
7.0900,1.91693373e-05,1.33700476e-05,1.33700606e-05
7.0910,1.91728000e-05,1.33712103e-05,1.33712233e-05
7.0920,1.91762564e-05,1.33723706e-05,1.33723836e-05
7.0930,1.91797067e-05,1.33735285e-05,1.33735414e-05
7.0940,1.91831509e-05,1.33746840e-05,1.33746969e-05
7.0950,1.91865891e-05,1.33758371e-05,1.33758501e-05
7.0960,1.91900214e-05,1.33769878e-05,1.33770008e-05
7.0970,1.91934477e-05,1.33781361e-05,1.33781491e-05
7.0980,1.91968683e-05,1.33792821e-05,1.33792950e-05
7.0990,1.92002832e-05,1.33804256e-05,1.33804385e-05
7.1000,1.92036923e-05,1.33815667e-05,1.33815796e-05
7.1010,1.92070958e-05,1.33827054e-05,1.33827183e-05
7.1020,1.92104938e-05,1.33838417e-05,1.33838546e-05
7.1030,1.92138863e-05,1.33849755e-05,1.33849884e-05
7.1040,1.92172734e-05,1.33861070e-05,1.33861199e-05
7.1050,1.92206551e-05,1.33872360e-05,1.33872489e-05
7.1060,1.92240315e-05,1.33883626e-05,1.33883755e-05
7.1070,1.92274027e-05,1.33894867e-05,1.33894996e-05
7.1080,1.92307687e-05,1.33906085e-05,1.33906214e-05
7.1090,1.92341296e-05,1.33917278e-05,1.33917406e-05
7.1100,1.92374855e-05,1.33928446e-05,1.33928575e-05
7.1110,1.92408364e-05,1.33939590e-05,1.33939719e-05
7.1120,1.92441824e-05,1.33950710e-05,1.33950839e-05
7.1130,1.92475236e-05,1.33961805e-05,1.33961934e-05
7.1140,1.92508600e-05,1.33972876e-05,1.33973005e-05
7.1150,1.92541916e-05,1.33983922e-05,1.33984051e-05
7.1160,1.92575187e-05,1.33994944e-05,1.33995072e-05
7.1170,1.92608411e-05,1.34005941e-05,1.34006069e-05
7.1180,1.92641591e-05,1.34016913e-05,1.34017042e-05
7.1190,1.92674725e-05,1.34027861e-05,1.34027989e-05
7.1200,1.92707816e-05,1.34038784e-05,1.34038912e-05
7.1210,1.92740864e-05,1.34049682e-05,1.34049810e-05
7.1220,1.92773869e-05,1.34060556e-05,1.34060684e-05
7.1230,1.92806832e-05,1.34071405e-05,1.34071533e-05
7.1240,1.92839754e-05,1.34082229e-05,1.34082357e-05
7.1250,1.92872636e-05,1.34093028e-05,1.34093156e-05
7.1260,1.92905477e-05,1.34103802e-05,1.34103930e-05
7.1270,1.92938279e-05,1.34114552e-05,1.34114680e-05
7.1280,1.92971042e-05,1.34125276e-05,1.34125404e-05
7.1290,1.93003767e-05,1.34135976e-05,1.34136104e-05
7.1300,1.93036454e-05,1.34146650e-05,1.34146778e-05
7.1310,1.93069105e-05,1.34157300e-05,1.34157428e-05
7.1320,1.93101720e-05,1.34167925e-05,1.34168052e-05
7.1330,1.93134299e-05,1.34178524e-05,1.34178652e-05
7.1340,1.93166843e-05,1.34189099e-05,1.34189226e-05
7.1350,1.93199353e-05,1.34199648e-05,1.34199776e-05
7.1360,1.93231829e-05,1.34210172e-05,1.34210300e-05
7.1370,1.93264272e-05,1.34220671e-05,1.34220799e-05
7.1380,1.93296683e-05,1.34231145e-05,1.34231273e-05
7.1390,1.93329062e-05,1.34241594e-05,1.34241722e-05
7.1400,1.93361411e-05,1.34252018e-05,1.34252145e-05
7.1410,1.93393728e-05,1.34262416e-05,1.34262543e-05
7.1420,1.93426016e-05,1.34272789e-05,1.34272916e-05
7.1430,1.93458275e-05,1.34283136e-05,1.34283264e-05
7.1440,1.93490505e-05,1.34293459e-05,1.34293586e-05
7.1450,1.93522707e-05,1.34303756e-05,1.34303883e-05
7.1460,1.93554882e-05,1.34314027e-05,1.34314154e-05
7.1470,1.93587030e-05,1.34324273e-05,1.34324400e-05
7.1480,1.93619152e-05,1.34334494e-05,1.34334621e-05
7.1490,1.93651248e-05,1.34344689e-05,1.34344816e-05
7.1500,1.93683320e-05,1.34354859e-05,1.34354986e-05
7.1510,1.93715368e-05,1.34365003e-05,1.34365130e-05
7.1520,1.93747392e-05,1.34375122e-05,1.34375249e-05
7.1530,1.93779393e-05,1.34385215e-05,1.34385342e-05
7.1540,1.93811372e-05,1.34395282e-05,1.34395409e-05
7.1550,1.93843329e-05,1.34405324e-05,1.34405451e-05
7.1560,1.93875264e-05,1.34415341e-05,1.34415467e-05
7.1570,1.93907180e-05,1.34425331e-05,1.34425458e-05
7.1580,1.93939075e-05,1.34435296e-05,1.34435423e-05
7.1590,1.93970951e-05,1.34445236e-05,1.34445362e-05
7.1600,1.94002809e-05,1.34455149e-05,1.34455276e-05
7.1610,1.94034648e-05,1.34465037e-05,1.34465163e-05
7.1620,1.94066470e-05,1.34474899e-05,1.34475025e-05
7.1630,1.94098275e-05,1.34484735e-05,1.34484862e-05
7.1640,1.94130064e-05,1.34494546e-05,1.34494672e-05
7.1650,1.94161837e-05,1.34504330e-05,1.34504456e-05
7.1660,1.94193596e-05,1.34514089e-05,1.34514215e-05
7.1670,1.94225339e-05,1.34523822e-05,1.34523948e-05
7.1680,1.94257069e-05,1.34533529e-05,1.34533655e-05
7.1690,1.94288786e-05,1.34543210e-05,1.34543336e-05
7.1700,1.94320490e-05,1.34552865e-05,1.34552991e-05
7.1710,1.94352182e-05,1.34562494e-05,1.34562620e-05
7.1720,1.94383862e-05,1.34572097e-05,1.34572223e-05
7.1730,1.94415532e-05,1.34581674e-05,1.34581800e-05
7.1740,1.94447191e-05,1.34591225e-05,1.34591351e-05
7.1750,1.94478841e-05,1.34600750e-05,1.34600876e-05
7.1760,1.94510481e-05,1.34610249e-05,1.34610375e-05
7.1770,1.94542113e-05,1.34619722e-05,1.34619848e-05
7.1780,1.94573737e-05,1.34629169e-05,1.34629295e-05
7.1790,1.94605353e-05,1.34638590e-05,1.34638715e-05
7.1800,1.94636963e-05,1.34647984e-05,1.34648110e-05
7.1810,1.94668567e-05,1.34657353e-05,1.34657478e-05
7.1820,1.94700165e-05,1.34666695e-05,1.34666820e-05
7.1830,1.94731757e-05,1.34676011e-05,1.34676136e-05
7.1840,1.94763346e-05,1.34685300e-05,1.34685426e-05
7.1850,1.94794930e-05,1.34694564e-05,1.34694689e-05
7.1860,1.94826511e-05,1.34703801e-05,1.34703926e-05
7.1870,1.94858090e-05,1.34713012e-05,1.34713137e-05
7.1880,1.94889666e-05,1.34722197e-05,1.34722322e-05
7.1890,1.94921240e-05,1.34731355e-05,1.34731480e-05
7.1900,1.94952813e-05,1.34740487e-05,1.34740612e-05
7.1910,1.94984386e-05,1.34749593e-05,1.34749718e-05
7.1920,1.95015959e-05,1.34758672e-05,1.34758797e-05
7.1930,1.95047532e-05,1.34767725e-05,1.34767850e-05
7.1940,1.95079106e-05,1.34776752e-05,1.34776876e-05
7.1950,1.95110682e-05,1.34785752e-05,1.34785876e-05
7.1960,1.95142261e-05,1.34794725e-05,1.34794850e-05
7.1970,1.95173842e-05,1.34803673e-05,1.34803797e-05
7.1980,1.95205426e-05,1.34812593e-05,1.34812718e-05
7.1990,1.95237014e-05,1.34821488e-05,1.34821612e-05
7.2000,1.95268607e-05,1.34830355e-05,1.34830480e-05
7.2010,1.95300204e-05,1.34839197e-05,1.34839321e-05
7.2020,1.95331807e-05,1.34848012e-05,1.34848136e-05
7.2030,1.95363417e-05,1.34856800e-05,1.34856924e-05
7.2040,1.95395032e-05,1.34865561e-05,1.34865686e-05
7.2050,1.95426655e-05,1.34874297e-05,1.34874421e-05
7.2060,1.95458285e-05,1.34883005e-05,1.34883129e-05
7.2070,1.95489924e-05,1.34891687e-05,1.34891811e-05
7.2080,1.95521571e-05,1.34900342e-05,1.34900466e-05
7.2090,1.95553227e-05,1.34908971e-05,1.34909095e-05
7.2100,1.95584893e-05,1.34917573e-05,1.34917697e-05
7.2110,1.95616569e-05,1.34926149e-05,1.34926272e-05
7.2120,1.95648256e-05,1.34934697e-05,1.34934821e-05
7.2130,1.95679954e-05,1.34943219e-05,1.34943343e-05
7.2140,1.95711664e-05,1.34951715e-05,1.34951838e-05
7.2150,1.95743387e-05,1.34960183e-05,1.34960307e-05
7.2160,1.95775122e-05,1.34968625e-05,1.34968749e-05
7.2170,1.95806870e-05,1.34977041e-05,1.34977164e-05
7.2180,1.95838632e-05,1.34985429e-05,1.34985553e-05
7.2190,1.95870409e-05,1.34993791e-05,1.34993914e-05
7.2200,1.95902200e-05,1.35002126e-05,1.35002249e-05
7.2210,1.95934007e-05,1.35010434e-05,1.35010557e-05
7.2220,1.95965829e-05,1.35018716e-05,1.35018839e-05
7.2230,1.95997668e-05,1.35026970e-05,1.35027093e-05
7.2240,1.96029523e-05,1.35035198e-05,1.35035321e-05
7.2250,1.96061396e-05,1.35043399e-05,1.35043522e-05
7.2260,1.96093287e-05,1.35051573e-05,1.35051696e-05
7.2270,1.96125195e-05,1.35059721e-05,1.35059844e-05
7.2280,1.96157123e-05,1.35067841e-05,1.35067964e-05
7.2290,1.96189070e-05,1.35075935e-05,1.35076058e-05
7.2300,1.96221036e-05,1.35084002e-05,1.35084125e-05
7.2310,1.96253023e-05,1.35092042e-05,1.35092164e-05
7.2320,1.96285030e-05,1.35100055e-05,1.35100177e-05
7.2330,1.96317058e-05,1.35108041e-05,1.35108164e-05
7.2340,1.96349108e-05,1.35116000e-05,1.35116123e-05
7.2350,1.96381180e-05,1.35123933e-05,1.35124055e-05
7.2360,1.96413275e-05,1.35131838e-05,1.35131961e-05
7.2370,1.96445393e-05,1.35139717e-05,1.35139839e-05
7.2380,1.96477533e-05,1.35147568e-05,1.35147691e-05
7.2390,1.96509698e-05,1.35155393e-05,1.35155515e-05
7.2400,1.96541888e-05,1.35163191e-05,1.35163313e-05
7.2410,1.96574102e-05,1.35170962e-05,1.35171084e-05
7.2420,1.96606341e-05,1.35178705e-05,1.35178828e-05
7.2430,1.96638606e-05,1.35186422e-05,1.35186545e-05
7.2440,1.96670897e-05,1.35194112e-05,1.35194234e-05
7.2450,1.96703215e-05,1.35201775e-05,1.35201897e-05
7.2460,1.96735560e-05,1.35209411e-05,1.35209533e-05
7.2470,1.96767932e-05,1.35217020e-05,1.35217142e-05
7.2480,1.96800332e-05,1.35224602e-05,1.35224724e-05
7.2490,1.96832761e-05,1.35232157e-05,1.35232279e-05
7.2500,1.96865218e-05,1.35239685e-05,1.35239807e-05
7.2510,1.96897704e-05,1.35247186e-05,1.35247308e-05
7.2520,1.96930221e-05,1.35254660e-05,1.35254782e-05
7.2530,1.96962767e-05,1.35262107e-05,1.35262229e-05
7.2540,1.96995344e-05,1.35269528e-05,1.35269649e-05
7.2550,1.97027951e-05,1.35276921e-05,1.35277042e-05
7.2560,1.97060590e-05,1.35284287e-05,1.35284408e-05
7.2570,1.97093261e-05,1.35291626e-05,1.35291747e-05
7.2580,1.97125964e-05,1.35298937e-05,1.35299059e-05
7.2590,1.97158699e-05,1.35306222e-05,1.35306344e-05
7.2600,1.97191468e-05,1.35313480e-05,1.35313602e-05
7.2610,1.97224269e-05,1.35320711e-05,1.35320832e-05
7.2620,1.97257105e-05,1.35327915e-05,1.35328036e-05
7.2630,1.97289975e-05,1.35335092e-05,1.35335213e-05
7.2640,1.97322879e-05,1.35342242e-05,1.35342363e-05
7.2650,1.97355818e-05,1.35349364e-05,1.35349485e-05
7.2660,1.97388793e-05,1.35356460e-05,1.35356581e-05
7.2670,1.97421803e-05,1.35363529e-05,1.35363650e-05
7.2680,1.97454850e-05,1.35370570e-05,1.35370691e-05
7.2690,1.97487933e-05,1.35377585e-05,1.35377706e-05
7.2700,1.97521053e-05,1.35384573e-05,1.35384694e-05
7.2710,1.97554210e-05,1.35391533e-05,1.35391654e-05
7.2720,1.97587405e-05,1.35398467e-05,1.35398587e-05
7.2730,1.97620638e-05,1.35405373e-05,1.35405494e-05
7.2740,1.97653910e-05,1.35412253e-05,1.35412373e-05
7.2750,1.97687220e-05,1.35419105e-05,1.35419226e-05
7.2760,1.97720570e-05,1.35425931e-05,1.35426051e-05
7.2770,1.97753959e-05,1.35432729e-05,1.35432849e-05
7.2780,1.97787388e-05,1.35439500e-05,1.35439621e-05
7.2790,1.97820857e-05,1.35446245e-05,1.35446365e-05
7.2800,1.97854367e-05,1.35452962e-05,1.35453082e-05
7.2810,1.97887917e-05,1.35459652e-05,1.35459772e-05
7.2820,1.97921510e-05,1.35466316e-05,1.35466436e-05
7.2830,1.97955143e-05,1.35472952e-05,1.35473072e-05
7.2840,1.97988819e-05,1.35479561e-05,1.35479681e-05
7.2850,1.98022537e-05,1.35486143e-05,1.35486263e-05
7.2860,1.98056298e-05,1.35492699e-05,1.35492819e-05
7.2870,1.98090102e-05,1.35499227e-05,1.35499347e-05
7.2880,1.98123950e-05,1.35505728e-05,1.35505848e-05
7.2890,1.98157841e-05,1.35512203e-05,1.35512322e-05
7.2900,1.98191776e-05,1.35518650e-05,1.35518770e-05
7.2910,1.98225755e-05,1.35525070e-05,1.35525190e-05
7.2920,1.98259780e-05,1.35531464e-05,1.35531584e-05
7.2930,1.98293849e-05,1.35537830e-05,1.35537950e-05
7.2940,1.98327964e-05,1.35544170e-05,1.35544289e-05
7.2950,1.98362124e-05,1.35550482e-05,1.35550602e-05
7.2960,1.98396331e-05,1.35556768e-05,1.35556888e-05
7.2970,1.98430583e-05,1.35563027e-05,1.35563146e-05
7.2980,1.98464883e-05,1.35569259e-05,1.35569378e-05
7.2990,1.98499229e-05,1.35575463e-05,1.35575583e-05
7.3000,1.98533623e-05,1.35581641e-05,1.35581761e-05
7.3010,1.98568064e-05,1.35587792e-05,1.35587912e-05
7.3020,1.98602553e-05,1.35593917e-05,1.35594036e-05
7.3030,1.98637090e-05,1.35600014e-05,1.35600133e-05
7.3040,1.98671676e-05,1.35606084e-05,1.35606203e-05
7.3050,1.98706310e-05,1.35612128e-05,1.35612247e-05
7.3060,1.98740994e-05,1.35618145e-05,1.35618264e-05
7.3070,1.98775727e-05,1.35624134e-05,1.35624253e-05
7.3080,1.98810509e-05,1.35630097e-05,1.35630216e-05
7.3090,1.98845342e-05,1.35636034e-05,1.35636152e-05
7.3100,1.98880224e-05,1.35641943e-05,1.35642062e-05
7.3110,1.98915157e-05,1.35647826e-05,1.35647944e-05
7.3120,1.98950141e-05,1.35653681e-05,1.35653800e-05
7.3130,1.98985176e-05,1.35659510e-05,1.35659629e-05
7.3140,1.99020262e-05,1.35665313e-05,1.35665431e-05
7.3150,1.99055399e-05,1.35671088e-05,1.35671207e-05
7.3160,1.99090589e-05,1.35676837e-05,1.35676955e-05
7.3170,1.99125831e-05,1.35682559e-05,1.35682677e-05
7.3180,1.99161124e-05,1.35688254e-05,1.35688372e-05
7.3190,1.99196471e-05,1.35693923e-05,1.35694041e-05
7.3200,1.99231870e-05,1.35699564e-05,1.35699683e-05
7.3210,1.99267323e-05,1.35705180e-05,1.35705298e-05
7.3220,1.99302829e-05,1.35710768e-05,1.35710886e-05
7.3230,1.99338388e-05,1.35716330e-05,1.35716448e-05
7.3240,1.99374002e-05,1.35721865e-05,1.35721983e-05
7.3250,1.99409669e-05,1.35727374e-05,1.35727492e-05
7.3260,1.99445391e-05,1.35732856e-05,1.35732974e-05
7.3270,1.99481167e-05,1.35738311e-05,1.35738429e-05
7.3280,1.99516999e-05,1.35743740e-05,1.35743858e-05
7.3290,1.99552885e-05,1.35749142e-05,1.35749260e-05
7.3300,1.99588826e-05,1.35754518e-05,1.35754636e-05
7.3310,1.99624823e-05,1.35759867e-05,1.35759985e-05
7.3320,1.99660876e-05,1.35765190e-05,1.35765307e-05
7.3330,1.99696985e-05,1.35770486e-05,1.35770603e-05
7.3340,1.99733149e-05,1.35775755e-05,1.35775873e-05
7.3350,1.99769371e-05,1.35780999e-05,1.35781116e-05
7.3360,1.99805648e-05,1.35786215e-05,1.35786333e-05
7.3370,1.99841983e-05,1.35791406e-05,1.35791523e-05
7.3380,1.99878374e-05,1.35796569e-05,1.35796687e-05
7.3390,1.99914823e-05,1.35801707e-05,1.35801824e-05
7.3400,1.99951329e-05,1.35806818e-05,1.35806935e-05
7.3410,1.99987893e-05,1.35811903e-05,1.35812020e-05
7.3420,2.00024515e-05,1.35816961e-05,1.35817078e-05
7.3430,2.00061194e-05,1.35821993e-05,1.35822110e-05
7.3440,2.00097932e-05,1.35826999e-05,1.35827116e-05
7.3450,2.00134728e-05,1.35831978e-05,1.35832095e-05
7.3460,2.00171583e-05,1.35836932e-05,1.35837048e-05
7.3470,2.00208496e-05,1.35841858e-05,1.35841975e-05
7.3480,2.00245468e-05,1.35846759e-05,1.35846876e-05
7.3490,2.00282500e-05,1.35851634e-05,1.35851750e-05
7.3500,2.00319591e-05,1.35856482e-05,1.35856599e-05
7.3510,2.00356741e-05,1.35861304e-05,1.35861421e-05
7.3520,2.00393950e-05,1.35866100e-05,1.35866217e-05
7.3530,2.00431220e-05,1.35870870e-05,1.35870987e-05
7.3540,2.00468549e-05,1.35875614e-05,1.35875730e-05
7.3550,2.00505939e-05,1.35880332e-05,1.35880448e-05
7.3560,2.00543389e-05,1.35885023e-05,1.35885140e-05
7.3570,2.00580899e-05,1.35889689e-05,1.35889805e-05
7.3580,2.00618470e-05,1.35894329e-05,1.35894445e-05
7.3590,2.00656101e-05,1.35898942e-05,1.35899059e-05
7.3600,2.00693794e-05,1.35903530e-05,1.35903646e-05
7.3610,2.00731547e-05,1.35908092e-05,1.35908208e-05
7.3620,2.00769362e-05,1.35912628e-05,1.35912744e-05
7.3630,2.00807237e-05,1.35917138e-05,1.35917254e-05
7.3640,2.00845175e-05,1.35921622e-05,1.35921738e-05
7.3650,2.00883173e-05,1.35926080e-05,1.35926196e-05
7.3660,2.00921234e-05,1.35930513e-05,1.35930628e-05
7.3670,2.00959356e-05,1.35934919e-05,1.35935035e-05
7.3680,2.00997540e-05,1.35939300e-05,1.35939416e-05
7.3690,2.01035786e-05,1.35943655e-05,1.35943771e-05
7.3700,2.01074095e-05,1.35947985e-05,1.35948100e-05
7.3710,2.01112465e-05,1.35952288e-05,1.35952404e-05
7.3720,2.01150898e-05,1.35956567e-05,1.35956682e-05
7.3730,2.01189394e-05,1.35960819e-05,1.35960934e-05
7.3740,2.01227952e-05,1.35965046e-05,1.35965161e-05
7.3750,2.01266573e-05,1.35969247e-05,1.35969362e-05
7.3760,2.01305256e-05,1.35973423e-05,1.35973538e-05
7.3770,2.01344003e-05,1.35977573e-05,1.35977688e-05
7.3780,2.01382813e-05,1.35981698e-05,1.35981813e-05
7.3790,2.01421685e-05,1.35985797e-05,1.35985912e-05
7.3800,2.01460621e-05,1.35989871e-05,1.35989986e-05
7.3810,2.01499620e-05,1.35993919e-05,1.35994034e-05
7.3820,2.01538683e-05,1.35997942e-05,1.35998057e-05
7.3830,2.01577809e-05,1.36001940e-05,1.36002055e-05
7.3840,2.01616998e-05,1.36005912e-05,1.36006027e-05
7.3850,2.01656252e-05,1.36009859e-05,1.36009974e-05
7.3860,2.01695568e-05,1.36013781e-05,1.36013896e-05
7.3870,2.01734949e-05,1.36017678e-05,1.36017793e-05
7.3880,2.01774393e-05,1.36021549e-05,1.36021664e-05
7.3890,2.01813901e-05,1.36025395e-05,1.36025510e-05
7.3900,2.01853473e-05,1.36029216e-05,1.36029331e-05
7.3910,2.01893109e-05,1.36033012e-05,1.36033127e-05
7.3920,2.01932809e-05,1.36036783e-05,1.36036898e-05
7.3930,2.01972574e-05,1.36040529e-05,1.36040644e-05
7.3940,2.02012402e-05,1.36044250e-05,1.36044364e-05
7.3950,2.02052295e-05,1.36047946e-05,1.36048060e-05
7.3960,2.02092251e-05,1.36051617e-05,1.36051731e-05
7.3970,2.02132272e-05,1.36055263e-05,1.36055377e-05
7.3980,2.02172358e-05,1.36058884e-05,1.36058998e-05
7.3990,2.02212507e-05,1.36062480e-05,1.36062594e-05
7.4000,2.02252721e-05,1.36066052e-05,1.36066166e-05
7.4010,2.02293000e-05,1.36069598e-05,1.36069712e-05
7.4020,2.02333343e-05,1.36073120e-05,1.36073234e-05
7.4030,2.02373750e-05,1.36076618e-05,1.36076731e-05
7.4040,2.02414222e-05,1.36080090e-05,1.36080204e-05
7.4050,2.02454758e-05,1.36083538e-05,1.36083652e-05
7.4060,2.02495359e-05,1.36086961e-05,1.36087075e-05
7.4070,2.02536024e-05,1.36090360e-05,1.36090474e-05
7.4080,2.02576754e-05,1.36093734e-05,1.36093848e-05
7.4090,2.02617548e-05,1.36097084e-05,1.36097198e-05
7.4100,2.02658407e-05,1.36100409e-05,1.36100523e-05
7.4110,2.02699330e-05,1.36103710e-05,1.36103824e-05
7.4120,2.02740318e-05,1.36106987e-05,1.36107100e-05
7.4130,2.02781370e-05,1.36110239e-05,1.36110352e-05
7.4140,2.02822487e-05,1.36113466e-05,1.36113580e-05
7.4150,2.02863668e-05,1.36116670e-05,1.36116783e-05
7.4160,2.02904914e-05,1.36119849e-05,1.36119962e-05
7.4170,2.02946224e-05,1.36123004e-05,1.36123117e-05
7.4180,2.02987599e-05,1.36126135e-05,1.36126248e-05
7.4190,2.03029038e-05,1.36129242e-05,1.36129355e-05
7.4200,2.03070541e-05,1.36132325e-05,1.36132438e-05
7.4210,2.03112109e-05,1.36135383e-05,1.36135496e-05
7.4220,2.03153741e-05,1.36138418e-05,1.36138531e-05
7.4230,2.03195437e-05,1.36141428e-05,1.36141541e-05
7.4240,2.03237197e-05,1.36144415e-05,1.36144528e-05
7.4250,2.03279022e-05,1.36147378e-05,1.36147491e-05
7.4260,2.03320911e-05,1.36150317e-05,1.36150430e-05
7.4270,2.03362864e-05,1.36153232e-05,1.36153345e-05
7.4280,2.03404880e-05,1.36156124e-05,1.36156236e-05
7.4290,2.03446961e-05,1.36158991e-05,1.36159104e-05
7.4300,2.03489106e-05,1.36161835e-05,1.36161948e-05
7.4310,2.03531314e-05,1.36164656e-05,1.36164768e-05
7.4320,2.03573586e-05,1.36167452e-05,1.36167565e-05
7.4330,2.03615922e-05,1.36170225e-05,1.36170338e-05
7.4340,2.03658322e-05,1.36172975e-05,1.36173087e-05
7.4350,2.03700785e-05,1.36175701e-05,1.36175814e-05
7.4360,2.03743311e-05,1.36178404e-05,1.36178516e-05
7.4370,2.03785901e-05,1.36181083e-05,1.36181195e-05
7.4380,2.03828555e-05,1.36183739e-05,1.36183851e-05
7.4390,2.03871271e-05,1.36186372e-05,1.36186484e-05
7.4400,2.03914050e-05,1.36188981e-05,1.36189093e-05
7.4410,2.03956893e-05,1.36191567e-05,1.36191679e-05
7.4420,2.03999798e-05,1.36194130e-05,1.36194242e-05
7.4430,2.04042767e-05,1.36196670e-05,1.36196782e-05
7.4440,2.04085798e-05,1.36199187e-05,1.36199299e-05
7.4450,2.04128891e-05,1.36201681e-05,1.36201793e-05
7.4460,2.04172047e-05,1.36204151e-05,1.36204263e-05
7.4470,2.04215266e-05,1.36206599e-05,1.36206711e-05
7.4480,2.04258547e-05,1.36209024e-05,1.36209136e-05
7.4490,2.04301889e-05,1.36211426e-05,1.36211538e-05
7.4500,2.04345294e-05,1.36213805e-05,1.36213917e-05
7.4510,2.04388761e-05,1.36216161e-05,1.36216273e-05
7.4520,2.04432290e-05,1.36218495e-05,1.36218607e-05
7.4530,2.04475880e-05,1.36220806e-05,1.36220918e-05
7.4540,2.04519531e-05,1.36223094e-05,1.36223206e-05
7.4550,2.04563244e-05,1.36225360e-05,1.36225472e-05
7.4560,2.04607018e-05,1.36227603e-05,1.36227715e-05
7.4570,2.04650854e-05,1.36229824e-05,1.36229935e-05
7.4580,2.04694750e-05,1.36232022e-05,1.36232134e-05
7.4590,2.04738706e-05,1.36234198e-05,1.36234309e-05
7.4600,2.04782724e-05,1.36236352e-05,1.36236463e-05
7.4610,2.04826802e-05,1.36238483e-05,1.36238594e-05
7.4620,2.04870940e-05,1.36240592e-05,1.36240703e-05
7.4630,2.04915138e-05,1.36242678e-05,1.36242789e-05
7.4640,2.04959396e-05,1.36244743e-05,1.36244854e-05
7.4650,2.05003714e-05,1.36246785e-05,1.36246896e-05
7.4660,2.05048091e-05,1.36248806e-05,1.36248917e-05
7.4670,2.05092528e-05,1.36250804e-05,1.36250915e-05
7.4680,2.05137024e-05,1.36252780e-05,1.36252891e-05
7.4690,2.05181579e-05,1.36254735e-05,1.36254846e-05
7.4700,2.05226193e-05,1.36256667e-05,1.36256778e-05
7.4710,2.05270866e-05,1.36258578e-05,1.36258689e-05
7.4720,2.05315597e-05,1.36260467e-05,1.36260578e-05
7.4730,2.05360386e-05,1.36262334e-05,1.36262445e-05
7.4740,2.05405233e-05,1.36264180e-05,1.36264291e-05
7.4750,2.05450138e-05,1.36266004e-05,1.36266115e-05
7.4760,2.05495100e-05,1.36267806e-05,1.36267917e-05
7.4770,2.05540120e-05,1.36269587e-05,1.36269698e-05
7.4780,2.05585198e-05,1.36271347e-05,1.36271457e-05
7.4790,2.05630332e-05,1.36273085e-05,1.36273195e-05
7.4800,2.05675523e-05,1.36274802e-05,1.36274912e-05
7.4810,2.05720770e-05,1.36276497e-05,1.36276607e-05
7.4820,2.05766074e-05,1.36278171e-05,1.36278281e-05
7.4830,2.05811433e-05,1.36279824e-05,1.36279934e-05
7.4840,2.05856849e-05,1.36281456e-05,1.36281566e-05
7.4850,2.05902320e-05,1.36283067e-05,1.36283177e-05
7.4860,2.05947846e-05,1.36284656e-05,1.36284766e-05
7.4870,2.05993427e-05,1.36286225e-05,1.36286335e-05
7.4880,2.06039063e-05,1.36287773e-05,1.36287882e-05
7.4890,2.06084754e-05,1.36289299e-05,1.36289409e-05
7.4900,2.06130499e-05,1.36290805e-05,1.36290915e-05
7.4910,2.06176298e-05,1.36292291e-05,1.36292400e-05
7.4920,2.06222151e-05,1.36293755e-05,1.36293865e-05
7.4930,2.06268057e-05,1.36295199e-05,1.36295309e-05
7.4940,2.06314016e-05,1.36296622e-05,1.36296732e-05
7.4950,2.06360029e-05,1.36298025e-05,1.36298134e-05
7.4960,2.06406094e-05,1.36299407e-05,1.36299516e-05
7.4970,2.06452211e-05,1.36300769e-05,1.36300878e-05
7.4980,2.06498380e-05,1.36302110e-05,1.36302219e-05
7.4990,2.06544602e-05,1.36303431e-05,1.36303540e-05
7.5000,2.06590874e-05,1.36304732e-05,1.36304841e-05
7.5010,2.06637198e-05,1.36306012e-05,1.36306121e-05
7.5020,2.06683573e-05,1.36307272e-05,1.36307382e-05
7.5030,2.06729998e-05,1.36308512e-05,1.36308622e-05
7.5040,2.06776474e-05,1.36309733e-05,1.36309842e-05
7.5050,2.06823000e-05,1.36310933e-05,1.36311042e-05
7.5060,2.06869575e-05,1.36312113e-05,1.36312222e-05
7.5070,2.06916200e-05,1.36313273e-05,1.36313382e-05
7.5080,2.06962873e-05,1.36314414e-05,1.36314523e-05
7.5090,2.07009595e-05,1.36315534e-05,1.36315643e-05
7.5100,2.07056366e-05,1.36316635e-05,1.36316744e-05
7.5110,2.07103185e-05,1.36317717e-05,1.36317826e-05
7.5120,2.07150051e-05,1.36318778e-05,1.36318887e-05
7.5130,2.07196964e-05,1.36319820e-05,1.36319929e-05
7.5140,2.07243925e-05,1.36320843e-05,1.36320952e-05
7.5150,2.07290932e-05,1.36321846e-05,1.36321955e-05
7.5160,2.07337986e-05,1.36322830e-05,1.36322939e-05
7.5170,2.07385085e-05,1.36323795e-05,1.36323903e-05
7.5180,2.07432230e-05,1.36324740e-05,1.36324849e-05
7.5190,2.07479420e-05,1.36325666e-05,1.36325775e-05
7.5200,2.07526655e-05,1.36326573e-05,1.36326682e-05
7.5210,2.07573935e-05,1.36327461e-05,1.36327570e-05
7.5220,2.07621258e-05,1.36328330e-05,1.36328438e-05
7.5230,2.07668625e-05,1.36329180e-05,1.36329288e-05
7.5240,2.07716036e-05,1.36330011e-05,1.36330119e-05
7.5250,2.07763489e-05,1.36330823e-05,1.36330931e-05
7.5260,2.07810985e-05,1.36331616e-05,1.36331725e-05
7.5270,2.07858524e-05,1.36332391e-05,1.36332499e-05
7.5280,2.07906104e-05,1.36333147e-05,1.36333255e-05
7.5290,2.07953725e-05,1.36333885e-05,1.36333993e-05
7.5300,2.08001387e-05,1.36334604e-05,1.36334712e-05
7.5310,2.08049090e-05,1.36335304e-05,1.36335412e-05
7.5320,2.08096833e-05,1.36335986e-05,1.36336094e-05
7.5330,2.08144616e-05,1.36336650e-05,1.36336758e-05
7.5340,2.08192438e-05,1.36337295e-05,1.36337403e-05
7.5350,2.08240299e-05,1.36337922e-05,1.36338030e-05
7.5360,2.08288198e-05,1.36338531e-05,1.36338639e-05
7.5370,2.08336135e-05,1.36339122e-05,1.36339230e-05
7.5380,2.08384110e-05,1.36339695e-05,1.36339803e-05
7.5390,2.08432122e-05,1.36340250e-05,1.36340358e-05
7.5400,2.08480171e-05,1.36340787e-05,1.36340894e-05
7.5410,2.08528256e-05,1.36341306e-05,1.36341414e-05
7.5420,2.08576377e-05,1.36341807e-05,1.36341915e-05
7.5430,2.08624534e-05,1.36342291e-05,1.36342398e-05
7.5440,2.08672725e-05,1.36342756e-05,1.36342864e-05
7.5450,2.08720951e-05,1.36343205e-05,1.36343312e-05
7.5460,2.08769210e-05,1.36343635e-05,1.36343743e-05
7.5470,2.08817503e-05,1.36344049e-05,1.36344156e-05
7.5480,2.08865830e-05,1.36344444e-05,1.36344552e-05
7.5490,2.08914189e-05,1.36344823e-05,1.36344930e-05
7.5500,2.08962580e-05,1.36345184e-05,1.36345291e-05
7.5510,2.09011002e-05,1.36345528e-05,1.36345635e-05
7.5520,2.09059456e-05,1.36345855e-05,1.36345962e-05
7.5530,2.09107940e-05,1.36346164e-05,1.36346272e-05
7.5540,2.09156455e-05,1.36346457e-05,1.36346564e-05
7.5550,2.09204999e-05,1.36346733e-05,1.36346840e-05
7.5560,2.09253572e-05,1.36346991e-05,1.36347099e-05
7.5570,2.09302174e-05,1.36347233e-05,1.36347340e-05
7.5580,2.09350805e-05,1.36347458e-05,1.36347565e-05
7.5590,2.09399462e-05,1.36347667e-05,1.36347774e-05
7.5600,2.09448147e-05,1.36347858e-05,1.36347966e-05
7.5610,2.09496859e-05,1.36348034e-05,1.36348141e-05
7.5620,2.09545597e-05,1.36348192e-05,1.36348299e-05
7.5630,2.09594360e-05,1.36348334e-05,1.36348441e-05
7.5640,2.09643148e-05,1.36348460e-05,1.36348567e-05
7.5650,2.09691961e-05,1.36348570e-05,1.36348677e-05
7.5660,2.09740798e-05,1.36348663e-05,1.36348770e-05
7.5670,2.09789658e-05,1.36348740e-05,1.36348847e-05
7.5680,2.09838541e-05,1.36348801e-05,1.36348908e-05
7.5690,2.09887446e-05,1.36348846e-05,1.36348952e-05
7.5700,2.09936373e-05,1.36348874e-05,1.36348981e-05
7.5710,2.09985322e-05,1.36348887e-05,1.36348994e-05
7.5720,2.10034291e-05,1.36348884e-05,1.36348991e-05
7.5730,2.10083280e-05,1.36348865e-05,1.36348972e-05
7.5740,2.10132288e-05,1.36348831e-05,1.36348938e-05
7.5750,2.10181316e-05,1.36348781e-05,1.36348887e-05
7.5760,2.10230362e-05,1.36348715e-05,1.36348822e-05
7.5770,2.10279426e-05,1.36348634e-05,1.36348740e-05
7.5780,2.10328507e-05,1.36348537e-05,1.36348643e-05
7.5790,2.10377605e-05,1.36348425e-05,1.36348531e-05
7.5800,2.10426719e-05,1.36348297e-05,1.36348404e-05
7.5810,2.10475848e-05,1.36348154e-05,1.36348261e-05
7.5820,2.10524992e-05,1.36347996e-05,1.36348103e-05
7.5830,2.10574151e-05,1.36347823e-05,1.36347930e-05
7.5840,2.10623323e-05,1.36347635e-05,1.36347741e-05
7.5850,2.10672509e-05,1.36347432e-05,1.36347538e-05
7.5860,2.10721706e-05,1.36347214e-05,1.36347320e-05
7.5870,2.10770916e-05,1.36346981e-05,1.36347087e-05
7.5880,2.10820137e-05,1.36346733e-05,1.36346839e-05
7.5890,2.10869368e-05,1.36346471e-05,1.36346577e-05
7.5900,2.10918610e-05,1.36346194e-05,1.36346300e-05
7.5910,2.10967861e-05,1.36345902e-05,1.36346008e-05
7.5920,2.11017120e-05,1.36345596e-05,1.36345702e-05
7.5930,2.11066388e-05,1.36345275e-05,1.36345381e-05
7.5940,2.11115663e-05,1.36344940e-05,1.36345046e-05
7.5950,2.11164945e-05,1.36344591e-05,1.36344696e-05
7.5960,2.11214233e-05,1.36344227e-05,1.36344333e-05
7.5970,2.11263527e-05,1.36343849e-05,1.36343955e-05
7.5980,2.11312826e-05,1.36343457e-05,1.36343563e-05
7.5990,2.11362129e-05,1.36343051e-05,1.36343157e-05
7.6000,2.11411435e-05,1.36342631e-05,1.36342737e-05
7.6010,2.11460745e-05,1.36342197e-05,1.36342303e-05
7.6020,2.11510056e-05,1.36341750e-05,1.36341855e-05
7.6030,2.11559370e-05,1.36341288e-05,1.36341394e-05
7.6040,2.11608684e-05,1.36340813e-05,1.36340919e-05
7.6050,2.11657998e-05,1.36340324e-05,1.36340430e-05
7.6060,2.11707312e-05,1.36339822e-05,1.36339928e-05
7.6070,2.11756625e-05,1.36339306e-05,1.36339412e-05
7.6080,2.11805936e-05,1.36338777e-05,1.36338882e-05
7.6090,2.11855245e-05,1.36338234e-05,1.36338340e-05
7.6100,2.11904550e-05,1.36337678e-05,1.36337784e-05
7.6110,2.11953851e-05,1.36337109e-05,1.36337215e-05
7.6120,2.12003148e-05,1.36336527e-05,1.36336632e-05
7.6130,2.12052440e-05,1.36335932e-05,1.36336037e-05
7.6140,2.12101726e-05,1.36335323e-05,1.36335429e-05
7.6150,2.12151005e-05,1.36334702e-05,1.36334808e-05
7.6160,2.12200276e-05,1.36334068e-05,1.36334173e-05
7.6170,2.12249540e-05,1.36333421e-05,1.36333526e-05
7.6180,2.12298794e-05,1.36332762e-05,1.36332867e-05
7.6190,2.12348039e-05,1.36332089e-05,1.36332195e-05
7.6200,2.12397274e-05,1.36331404e-05,1.36331510e-05
7.6210,2.12446498e-05,1.36330707e-05,1.36330812e-05
7.6220,2.12495710e-05,1.36329997e-05,1.36330102e-05
7.6230,2.12544910e-05,1.36329275e-05,1.36329380e-05
7.6240,2.12594096e-05,1.36328541e-05,1.36328646e-05
7.6250,2.12643269e-05,1.36327794e-05,1.36327899e-05
7.6260,2.12692426e-05,1.36327035e-05,1.36327140e-05
7.6270,2.12741569e-05,1.36326264e-05,1.36326369e-05
7.6280,2.12790695e-05,1.36325481e-05,1.36325586e-05
7.6290,2.12839804e-05,1.36324686e-05,1.36324791e-05
7.6300,2.12888896e-05,1.36323879e-05,1.36323984e-05
7.6310,2.12937969e-05,1.36323061e-05,1.36323166e-05
7.6320,2.12987023e-05,1.36322230e-05,1.36322335e-05
7.6330,2.13036057e-05,1.36321388e-05,1.36321493e-05
7.6340,2.13085071e-05,1.36320535e-05,1.36320640e-05
7.6350,2.13134063e-05,1.36319670e-05,1.36319774e-05
7.6360,2.13183032e-05,1.36318793e-05,1.36318898e-05
7.6370,2.13231979e-05,1.36317905e-05,1.36318010e-05
7.6380,2.13280901e-05,1.36317006e-05,1.36317110e-05
7.6390,2.13329800e-05,1.36316095e-05,1.36316200e-05
7.6400,2.13378672e-05,1.36315174e-05,1.36315278e-05
7.6410,2.13427519e-05,1.36314241e-05,1.36314345e-05
7.6420,2.13476339e-05,1.36313297e-05,1.36313402e-05
7.6430,2.13525131e-05,1.36312342e-05,1.36312447e-05
7.6440,2.13573894e-05,1.36311377e-05,1.36311481e-05
7.6450,2.13622628e-05,1.36310400e-05,1.36310505e-05
7.6460,2.13671332e-05,1.36309413e-05,1.36309517e-05
7.6470,2.13720006e-05,1.36308415e-05,1.36308520e-05
7.6480,2.13768647e-05,1.36307407e-05,1.36307511e-05
7.6490,2.13817256e-05,1.36306388e-05,1.36306492e-05
7.6500,2.13865831e-05,1.36305358e-05,1.36305463e-05
7.6510,2.13914373e-05,1.36304318e-05,1.36304423e-05
7.6520,2.13962879e-05,1.36303268e-05,1.36303373e-05
7.6530,2.14011350e-05,1.36302208e-05,1.36302312e-05
7.6540,2.14059784e-05,1.36301137e-05,1.36301242e-05
7.6550,2.14108181e-05,1.36300057e-05,1.36300161e-05
7.6560,2.14156539e-05,1.36298966e-05,1.36299070e-05
7.6570,2.14204859e-05,1.36297865e-05,1.36297970e-05
7.6580,2.14253138e-05,1.36296755e-05,1.36296859e-05
7.6590,2.14301377e-05,1.36295635e-05,1.36295739e-05
7.6600,2.14349575e-05,1.36294504e-05,1.36294609e-05
7.6610,2.14397729e-05,1.36293365e-05,1.36293469e-05
7.6620,2.14445841e-05,1.36292215e-05,1.36292320e-05
7.6630,2.14493909e-05,1.36291057e-05,1.36291161e-05
7.6640,2.14541932e-05,1.36289888e-05,1.36289993e-05
7.6650,2.14589909e-05,1.36288711e-05,1.36288815e-05
7.6660,2.14637840e-05,1.36287524e-05,1.36287628e-05
7.6670,2.14685723e-05,1.36286327e-05,1.36286432e-05
7.6680,2.14733558e-05,1.36285122e-05,1.36285226e-05
7.6690,2.14781344e-05,1.36283908e-05,1.36284012e-05
7.6700,2.14829080e-05,1.36282684e-05,1.36282788e-05
7.6710,2.14876765e-05,1.36281452e-05,1.36281556e-05
7.6720,2.14924398e-05,1.36280210e-05,1.36280314e-05
7.6730,2.14971979e-05,1.36278960e-05,1.36279064e-05
7.6740,2.15019507e-05,1.36277701e-05,1.36277805e-05
7.6750,2.15066980e-05,1.36276434e-05,1.36276538e-05
7.6760,2.15114399e-05,1.36275158e-05,1.36275262e-05
7.6770,2.15161761e-05,1.36273873e-05,1.36273977e-05
7.6780,2.15209067e-05,1.36272580e-05,1.36272684e-05
7.6790,2.15256315e-05,1.36271279e-05,1.36271383e-05
7.6800,2.15303504e-05,1.36269969e-05,1.36270073e-05
7.6810,2.15350634e-05,1.36268651e-05,1.36268755e-05
7.6820,2.15397704e-05,1.36267325e-05,1.36267429e-05
7.6830,2.15444713e-05,1.36265991e-05,1.36266095e-05
7.6840,2.15491659e-05,1.36264649e-05,1.36264752e-05
7.6850,2.15538543e-05,1.36263298e-05,1.36263402e-05
7.6860,2.15585363e-05,1.36261940e-05,1.36262044e-05
7.6870,2.15632119e-05,1.36260575e-05,1.36260678e-05
7.6880,2.15678809e-05,1.36259201e-05,1.36259305e-05
7.6890,2.15725432e-05,1.36257820e-05,1.36257923e-05
7.6900,2.15771989e-05,1.36256431e-05,1.36256535e-05
7.6910,2.15818477e-05,1.36255035e-05,1.36255138e-05
7.6920,2.15864896e-05,1.36253631e-05,1.36253735e-05
7.6930,2.15911245e-05,1.36252220e-05,1.36252323e-05
7.6940,2.15957524e-05,1.36250801e-05,1.36250905e-05
7.6950,2.16003731e-05,1.36249376e-05,1.36249479e-05
7.6960,2.16049865e-05,1.36247943e-05,1.36248047e-05
7.6970,2.16095926e-05,1.36246503e-05,1.36246607e-05
7.6980,2.16141913e-05,1.36245056e-05,1.36245160e-05
7.6990,2.16187825e-05,1.36243603e-05,1.36243706e-05
7.7000,2.16233660e-05,1.36242142e-05,1.36242245e-05
7.7010,2.16279419e-05,1.36240674e-05,1.36240778e-05
7.7020,2.16325099e-05,1.36239200e-05,1.36239304e-05
7.7030,2.16370701e-05,1.36237719e-05,1.36237823e-05
7.7040,2.16416224e-05,1.36236232e-05,1.36236335e-05
7.7050,2.16461666e-05,1.36234738e-05,1.36234841e-05
7.7060,2.16507026e-05,1.36233238e-05,1.36233341e-05
7.7070,2.16552305e-05,1.36231731e-05,1.36231834e-05
7.7080,2.16597500e-05,1.36230218e-05,1.36230321e-05
7.7090,2.16642611e-05,1.36228699e-05,1.36228802e-05
7.7100,2.16687638e-05,1.36227173e-05,1.36227277e-05
7.7110,2.16732578e-05,1.36225642e-05,1.36225745e-05
7.7120,2.16777432e-05,1.36224104e-05,1.36224208e-05
7.7130,2.16822198e-05,1.36222561e-05,1.36222664e-05
7.7140,2.16866876e-05,1.36221012e-05,1.36221115e-05
7.7150,2.16911465e-05,1.36219457e-05,1.36219560e-05
7.7160,2.16955963e-05,1.36217896e-05,1.36217999e-05
7.7170,2.17000370e-05,1.36216330e-05,1.36216433e-05
7.7180,2.17044685e-05,1.36214758e-05,1.36214861e-05
7.7190,2.17088908e-05,1.36213180e-05,1.36213283e-05
7.7200,2.17133036e-05,1.36211597e-05,1.36211700e-05
7.7210,2.17177070e-05,1.36210009e-05,1.36210112e-05
7.7220,2.17221008e-05,1.36208415e-05,1.36208518e-05
7.7230,2.17264851e-05,1.36206816e-05,1.36206919e-05
7.7240,2.17308595e-05,1.36205212e-05,1.36205316e-05
7.7250,2.17352242e-05,1.36203603e-05,1.36203706e-05
7.7260,2.17395790e-05,1.36201989e-05,1.36202092e-05
7.7270,2.17439237e-05,1.36200370e-05,1.36200473e-05
7.7280,2.17482584e-05,1.36198746e-05,1.36198849e-05
7.7290,2.17525829e-05,1.36197118e-05,1.36197221e-05
7.7300,2.17568972e-05,1.36195484e-05,1.36195587e-05
7.7310,2.17612012e-05,1.36193846e-05,1.36193949e-05
7.7320,2.17654947e-05,1.36192204e-05,1.36192307e-05
7.7330,2.17697776e-05,1.36190556e-05,1.36190659e-05
7.7340,2.17740500e-05,1.36188905e-05,1.36189008e-05
7.7350,2.17783117e-05,1.36187249e-05,1.36187352e-05
7.7360,2.17825627e-05,1.36185588e-05,1.36185692e-05
7.7370,2.17868027e-05,1.36183924e-05,1.36184027e-05
7.7380,2.17910319e-05,1.36182255e-05,1.36182358e-05
7.7390,2.17952500e-05,1.36180583e-05,1.36180685e-05
7.7400,2.17994569e-05,1.36178906e-05,1.36179009e-05
7.7410,2.18036527e-05,1.36177225e-05,1.36177328e-05
7.7420,2.18078372e-05,1.36175540e-05,1.36175643e-05
7.7430,2.18120103e-05,1.36173852e-05,1.36173955e-05
7.7440,2.18161719e-05,1.36172160e-05,1.36172263e-05
7.7450,2.18203220e-05,1.36170464e-05,1.36170567e-05
7.7460,2.18244605e-05,1.36168764e-05,1.36168867e-05
7.7470,2.18285872e-05,1.36167061e-05,1.36167164e-05
7.7480,2.18327022e-05,1.36165355e-05,1.36165458e-05
7.7490,2.18368053e-05,1.36163645e-05,1.36163748e-05
7.7500,2.18408964e-05,1.36161932e-05,1.36162035e-05
7.7510,2.18449754e-05,1.36160216e-05,1.36160318e-05
7.7520,2.18490424e-05,1.36158496e-05,1.36158599e-05
7.7530,2.18530971e-05,1.36156773e-05,1.36156876e-05
7.7540,2.18571395e-05,1.36155047e-05,1.36155150e-05
7.7550,2.18611695e-05,1.36153319e-05,1.36153422e-05
7.7560,2.18651871e-05,1.36151587e-05,1.36151690e-05
7.7570,2.18691921e-05,1.36149853e-05,1.36149955e-05
7.7580,2.18731845e-05,1.36148115e-05,1.36148218e-05
7.7590,2.18771642e-05,1.36146375e-05,1.36146478e-05
7.7600,2.18811311e-05,1.36144633e-05,1.36144736e-05
7.7610,2.18850851e-05,1.36142888e-05,1.36142991e-05
7.7620,2.18890262e-05,1.36141140e-05,1.36141243e-05
7.7630,2.18929543e-05,1.36139390e-05,1.36139493e-05
7.7640,2.18968692e-05,1.36137638e-05,1.36137740e-05
7.7650,2.19007709e-05,1.36135883e-05,1.36135986e-05
7.7660,2.19046594e-05,1.36134126e-05,1.36134229e-05
7.7670,2.19085346e-05,1.36132367e-05,1.36132470e-05
7.7680,2.19123963e-05,1.36130606e-05,1.36130709e-05
7.7690,2.19162445e-05,1.36128843e-05,1.36128946e-05
7.7700,2.19200791e-05,1.36127078e-05,1.36127180e-05
7.7710,2.19239001e-05,1.36125311e-05,1.36125414e-05
7.7720,2.19277073e-05,1.36123542e-05,1.36123645e-05
7.7730,2.19315008e-05,1.36121772e-05,1.36121874e-05
7.7740,2.19352803e-05,1.36119999e-05,1.36120102e-05
7.7750,2.19390459e-05,1.36118226e-05,1.36118328e-05
7.7760,2.19427974e-05,1.36116450e-05,1.36116553e-05
7.7770,2.19465349e-05,1.36114674e-05,1.36114776e-05
7.7780,2.19502581e-05,1.36112895e-05,1.36112998e-05
7.7790,2.19539671e-05,1.36111116e-05,1.36111219e-05
7.7800,2.19576618e-05,1.36109335e-05,1.36109438e-05
7.7810,2.19613420e-05,1.36107553e-05,1.36107656e-05
7.7820,2.19650078e-05,1.36105770e-05,1.36105873e-05
7.7830,2.19686590e-05,1.36103986e-05,1.36104089e-05
7.7840,2.19722956e-05,1.36102201e-05,1.36102304e-05
7.7850,2.19759175e-05,1.36100415e-05,1.36100518e-05
7.7860,2.19795246e-05,1.36098628e-05,1.36098731e-05
7.7870,2.19831169e-05,1.36096840e-05,1.36096943e-05
7.7880,2.19866943e-05,1.36095052e-05,1.36095155e-05
7.7890,2.19902567e-05,1.36093263e-05,1.36093365e-05
7.7900,2.19938041e-05,1.36091473e-05,1.36091576e-05
7.7910,2.19973363e-05,1.36089683e-05,1.36089786e-05
7.7920,2.20008534e-05,1.36087892e-05,1.36087995e-05
7.7930,2.20043553e-05,1.36086101e-05,1.36086204e-05
7.7940,2.20078418e-05,1.36084310e-05,1.36084413e-05
7.7950,2.20113129e-05,1.36082518e-05,1.36082621e-05
7.7960,2.20147686e-05,1.36080727e-05,1.36080829e-05
7.7970,2.20182088e-05,1.36078935e-05,1.36079037e-05
7.7980,2.20216334e-05,1.36077143e-05,1.36077245e-05
7.7990,2.20250424e-05,1.36075351e-05,1.36075453e-05
7.8000,2.20284357e-05,1.36073559e-05,1.36073661e-05
7.8010,2.20318132e-05,1.36071767e-05,1.36071870e-05
7.8020,2.20351749e-05,1.36069975e-05,1.36070078e-05
7.8030,2.20385207e-05,1.36068184e-05,1.36068287e-05
7.8040,2.20418506e-05,1.36066393e-05,1.36066496e-05
7.8050,2.20451644e-05,1.36064603e-05,1.36064705e-05
7.8060,2.20484622e-05,1.36062813e-05,1.36062915e-05
7.8070,2.20517438e-05,1.36061023e-05,1.36061126e-05
7.8080,2.20550093e-05,1.36059234e-05,1.36059337e-05
7.8090,2.20582585e-05,1.36057446e-05,1.36057548e-05
7.8100,2.20614914e-05,1.36055658e-05,1.36055761e-05
7.8110,2.20647080e-05,1.36053871e-05,1.36053974e-05
7.8120,2.20679081e-05,1.36052085e-05,1.36052188e-05
7.8130,2.20710918e-05,1.36050300e-05,1.36050403e-05
7.8140,2.20742590e-05,1.36048516e-05,1.36048619e-05
7.8150,2.20774095e-05,1.36046733e-05,1.36046836e-05
7.8160,2.20805435e-05,1.36044952e-05,1.36045054e-05
7.8170,2.20836607e-05,1.36043171e-05,1.36043274e-05
7.8180,2.20867612e-05,1.36041392e-05,1.36041494e-05
7.8190,2.20898450e-05,1.36039613e-05,1.36039716e-05
7.8200,2.20929119e-05,1.36037837e-05,1.36037939e-05
7.8210,2.20959619e-05,1.36036061e-05,1.36036164e-05
7.8220,2.20989949e-05,1.36034288e-05,1.36034390e-05
7.8230,2.21020110e-05,1.36032515e-05,1.36032618e-05
7.8240,2.21050101e-05,1.36030745e-05,1.36030847e-05
7.8250,2.21079920e-05,1.36028976e-05,1.36029078e-05
7.8260,2.21109569e-05,1.36027209e-05,1.36027311e-05
7.8270,2.21139045e-05,1.36025443e-05,1.36025546e-05
7.8280,2.21168350e-05,1.36023680e-05,1.36023782e-05
7.8290,2.21197482e-05,1.36021918e-05,1.36022021e-05
7.8300,2.21226440e-05,1.36020159e-05,1.36020261e-05
7.8310,2.21255226e-05,1.36018401e-05,1.36018504e-05
7.8320,2.21283837e-05,1.36016646e-05,1.36016749e-05
7.8330,2.21312274e-05,1.36014893e-05,1.36014995e-05
7.8340,2.21340537e-05,1.36013142e-05,1.36013245e-05
7.8350,2.21368624e-05,1.36011393e-05,1.36011496e-05
7.8360,2.21396536e-05,1.36009647e-05,1.36009750e-05
7.8370,2.21424271e-05,1.36007904e-05,1.36008006e-05
7.8380,2.21451831e-05,1.36006162e-05,1.36006265e-05
7.8390,2.21479214e-05,1.36004424e-05,1.36004526e-05
7.8400,2.21506420e-05,1.36002688e-05,1.36002790e-05
7.8410,2.21533449e-05,1.36000954e-05,1.36001057e-05
7.8420,2.21560300e-05,1.35999224e-05,1.35999326e-05
7.8430,2.21586973e-05,1.35997496e-05,1.35997599e-05
7.8440,2.21613467e-05,1.35995771e-05,1.35995874e-05
7.8450,2.21639783e-05,1.35994049e-05,1.35994152e-05
7.8460,2.21665920e-05,1.35992330e-05,1.35992433e-05
7.8470,2.21691878e-05,1.35990614e-05,1.35990717e-05
7.8480,2.21717657e-05,1.35988902e-05,1.35989004e-05
7.8490,2.21743255e-05,1.35987192e-05,1.35987295e-05
7.8500,2.21768673e-05,1.35985486e-05,1.35985588e-05
7.8510,2.21793911e-05,1.35983783e-05,1.35983885e-05
7.8520,2.21818969e-05,1.35982083e-05,1.35982186e-05
7.8530,2.21843845e-05,1.35980387e-05,1.35980490e-05
7.8540,2.21868540e-05,1.35978694e-05,1.35978797e-05
7.8550,2.21893054e-05,1.35977005e-05,1.35977108e-05
7.8560,2.21917387e-05,1.35975319e-05,1.35975422e-05
7.8570,2.21941537e-05,1.35973637e-05,1.35973740e-05
7.8580,2.21965506e-05,1.35971959e-05,1.35972062e-05
7.8590,2.21989292e-05,1.35970285e-05,1.35970388e-05
7.8600,2.22012896e-05,1.35968614e-05,1.35968717e-05
7.8610,2.22036318e-05,1.35966948e-05,1.35967050e-05
7.8620,2.22059557e-05,1.35965285e-05,1.35965388e-05
7.8630,2.22082612e-05,1.35963626e-05,1.35963729e-05
7.8640,2.22105485e-05,1.35961972e-05,1.35962074e-05
7.8650,2.22128175e-05,1.35960321e-05,1.35960424e-05
7.8660,2.22150681e-05,1.35958675e-05,1.35958778e-05
7.8670,2.22173004e-05,1.35957033e-05,1.35957136e-05
7.8680,2.22195143e-05,1.35955395e-05,1.35955498e-05
7.8690,2.22217098e-05,1.35953762e-05,1.35953865e-05
7.8700,2.22238870e-05,1.35952133e-05,1.35952236e-05
7.8710,2.22260458e-05,1.35950509e-05,1.35950612e-05
7.8720,2.22281862e-05,1.35948889e-05,1.35948992e-05
7.8730,2.22303082e-05,1.35947274e-05,1.35947377e-05
7.8740,2.22324117e-05,1.35945663e-05,1.35945766e-05
7.8750,2.22344969e-05,1.35944058e-05,1.35944161e-05
7.8760,2.22365636e-05,1.35942457e-05,1.35942560e-05
7.8770,2.22386119e-05,1.35940861e-05,1.35940963e-05
7.8780,2.22406418e-05,1.35939269e-05,1.35939372e-05
7.8790,2.22426533e-05,1.35937683e-05,1.35937786e-05
7.8800,2.22446463e-05,1.35936102e-05,1.35936205e-05
7.8810,2.22466209e-05,1.35934526e-05,1.35934628e-05
7.8820,2.22485771e-05,1.35932954e-05,1.35933057e-05
7.8830,2.22505148e-05,1.35931389e-05,1.35931491e-05
7.8840,2.22524342e-05,1.35929828e-05,1.35929931e-05
7.8850,2.22543351e-05,1.35928273e-05,1.35928375e-05
7.8860,2.22562176e-05,1.35926723e-05,1.35926825e-05
7.8870,2.22580816e-05,1.35925178e-05,1.35925281e-05
7.8880,2.22599273e-05,1.35923639e-05,1.35923742e-05
7.8890,2.22617546e-05,1.35922105e-05,1.35922208e-05
7.8900,2.22635635e-05,1.35920577e-05,1.35920680e-05
7.8910,2.22653540e-05,1.35919055e-05,1.35919158e-05
7.8920,2.22671262e-05,1.35917538e-05,1.35917641e-05
7.8930,2.22688800e-05,1.35916027e-05,1.35916130e-05
7.8940,2.22706154e-05,1.35914522e-05,1.35914625e-05
7.8950,2.22723326e-05,1.35913023e-05,1.35913126e-05
7.8960,2.22740314e-05,1.35911530e-05,1.35911633e-05
7.8970,2.22757119e-05,1.35910042e-05,1.35910145e-05
7.8980,2.22773741e-05,1.35908561e-05,1.35908664e-05
7.8990,2.22790181e-05,1.35907086e-05,1.35907189e-05
7.9000,2.22806438e-05,1.35905616e-05,1.35905719e-05
7.9010,2.22822513e-05,1.35904153e-05,1.35904256e-05
7.9020,2.22838406e-05,1.35902697e-05,1.35902800e-05
7.9030,2.22854116e-05,1.35901246e-05,1.35901349e-05
7.9040,2.22869646e-05,1.35899802e-05,1.35899905e-05
7.9050,2.22884993e-05,1.35898365e-05,1.35898468e-05
7.9060,2.22900160e-05,1.35896933e-05,1.35897037e-05
7.9070,2.22915145e-05,1.35895509e-05,1.35895612e-05
7.9080,2.22929950e-05,1.35894091e-05,1.35894194e-05
7.9090,2.22944574e-05,1.35892679e-05,1.35892782e-05
7.9100,2.22959018e-05,1.35891274e-05,1.35891378e-05
7.9110,2.22973283e-05,1.35889876e-05,1.35889979e-05
7.9120,2.22987367e-05,1.35888485e-05,1.35888588e-05
7.9130,2.23001272e-05,1.35887101e-05,1.35887204e-05
7.9140,2.23014999e-05,1.35885723e-05,1.35885826e-05
7.9150,2.23028546e-05,1.35884352e-05,1.35884456e-05
7.9160,2.23041916e-05,1.35882989e-05,1.35883092e-05
7.9170,2.23055107e-05,1.35881632e-05,1.35881735e-05
7.9180,2.23068121e-05,1.35880283e-05,1.35880386e-05
7.9190,2.23080957e-05,1.35878940e-05,1.35879044e-05
7.9200,2.23093616e-05,1.35877605e-05,1.35877709e-05
7.9210,2.23106099e-05,1.35876277e-05,1.35876381e-05
7.9220,2.23118406e-05,1.35874957e-05,1.35875060e-05
7.9230,2.23130537e-05,1.35873644e-05,1.35873747e-05
7.9240,2.23142492e-05,1.35872338e-05,1.35872441e-05
7.9250,2.23154272e-05,1.35871040e-05,1.35871143e-05
7.9260,2.23165878e-05,1.35869749e-05,1.35869852e-05
7.9270,2.23177310e-05,1.35868466e-05,1.35868569e-05
7.9280,2.23188568e-05,1.35867190e-05,1.35867293e-05
7.9290,2.23199653e-05,1.35865922e-05,1.35866025e-05
7.9300,2.23210565e-05,1.35864662e-05,1.35864765e-05
7.9310,2.23221305e-05,1.35863409e-05,1.35863513e-05
7.9320,2.23231873e-05,1.35862165e-05,1.35862268e-05
7.9330,2.23242270e-05,1.35860928e-05,1.35861031e-05
7.9340,2.23252496e-05,1.35859699e-05,1.35859803e-05
7.9350,2.23262551e-05,1.35858478e-05,1.35858582e-05
7.9360,2.23272437e-05,1.35857266e-05,1.35857369e-05
7.9370,2.23282153e-05,1.35856061e-05,1.35856164e-05
7.9380,2.23291701e-05,1.35854864e-05,1.35854968e-05
7.9390,2.23301080e-05,1.35853676e-05,1.35853779e-05
7.9400,2.23310292e-05,1.35852495e-05,1.35852599e-05
7.9410,2.23319336e-05,1.35851323e-05,1.35851427e-05
7.9420,2.23328214e-05,1.35850160e-05,1.35850263e-05
7.9430,2.23336926e-05,1.35849005e-05,1.35849108e-05
7.9440,2.23345472e-05,1.35847858e-05,1.35847961e-05
7.9450,2.23353854e-05,1.35846719e-05,1.35846823e-05
7.9460,2.23362071e-05,1.35845589e-05,1.35845693e-05
7.9470,2.23370125e-05,1.35844468e-05,1.35844572e-05
7.9480,2.23378016e-05,1.35843355e-05,1.35843459e-05
7.9490,2.23385744e-05,1.35842251e-05,1.35842355e-05
7.9500,2.23393310e-05,1.35841156e-05,1.35841260e-05
7.9510,2.23400716e-05,1.35840070e-05,1.35840173e-05
7.9520,2.23407961e-05,1.35838992e-05,1.35839095e-05
7.9530,2.23415046e-05,1.35837923e-05,1.35838027e-05
7.9540,2.23421972e-05,1.35836863e-05,1.35836967e-05
7.9550,2.23428739e-05,1.35835812e-05,1.35835916e-05
7.9560,2.23435349e-05,1.35834770e-05,1.35834874e-05
7.9570,2.23441801e-05,1.35833737e-05,1.35833841e-05
7.9580,2.23448097e-05,1.35832713e-05,1.35832817e-05
7.9590,2.23454238e-05,1.35831698e-05,1.35831802e-05
7.9600,2.23460223e-05,1.35830693e-05,1.35830796e-05
7.9610,2.23466054e-05,1.35829696e-05,1.35829800e-05
7.9620,2.23471732e-05,1.35828709e-05,1.35828813e-05
7.9630,2.23477256e-05,1.35827732e-05,1.35827835e-05
7.9640,2.23482629e-05,1.35826763e-05,1.35826867e-05
7.9650,2.23487850e-05,1.35825804e-05,1.35825908e-05
7.9660,2.23492921e-05,1.35824855e-05,1.35824959e-05
7.9670,2.23497842e-05,1.35823915e-05,1.35824019e-05
7.9680,2.23502614e-05,1.35822985e-05,1.35823089e-05
7.9690,2.23507237e-05,1.35822064e-05,1.35822168e-05
7.9700,2.23511714e-05,1.35821153e-05,1.35821257e-05
7.9710,2.23516043e-05,1.35820251e-05,1.35820355e-05
7.9720,2.23520227e-05,1.35819360e-05,1.35819464e-05
7.9730,2.23524265e-05,1.35818478e-05,1.35818582e-05
7.9740,2.23528160e-05,1.35817606e-05,1.35817710e-05
7.9750,2.23531911e-05,1.35816743e-05,1.35816847e-05
7.9760,2.23535519e-05,1.35815891e-05,1.35815995e-05
7.9770,2.23538986e-05,1.35815049e-05,1.35815153e-05
7.9780,2.23542312e-05,1.35814217e-05,1.35814321e-05
7.9790,2.23545497e-05,1.35813394e-05,1.35813498e-05
7.9800,2.23548544e-05,1.35812582e-05,1.35812686e-05
7.9810,2.23551452e-05,1.35811780e-05,1.35811884e-05
7.9820,2.23554223e-05,1.35810988e-05,1.35811093e-05
7.9830,2.23556857e-05,1.35810207e-05,1.35810311e-05
7.9840,2.23559356e-05,1.35809436e-05,1.35809540e-05
7.9850,2.23561720e-05,1.35808675e-05,1.35808779e-05
7.9860,2.23563949e-05,1.35807924e-05,1.35808028e-05
7.9870,2.23566046e-05,1.35807184e-05,1.35807288e-05
7.9880,2.23568011e-05,1.35806454e-05,1.35806558e-05
7.9890,2.23569845e-05,1.35805735e-05,1.35805839e-05
7.9900,2.23571548e-05,1.35805026e-05,1.35805130e-05
7.9910,2.23573123e-05,1.35804328e-05,1.35804432e-05
7.9920,2.23574568e-05,1.35803640e-05,1.35803745e-05
7.9930,2.23575887e-05,1.35802963e-05,1.35803068e-05
7.9940,2.23577079e-05,1.35802297e-05,1.35802402e-05
7.9950,2.23578145e-05,1.35801642e-05,1.35801746e-05
7.9960,2.23579087e-05,1.35800997e-05,1.35801102e-05
7.9970,2.23579905e-05,1.35800364e-05,1.35800468e-05
7.9980,2.23580601e-05,1.35799741e-05,1.35799845e-05
7.9990,2.23581175e-05,1.35799129e-05,1.35799233e-05
8.0000,2.23581628e-05,1.35798528e-05,1.35798632e-05
8.0010,2.23581962e-05,1.35797938e-05,1.35798042e-05
8.0020,2.23582177e-05,1.35797359e-05,1.35797463e-05
8.0030,2.23582274e-05,1.35796791e-05,1.35796895e-05
8.0040,2.23582255e-05,1.35796234e-05,1.35796339e-05
8.0050,2.23582120e-05,1.35795688e-05,1.35795793e-05
8.0060,2.23581870e-05,1.35795154e-05,1.35795259e-05
8.0070,2.23581507e-05,1.35794631e-05,1.35794736e-05
8.0080,2.23581031e-05,1.35794119e-05,1.35794224e-05
8.0090,2.23580443e-05,1.35793618e-05,1.35793723e-05
8.0100,2.23579745e-05,1.35793129e-05,1.35793234e-05
8.0110,2.23578938e-05,1.35792651e-05,1.35792756e-05
8.0120,2.23578022e-05,1.35792185e-05,1.35792290e-05
8.0130,2.23576998e-05,1.35791730e-05,1.35791835e-05
8.0140,2.23575868e-05,1.35791287e-05,1.35791392e-05
8.0150,2.23574633e-05,1.35790855e-05,1.35790960e-05
8.0160,2.23573294e-05,1.35790435e-05,1.35790540e-05
8.0170,2.23571851e-05,1.35790027e-05,1.35790132e-05
8.0180,2.23570306e-05,1.35789630e-05,1.35789735e-05
8.0190,2.23568661e-05,1.35789245e-05,1.35789350e-05
8.0200,2.23566915e-05,1.35788872e-05,1.35788977e-05
8.0210,2.23565070e-05,1.35788510e-05,1.35788615e-05
8.0220,2.23563128e-05,1.35788160e-05,1.35788265e-05
8.0230,2.23561089e-05,1.35787823e-05,1.35787928e-05
8.0240,2.23558954e-05,1.35787497e-05,1.35787602e-05
8.0250,2.23556725e-05,1.35787183e-05,1.35787288e-05
8.0260,2.23554403e-05,1.35786881e-05,1.35786986e-05
8.0270,2.23551988e-05,1.35786591e-05,1.35786696e-05
8.0280,2.23549482e-05,1.35786313e-05,1.35786419e-05
8.0290,2.23546886e-05,1.35786048e-05,1.35786153e-05
8.0300,2.23544201e-05,1.35785794e-05,1.35785899e-05
8.0310,2.23541428e-05,1.35785553e-05,1.35785658e-05
8.0320,2.23538568e-05,1.35785324e-05,1.35785429e-05
8.0330,2.23535623e-05,1.35785107e-05,1.35785212e-05
8.0340,2.23532593e-05,1.35784902e-05,1.35785008e-05
8.0350,2.23529480e-05,1.35784710e-05,1.35784815e-05
8.0360,2.23526285e-05,1.35784530e-05,1.35784636e-05
8.0370,2.23523009e-05,1.35784363e-05,1.35784468e-05
8.0380,2.23519653e-05,1.35784208e-05,1.35784313e-05
8.0390,2.23516218e-05,1.35784065e-05,1.35784171e-05
8.0400,2.23512705e-05,1.35783935e-05,1.35784041e-05
8.0410,2.23509116e-05,1.35783818e-05,1.35783923e-05
8.0420,2.23505452e-05,1.35783713e-05,1.35783818e-05
8.0430,2.23501714e-05,1.35783621e-05,1.35783726e-05
8.0440,2.23497902e-05,1.35783541e-05,1.35783647e-05
8.0450,2.23494019e-05,1.35783474e-05,1.35783580e-05
8.0460,2.23490065e-05,1.35783420e-05,1.35783526e-05
8.0470,2.23486042e-05,1.35783379e-05,1.35783484e-05
8.0480,2.23481950e-05,1.35783350e-05,1.35783456e-05
8.0490,2.23477791e-05,1.35783334e-05,1.35783440e-05
8.0500,2.23473566e-05,1.35783331e-05,1.35783437e-05
8.0510,2.23469277e-05,1.35783341e-05,1.35783447e-05
8.0520,2.23464923e-05,1.35783364e-05,1.35783470e-05
8.0530,2.23460507e-05,1.35783400e-05,1.35783506e-05
8.0540,2.23456030e-05,1.35783449e-05,1.35783555e-05
8.0550,2.23451493e-05,1.35783511e-05,1.35783617e-05
8.0560,2.23446897e-05,1.35783587e-05,1.35783692e-05
8.0570,2.23442243e-05,1.35783675e-05,1.35783781e-05
8.0580,2.23437532e-05,1.35783776e-05,1.35783882e-05
8.0590,2.23432767e-05,1.35783891e-05,1.35783997e-05
8.0600,2.23427947e-05,1.35784019e-05,1.35784124e-05
8.0610,2.23423074e-05,1.35784160e-05,1.35784266e-05
8.0620,2.23418149e-05,1.35784314e-05,1.35784420e-05
8.0630,2.23413174e-05,1.35784482e-05,1.35784588e-05
8.0640,2.23408149e-05,1.35784663e-05,1.35784769e-05
8.0650,2.23403076e-05,1.35784857e-05,1.35784963e-05
8.0660,2.23397956e-05,1.35785065e-05,1.35785171e-05
8.0670,2.23392790e-05,1.35785286e-05,1.35785392e-05
8.0680,2.23387580e-05,1.35785521e-05,1.35785627e-05
8.0690,2.23382326e-05,1.35785769e-05,1.35785875e-05
8.0700,2.23377030e-05,1.35786031e-05,1.35786137e-05
8.0710,2.23371693e-05,1.35786306e-05,1.35786412e-05
8.0720,2.23366316e-05,1.35786595e-05,1.35786701e-05
8.0730,2.23360900e-05,1.35786898e-05,1.35787004e-05
8.0740,2.23355447e-05,1.35787214e-05,1.35787320e-05
8.0750,2.23349958e-05,1.35787544e-05,1.35787650e-05
8.0760,2.23344434e-05,1.35787888e-05,1.35787994e-05
8.0770,2.23338876e-05,1.35788245e-05,1.35788352e-05
8.0780,2.23333286e-05,1.35788617e-05,1.35788723e-05
8.0790,2.23327664e-05,1.35789002e-05,1.35789108e-05
8.0800,2.23322012e-05,1.35789401e-05,1.35789507e-05
8.0810,2.23316331e-05,1.35789814e-05,1.35789920e-05
8.0820,2.23310622e-05,1.35790241e-05,1.35790347e-05
8.0830,2.23304887e-05,1.35790682e-05,1.35790788e-05
8.0840,2.23299126e-05,1.35791137e-05,1.35791243e-05
8.0850,2.23293341e-05,1.35791605e-05,1.35791712e-05
8.0860,2.23287533e-05,1.35792088e-05,1.35792195e-05
8.0870,2.23281703e-05,1.35792585e-05,1.35792692e-05
8.0880,2.23275853e-05,1.35793096e-05,1.35793203e-05
8.0890,2.23269984e-05,1.35793622e-05,1.35793728e-05
8.0900,2.23264096e-05,1.35794161e-05,1.35794268e-05
8.0910,2.23258192e-05,1.35794715e-05,1.35794821e-05
8.0920,2.23252271e-05,1.35795283e-05,1.35795389e-05
8.0930,2.23246337e-05,1.35795865e-05,1.35795971e-05
8.0940,2.23240389e-05,1.35796461e-05,1.35796568e-05
8.0950,2.23234428e-05,1.35797072e-05,1.35797179e-05
8.0960,2.23228457e-05,1.35797697e-05,1.35797804e-05
8.0970,2.23222476e-05,1.35798336e-05,1.35798443e-05
8.0980,2.23216487e-05,1.35798990e-05,1.35799097e-05
8.0990,2.23210490e-05,1.35799659e-05,1.35799766e-05
8.1000,2.23204487e-05,1.35800341e-05,1.35800448e-05
8.1010,2.23198480e-05,1.35801039e-05,1.35801146e-05
8.1020,2.23192468e-05,1.35801750e-05,1.35801857e-05
8.1030,2.23186454e-05,1.35802477e-05,1.35802584e-05
8.1040,2.23180439e-05,1.35803218e-05,1.35803325e-05
8.1050,2.23174423e-05,1.35803973e-05,1.35804080e-05
8.1060,2.23168409e-05,1.35804743e-05,1.35804851e-05
8.1070,2.23162396e-05,1.35805528e-05,1.35805636e-05
8.1080,2.23156388e-05,1.35806328e-05,1.35806435e-05
8.1090,2.23150383e-05,1.35807142e-05,1.35807249e-05
8.1100,2.23144385e-05,1.35807971e-05,1.35808078e-05
8.1110,2.23138394e-05,1.35808815e-05,1.35808922e-05
8.1120,2.23132410e-05,1.35809674e-05,1.35809781e-05
8.1130,2.23126436e-05,1.35810547e-05,1.35810654e-05
8.1140,2.23120473e-05,1.35811435e-05,1.35811543e-05
8.1150,2.23114521e-05,1.35812338e-05,1.35812446e-05
8.1160,2.23108582e-05,1.35813256e-05,1.35813364e-05
8.1170,2.23102657e-05,1.35814189e-05,1.35814297e-05
8.1180,2.23096748e-05,1.35815137e-05,1.35815245e-05
8.1190,2.23090855e-05,1.35816100e-05,1.35816208e-05
8.1200,2.23084979e-05,1.35817078e-05,1.35817186e-05
8.1210,2.23079122e-05,1.35818071e-05,1.35818179e-05
8.1220,2.23073285e-05,1.35819080e-05,1.35819187e-05
8.1230,2.23067469e-05,1.35820103e-05,1.35820210e-05
8.1240,2.23061676e-05,1.35821141e-05,1.35821249e-05
8.1250,2.23055905e-05,1.35822194e-05,1.35822302e-05
8.1260,2.23050160e-05,1.35823263e-05,1.35823371e-05
8.1270,2.23044440e-05,1.35824347e-05,1.35824455e-05
8.1280,2.23038746e-05,1.35825446e-05,1.35825554e-05
8.1290,2.23033081e-05,1.35826560e-05,1.35826668e-05
8.1300,2.23027445e-05,1.35827690e-05,1.35827798e-05
8.1310,2.23021840e-05,1.35828835e-05,1.35828943e-05
8.1320,2.23016265e-05,1.35829995e-05,1.35830103e-05
8.1330,2.23010724e-05,1.35831170e-05,1.35831278e-05
8.1340,2.23005216e-05,1.35832361e-05,1.35832469e-05
8.1350,2.22999743e-05,1.35833568e-05,1.35833676e-05
8.1360,2.22994306e-05,1.35834789e-05,1.35834897e-05
8.1370,2.22988906e-05,1.35836027e-05,1.35836135e-05
8.1380,2.22983544e-05,1.35837279e-05,1.35837387e-05
8.1390,2.22978222e-05,1.35838547e-05,1.35838656e-05
8.1400,2.22972940e-05,1.35839831e-05,1.35839939e-05
8.1410,2.22967700e-05,1.35841130e-05,1.35841238e-05
8.1420,2.22962503e-05,1.35842445e-05,1.35842553e-05
8.1430,2.22957350e-05,1.35843775e-05,1.35843884e-05
8.1440,2.22952242e-05,1.35845121e-05,1.35845230e-05
8.1450,2.22947179e-05,1.35846483e-05,1.35846591e-05
8.1460,2.22942164e-05,1.35847860e-05,1.35847969e-05
8.1470,2.22937198e-05,1.35849253e-05,1.35849362e-05
8.1480,2.22932281e-05,1.35850662e-05,1.35850770e-05
8.1490,2.22927414e-05,1.35852086e-05,1.35852195e-05
8.1500,2.22922599e-05,1.35853527e-05,1.35853635e-05
8.1510,2.22917837e-05,1.35854982e-05,1.35855091e-05
8.1520,2.22913128e-05,1.35856454e-05,1.35856563e-05
8.1530,2.22908475e-05,1.35857942e-05,1.35858050e-05
8.1540,2.22903877e-05,1.35859445e-05,1.35859554e-05
8.1550,2.22899337e-05,1.35860964e-05,1.35861073e-05
8.1560,2.22894855e-05,1.35862500e-05,1.35862608e-05
8.1570,2.22890432e-05,1.35864051e-05,1.35864159e-05
8.1580,2.22886069e-05,1.35865618e-05,1.35865726e-05
8.1590,2.22881768e-05,1.35867201e-05,1.35867309e-05
8.1600,2.22877529e-05,1.35868799e-05,1.35868908e-05
8.1610,2.22873354e-05,1.35870414e-05,1.35870523e-05
8.1620,2.22869243e-05,1.35872045e-05,1.35872154e-05
8.1630,2.22865198e-05,1.35873692e-05,1.35873801e-05
8.1640,2.22861220e-05,1.35875355e-05,1.35875464e-05
8.1650,2.22857310e-05,1.35877034e-05,1.35877143e-05
8.1660,2.22853468e-05,1.35878730e-05,1.35878838e-05
8.1670,2.22849696e-05,1.35880441e-05,1.35880550e-05
8.1680,2.22845995e-05,1.35882168e-05,1.35882277e-05
8.1690,2.22842367e-05,1.35883912e-05,1.35884021e-05
8.1700,2.22838811e-05,1.35885672e-05,1.35885781e-05
8.1710,2.22835329e-05,1.35887448e-05,1.35887557e-05
8.1720,2.22831922e-05,1.35889240e-05,1.35889349e-05
8.1730,2.22828591e-05,1.35891048e-05,1.35891158e-05
8.1740,2.22825338e-05,1.35892873e-05,1.35892982e-05
8.1750,2.22822162e-05,1.35894714e-05,1.35894823e-05
8.1760,2.22819066e-05,1.35896572e-05,1.35896681e-05
8.1770,2.22816050e-05,1.35898445e-05,1.35898554e-05
8.1780,2.22813115e-05,1.35900335e-05,1.35900445e-05
8.1790,2.22810262e-05,1.35902242e-05,1.35902351e-05
8.1800,2.22807492e-05,1.35904164e-05,1.35904274e-05
8.1810,2.22804807e-05,1.35906104e-05,1.35906213e-05
8.1820,2.22802206e-05,1.35908059e-05,1.35908169e-05
8.1830,2.22799692e-05,1.35910031e-05,1.35910141e-05
8.1840,2.22797265e-05,1.35912020e-05,1.35912129e-05
8.1850,2.22794926e-05,1.35914025e-05,1.35914134e-05
8.1860,2.22792677e-05,1.35916046e-05,1.35916156e-05
8.1870,2.22790517e-05,1.35918084e-05,1.35918194e-05
8.1880,2.22788449e-05,1.35920139e-05,1.35920248e-05
8.1890,2.22786472e-05,1.35922210e-05,1.35922319e-05
8.1900,2.22784589e-05,1.35924297e-05,1.35924407e-05
8.1910,2.22782799e-05,1.35926402e-05,1.35926511e-05
8.1920,2.22781105e-05,1.35928522e-05,1.35928632e-05
8.1930,2.22779506e-05,1.35930660e-05,1.35930770e-05
8.1940,2.22778004e-05,1.35932814e-05,1.35932924e-05
8.1950,2.22776600e-05,1.35934985e-05,1.35935094e-05
8.1960,2.22775295e-05,1.35937172e-05,1.35937282e-05
8.1970,2.22774090e-05,1.35939376e-05,1.35939486e-05
8.1980,2.22772985e-05,1.35941597e-05,1.35941707e-05
8.1990,2.22771982e-05,1.35943835e-05,1.35943945e-05
8.2000,2.22771081e-05,1.35946089e-05,1.35946199e-05
8.2010,2.22770283e-05,1.35948360e-05,1.35948470e-05
8.2020,2.22769590e-05,1.35950648e-05,1.35950758e-05
8.2030,2.22769003e-05,1.35952953e-05,1.35953063e-05
8.2040,2.22768521e-05,1.35955274e-05,1.35955384e-05
8.2050,2.22768147e-05,1.35957612e-05,1.35957723e-05
8.2060,2.22767880e-05,1.35959968e-05,1.35960078e-05
8.2070,2.22767722e-05,1.35962340e-05,1.35962450e-05
8.2080,2.22767675e-05,1.35964729e-05,1.35964839e-05
8.2090,2.22767738e-05,1.35967134e-05,1.35967245e-05
8.2100,2.22767912e-05,1.35969557e-05,1.35969667e-05
8.2110,2.22768199e-05,1.35971997e-05,1.35972107e-05
8.2120,2.22768600e-05,1.35974453e-05,1.35974564e-05
8.2130,2.22769115e-05,1.35976927e-05,1.35977037e-05
8.2140,2.22769744e-05,1.35979418e-05,1.35979528e-05
8.2150,2.22770490e-05,1.35981925e-05,1.35982036e-05
8.2160,2.22771353e-05,1.35984450e-05,1.35984560e-05
8.2170,2.22772334e-05,1.35986991e-05,1.35987102e-05
8.2180,2.22773433e-05,1.35989550e-05,1.35989660e-05
8.2190,2.22774652e-05,1.35992126e-05,1.35992236e-05
8.2200,2.22775991e-05,1.35994718e-05,1.35994829e-05
8.2210,2.22777451e-05,1.35997328e-05,1.35997439e-05
8.2220,2.22779033e-05,1.35999955e-05,1.36000066e-05
8.2230,2.22780738e-05,1.36002599e-05,1.36002710e-05
8.2240,2.22782567e-05,1.36005260e-05,1.36005371e-05
8.2250,2.22784520e-05,1.36007939e-05,1.36008049e-05
8.2260,2.22786599e-05,1.36010634e-05,1.36010745e-05
8.2270,2.22788804e-05,1.36013347e-05,1.36013458e-05
8.2280,2.22791136e-05,1.36016077e-05,1.36016187e-05
8.2290,2.22793596e-05,1.36018824e-05,1.36018934e-05
8.2300,2.22796185e-05,1.36021588e-05,1.36021699e-05
8.2310,2.22798903e-05,1.36024369e-05,1.36024480e-05
8.2320,2.22801752e-05,1.36027168e-05,1.36027279e-05
8.2330,2.22804731e-05,1.36029984e-05,1.36030095e-05
8.2340,2.22807843e-05,1.36032817e-05,1.36032928e-05
8.2350,2.22811087e-05,1.36035668e-05,1.36035779e-05
8.2360,2.22814465e-05,1.36038536e-05,1.36038647e-05
8.2370,2.22817977e-05,1.36041421e-05,1.36041532e-05
8.2380,2.22821624e-05,1.36044323e-05,1.36044434e-05
8.2390,2.22825407e-05,1.36047243e-05,1.36047354e-05
8.2400,2.22829327e-05,1.36050180e-05,1.36050291e-05
8.2410,2.22833384e-05,1.36053135e-05,1.36053246e-05
8.2420,2.22837579e-05,1.36056107e-05,1.36056218e-05
8.2430,2.22841913e-05,1.36059096e-05,1.36059207e-05
8.2440,2.22846388e-05,1.36062102e-05,1.36062214e-05
8.2450,2.22851002e-05,1.36065127e-05,1.36065238e-05
8.2460,2.22855758e-05,1.36068168e-05,1.36068279e-05
8.2470,2.22860656e-05,1.36071227e-05,1.36071338e-05
8.2480,2.22865696e-05,1.36074303e-05,1.36074415e-05
8.2490,2.22870881e-05,1.36077397e-05,1.36077509e-05
8.2500,2.22876209e-05,1.36080509e-05,1.36080620e-05
8.2510,2.22881682e-05,1.36083637e-05,1.36083749e-05
8.2520,2.22887301e-05,1.36086784e-05,1.36086895e-05
8.2530,2.22893067e-05,1.36089948e-05,1.36090059e-05
8.2540,2.22898980e-05,1.36093129e-05,1.36093241e-05
8.2550,2.22905040e-05,1.36096328e-05,1.36096439e-05
8.2560,2.22911249e-05,1.36099544e-05,1.36099656e-05
8.2570,2.22917608e-05,1.36102778e-05,1.36102890e-05
8.2580,2.22924117e-05,1.36106030e-05,1.36106141e-05
8.2590,2.22930776e-05,1.36109299e-05,1.36109411e-05
8.2600,2.22937587e-05,1.36112585e-05,1.36112697e-05
8.2610,2.22944550e-05,1.36115890e-05,1.36116002e-05
8.2620,2.22951666e-05,1.36119212e-05,1.36119324e-05
8.2630,2.22958935e-05,1.36122551e-05,1.36122663e-05
8.2640,2.22966359e-05,1.36125908e-05,1.36126020e-05
8.2650,2.22973938e-05,1.36129283e-05,1.36129395e-05
8.2660,2.22981672e-05,1.36132676e-05,1.36132788e-05
8.2670,2.22989562e-05,1.36136086e-05,1.36136198e-05
8.2680,2.22997610e-05,1.36139513e-05,1.36139626e-05
8.2690,2.23005815e-05,1.36142959e-05,1.36143071e-05
8.2700,2.23014178e-05,1.36146422e-05,1.36146534e-05
8.2710,2.23022701e-05,1.36149903e-05,1.36150015e-05
8.2720,2.23031382e-05,1.36153402e-05,1.36153514e-05
8.2730,2.23040225e-05,1.36156918e-05,1.36157030e-05
8.2740,2.23049228e-05,1.36160452e-05,1.36160564e-05
8.2750,2.23058393e-05,1.36164004e-05,1.36164116e-05
8.2760,2.23067720e-05,1.36167573e-05,1.36167686e-05
8.2770,2.23077210e-05,1.36171160e-05,1.36171273e-05
8.2780,2.23086863e-05,1.36174765e-05,1.36174878e-05
8.2790,2.23096680e-05,1.36178388e-05,1.36178501e-05
8.2800,2.23106663e-05,1.36182029e-05,1.36182141e-05
8.2810,2.23116810e-05,1.36185687e-05,1.36185800e-05
8.2820,2.23127124e-05,1.36189363e-05,1.36189476e-05
8.2830,2.23137604e-05,1.36193057e-05,1.36193170e-05
8.2840,2.23148252e-05,1.36196769e-05,1.36196882e-05
8.2850,2.23159067e-05,1.36200499e-05,1.36200612e-05
8.2860,2.23170051e-05,1.36204246e-05,1.36204359e-05
8.2870,2.23181204e-05,1.36208012e-05,1.36208124e-05
8.2880,2.23192527e-05,1.36211795e-05,1.36211908e-05
8.2890,2.23204020e-05,1.36215596e-05,1.36215709e-05
8.2900,2.23215684e-05,1.36219415e-05,1.36219528e-05
8.2910,2.23227519e-05,1.36223252e-05,1.36223365e-05
8.2920,2.23239527e-05,1.36227106e-05,1.36227219e-05
8.2930,2.23251707e-05,1.36230979e-05,1.36231092e-05
8.2940,2.23264060e-05,1.36234869e-05,1.36234982e-05
8.2950,2.23276587e-05,1.36238778e-05,1.36238891e-05
8.2960,2.23289288e-05,1.36242704e-05,1.36242817e-05
8.2970,2.23302165e-05,1.36246648e-05,1.36246761e-05
8.2980,2.23315217e-05,1.36250610e-05,1.36250724e-05
8.2990,2.23328445e-05,1.36254591e-05,1.36254704e-05
8.3000,2.23341849e-05,1.36258589e-05,1.36258702e-05
8.3010,2.23355431e-05,1.36262605e-05,1.36262718e-05
8.3020,2.23369190e-05,1.36266639e-05,1.36266752e-05
8.3030,2.23383128e-05,1.36270690e-05,1.36270804e-05
8.3040,2.23397245e-05,1.36274760e-05,1.36274874e-05
8.3050,2.23411541e-05,1.36278848e-05,1.36278962e-05
8.3060,2.23426017e-05,1.36282954e-05,1.36283067e-05
8.3070,2.23440673e-05,1.36287078e-05,1.36287191e-05
8.3080,2.23455511e-05,1.36291220e-05,1.36291333e-05
8.3090,2.23470529e-05,1.36295380e-05,1.36295493e-05
8.3100,2.23485730e-05,1.36299557e-05,1.36299671e-05
8.3110,2.23501114e-05,1.36303753e-05,1.36303867e-05
8.3120,2.23516680e-05,1.36307967e-05,1.36308081e-05
8.3130,2.23532430e-05,1.36312199e-05,1.36312313e-05
8.3140,2.23548365e-05,1.36316449e-05,1.36316563e-05
8.3150,2.23564484e-05,1.36320717e-05,1.36320831e-05
8.3160,2.23580788e-05,1.36325003e-05,1.36325117e-05
8.3170,2.23597277e-05,1.36329307e-05,1.36329421e-05
8.3180,2.23613953e-05,1.36333629e-05,1.36333743e-05
8.3190,2.23630815e-05,1.36337969e-05,1.36338083e-05
8.3200,2.23647865e-05,1.36342328e-05,1.36342441e-05
8.3210,2.23665102e-05,1.36346704e-05,1.36346818e-05
8.3220,2.23682527e-05,1.36351098e-05,1.36351212e-05
8.3230,2.23700140e-05,1.36355511e-05,1.36355625e-05
8.3240,2.23717943e-05,1.36359941e-05,1.36360055e-05
8.3250,2.23735935e-05,1.36364390e-05,1.36364504e-05
8.3260,2.23754118e-05,1.36368857e-05,1.36368971e-05
8.3270,2.23772490e-05,1.36373341e-05,1.36373456e-05
8.3280,2.23791054e-05,1.36377844e-05,1.36377959e-05
8.3290,2.23809809e-05,1.36382365e-05,1.36382480e-05
8.3300,2.23828756e-05,1.36386905e-05,1.36387019e-05
8.3310,2.23847895e-05,1.36391462e-05,1.36391576e-05
8.3320,2.23867226e-05,1.36396037e-05,1.36396151e-05
8.3330,2.23886751e-05,1.36400631e-05,1.36400745e-05
8.3340,2.23906470e-05,1.36405242e-05,1.36405357e-05
8.3350,2.23926383e-05,1.36409872e-05,1.36409986e-05
8.3360,2.23946490e-05,1.36414520e-05,1.36414634e-05
8.3370,2.23966792e-05,1.36419186e-05,1.36419300e-05
8.3380,2.23987290e-05,1.36423870e-05,1.36423985e-05
8.3390,2.24007984e-05,1.36428572e-05,1.36428687e-05
8.3400,2.24028873e-05,1.36433293e-05,1.36433407e-05
8.3410,2.24049960e-05,1.36438032e-05,1.36438146e-05
8.3420,2.24071243e-05,1.36442788e-05,1.36442903e-05
8.3430,2.24092724e-05,1.36447563e-05,1.36447678e-05
8.3440,2.24114403e-05,1.36452356e-05,1.36452471e-05
8.3450,2.24136280e-05,1.36457167e-05,1.36457282e-05
8.3460,2.24158356e-05,1.36461997e-05,1.36462112e-05
8.3470,2.24180631e-05,1.36466844e-05,1.36466959e-05
8.3480,2.24203106e-05,1.36471710e-05,1.36471825e-05
8.3490,2.24225781e-05,1.36476594e-05,1.36476709e-05
8.3500,2.24248656e-05,1.36481496e-05,1.36481611e-05
8.3510,2.24271731e-05,1.36486416e-05,1.36486531e-05
8.3520,2.24295008e-05,1.36491355e-05,1.36491470e-05
8.3530,2.24318487e-05,1.36496311e-05,1.36496426e-05
8.3540,2.24342167e-05,1.36501286e-05,1.36501401e-05
8.3550,2.24366049e-05,1.36506279e-05,1.36506394e-05
8.3560,2.24390134e-05,1.36511290e-05,1.36511405e-05
8.3570,2.24414423e-05,1.36516320e-05,1.36516435e-05
8.3580,2.24438914e-05,1.36521367e-05,1.36521482e-05
8.3590,2.24463609e-05,1.36526433e-05,1.36526548e-05
8.3600,2.24488509e-05,1.36531517e-05,1.36531632e-05
8.3610,2.24513613e-05,1.36536619e-05,1.36536734e-05
8.3620,2.24538922e-05,1.36541739e-05,1.36541854e-05
8.3630,2.24564436e-05,1.36546878e-05,1.36546993e-05
8.3640,2.24590155e-05,1.36552034e-05,1.36552150e-05
8.3650,2.24616081e-05,1.36557209e-05,1.36557325e-05
8.3660,2.24642212e-05,1.36562402e-05,1.36562518e-05
8.3670,2.24668550e-05,1.36567614e-05,1.36567729e-05
8.3680,2.24695096e-05,1.36572843e-05,1.36572958e-05
8.3690,2.24721848e-05,1.36578091e-05,1.36578206e-05
8.3700,2.24748808e-05,1.36583357e-05,1.36583472e-05
8.3710,2.24775976e-05,1.36588641e-05,1.36588756e-05
8.3720,2.24803352e-05,1.36593943e-05,1.36594058e-05
8.3730,2.24830937e-05,1.36599263e-05,1.36599379e-05
8.3740,2.24858731e-05,1.36604602e-05,1.36604718e-05
8.3750,2.24886734e-05,1.36609959e-05,1.36610075e-05
8.3760,2.24914946e-05,1.36615334e-05,1.36615450e-05
8.3770,2.24943369e-05,1.36620727e-05,1.36620843e-05
8.3780,2.24972001e-05,1.36626139e-05,1.36626254e-05
8.3790,2.25000844e-05,1.36631568e-05,1.36631684e-05
8.3800,2.25029898e-05,1.36637016e-05,1.36637132e-05
8.3810,2.25059162e-05,1.36642482e-05,1.36642598e-05
8.3820,2.25088639e-05,1.36647966e-05,1.36648082e-05
8.3830,2.25118326e-05,1.36653469e-05,1.36653585e-05
8.3840,2.25148226e-05,1.36658990e-05,1.36659106e-05
8.3850,2.25178338e-05,1.36664528e-05,1.36664644e-05
8.3860,2.25208663e-05,1.36670085e-05,1.36670201e-05
8.3870,2.25239200e-05,1.36675661e-05,1.36675777e-05
8.3880,2.25269951e-05,1.36681254e-05,1.36681370e-05
8.3890,2.25300915e-05,1.36686866e-05,1.36686982e-05
8.3900,2.25332092e-05,1.36692495e-05,1.36692612e-05
8.3910,2.25363484e-05,1.36698143e-05,1.36698260e-05
8.3920,2.25395089e-05,1.36703810e-05,1.36703926e-05
8.3930,2.25426909e-05,1.36709494e-05,1.36709610e-05
8.3940,2.25458944e-05,1.36715196e-05,1.36715313e-05
8.3950,2.25491194e-05,1.36720917e-05,1.36721033e-05
8.3960,2.25523659e-05,1.36726656e-05,1.36726772e-05
8.3970,2.25556339e-05,1.36732413e-05,1.36732529e-05
8.3980,2.25589236e-05,1.36738188e-05,1.36738305e-05
8.3990,2.25622348e-05,1.36743982e-05,1.36744098e-05
8.4000,2.25655676e-05,1.36749793e-05,1.36749910e-05
8.4010,2.25689221e-05,1.36755623e-05,1.36755739e-05
8.4020,2.25722983e-05,1.36761471e-05,1.36761587e-05
8.4030,2.25756961e-05,1.36767337e-05,1.36767454e-05
8.4040,2.25791157e-05,1.36773221e-05,1.36773338e-05
8.4050,2.25825570e-05,1.36779124e-05,1.36779240e-05
8.4060,2.25860201e-05,1.36785044e-05,1.36785161e-05
8.4070,2.25895050e-05,1.36790983e-05,1.36791099e-05
8.4080,2.25930116e-05,1.36796940e-05,1.36797056e-05
8.4090,2.25965402e-05,1.36802914e-05,1.36803031e-05
8.4100,2.26000905e-05,1.36808908e-05,1.36809024e-05
8.4110,2.26036627e-05,1.36814919e-05,1.36815036e-05
8.4120,2.26072569e-05,1.36820948e-05,1.36821065e-05
8.4130,2.26108729e-05,1.36826996e-05,1.36827113e-05
8.4140,2.26145109e-05,1.36833061e-05,1.36833178e-05
8.4150,2.26181708e-05,1.36839145e-05,1.36839262e-05
8.4160,2.26218527e-05,1.36845247e-05,1.36845364e-05
8.4170,2.26255566e-05,1.36851367e-05,1.36851484e-05
8.4180,2.26292825e-05,1.36857505e-05,1.36857622e-05
8.4190,2.26330305e-05,1.36863661e-05,1.36863778e-05
8.4200,2.26368005e-05,1.36869835e-05,1.36869953e-05
8.4210,2.26405925e-05,1.36876028e-05,1.36876145e-05
8.4220,2.26444067e-05,1.36882238e-05,1.36882355e-05
8.4230,2.26482430e-05,1.36888467e-05,1.36888584e-05
8.4240,2.26521014e-05,1.36894714e-05,1.36894831e-05
8.4250,2.26559819e-05,1.36900978e-05,1.36901096e-05
8.4260,2.26598846e-05,1.36907261e-05,1.36907378e-05
8.4270,2.26638094e-05,1.36913562e-05,1.36913679e-05
8.4280,2.26677565e-05,1.36919881e-05,1.36919998e-05
8.4290,2.26717257e-05,1.36926218e-05,1.36926335e-05
8.4300,2.26757172e-05,1.36932573e-05,1.36932690e-05
8.4310,2.26797309e-05,1.36938946e-05,1.36939063e-05
8.4320,2.26837669e-05,1.36945337e-05,1.36945455e-05
8.4330,2.26878251e-05,1.36951746e-05,1.36951864e-05
8.4340,2.26919056e-05,1.36958174e-05,1.36958291e-05
8.4350,2.26960084e-05,1.36964619e-05,1.36964736e-05
8.4360,2.27001335e-05,1.36971082e-05,1.36971200e-05
8.4370,2.27042810e-05,1.36977563e-05,1.36977681e-05
8.4380,2.27084507e-05,1.36984063e-05,1.36984180e-05
8.4390,2.27126429e-05,1.36990580e-05,1.36990698e-05
8.4400,2.27168573e-05,1.36997115e-05,1.36997233e-05
8.4410,2.27210942e-05,1.37003669e-05,1.37003786e-05
8.4420,2.27253535e-05,1.37010240e-05,1.37010358e-05
8.4430,2.27296351e-05,1.37016829e-05,1.37016947e-05
8.4440,2.27339392e-05,1.37023436e-05,1.37023554e-05
8.4450,2.27382656e-05,1.37030061e-05,1.37030179e-05
8.4460,2.27426145e-05,1.37036705e-05,1.37036823e-05
8.4470,2.27469859e-05,1.37043366e-05,1.37043484e-05
8.4480,2.27513797e-05,1.37050045e-05,1.37050163e-05
8.4490,2.27557960e-05,1.37056742e-05,1.37056860e-05
8.4500,2.27602347e-05,1.37063457e-05,1.37063575e-05
8.4510,2.27646959e-05,1.37070190e-05,1.37070308e-05
8.4520,2.27691796e-05,1.37076940e-05,1.37077058e-05
8.4530,2.27736859e-05,1.37083709e-05,1.37083827e-05
8.4540,2.27782146e-05,1.37090496e-05,1.37090614e-05
8.4550,2.27827658e-05,1.37097300e-05,1.37097418e-05
8.4560,2.27873396e-05,1.37104122e-05,1.37104241e-05
8.4570,2.27919359e-05,1.37110963e-05,1.37111081e-05
8.4580,2.27965547e-05,1.37117821e-05,1.37117939e-05
8.4590,2.28011961e-05,1.37124697e-05,1.37124815e-05
8.4600,2.28058600e-05,1.37131591e-05,1.37131709e-05
8.4610,2.28105465e-05,1.37138502e-05,1.37138621e-05
8.4620,2.28152556e-05,1.37145432e-05,1.37145550e-05
8.4630,2.28199872e-05,1.37152379e-05,1.37152497e-05
8.4640,2.28247414e-05,1.37159344e-05,1.37159463e-05
8.4650,2.28295182e-05,1.37166327e-05,1.37166446e-05
8.4660,2.28343176e-05,1.37173328e-05,1.37173447e-05
8.4670,2.28391395e-05,1.37180347e-05,1.37180465e-05
8.4680,2.28439841e-05,1.37187383e-05,1.37187502e-05
8.4690,2.28488512e-05,1.37194437e-05,1.37194556e-05
8.4700,2.28537410e-05,1.37201509e-05,1.37201628e-05
8.4710,2.28586533e-05,1.37208599e-05,1.37208717e-05
8.4720,2.28635883e-05,1.37215706e-05,1.37215825e-05
8.4730,2.28685459e-05,1.37222832e-05,1.37222950e-05
8.4740,2.28735260e-05,1.37229974e-05,1.37230093e-05
8.4750,2.28785288e-05,1.37237135e-05,1.37237254e-05
8.4760,2.28835543e-05,1.37244314e-05,1.37244432e-05
8.4770,2.28886023e-05,1.37251510e-05,1.37251628e-05
8.4780,2.28936729e-05,1.37258723e-05,1.37258842e-05
8.4790,2.28987662e-05,1.37265955e-05,1.37266074e-05
8.4800,2.29038821e-05,1.37273204e-05,1.37273323e-05
8.4810,2.29090206e-05,1.37280471e-05,1.37280590e-05
8.4820,2.29141817e-05,1.37287755e-05,1.37287874e-05
8.4830,2.29193655e-05,1.37295057e-05,1.37295176e-05
8.4840,2.29245718e-05,1.37302377e-05,1.37302496e-05
8.4850,2.29298008e-05,1.37309715e-05,1.37309834e-05
8.4860,2.29350524e-05,1.37317070e-05,1.37317189e-05
8.4870,2.29403265e-05,1.37324442e-05,1.37324561e-05
8.4880,2.29456233e-05,1.37331832e-05,1.37331952e-05
8.4890,2.29509428e-05,1.37339240e-05,1.37339359e-05
8.4900,2.29562848e-05,1.37346666e-05,1.37346785e-05
8.4910,2.29616494e-05,1.37354109e-05,1.37354228e-05
8.4920,2.29670366e-05,1.37361569e-05,1.37361688e-05
8.4930,2.29724463e-05,1.37369047e-05,1.37369166e-05
8.4940,2.29778787e-05,1.37376543e-05,1.37376662e-05
8.4950,2.29833337e-05,1.37384056e-05,1.37384175e-05
8.4960,2.29888112e-05,1.37391586e-05,1.37391706e-05
8.4970,2.29943113e-05,1.37399134e-05,1.37399254e-05
8.4980,2.29998340e-05,1.37406700e-05,1.37406819e-05
8.4990,2.30053792e-05,1.37414283e-05,1.37414403e-05
8.5000,2.30109470e-05,1.37421884e-05,1.37422003e-05
8.5010,2.30165373e-05,1.37429502e-05,1.37429621e-05
8.5020,2.30221502e-05,1.37437137e-05,1.37437256e-05
8.5030,2.30277856e-05,1.37444790e-05,1.37444909e-05
8.5040,2.30334435e-05,1.37452460e-05,1.37452580e-05
8.5050,2.30391239e-05,1.37460148e-05,1.37460267e-05
8.5060,2.30448268e-05,1.37467853e-05,1.37467972e-05
8.5070,2.30505523e-05,1.37475575e-05,1.37475695e-05
8.5080,2.30563002e-05,1.37483315e-05,1.37483435e-05
8.5090,2.30620706e-05,1.37491072e-05,1.37491192e-05
8.5100,2.30678634e-05,1.37498846e-05,1.37498966e-05
8.5110,2.30736788e-05,1.37506638e-05,1.37506758e-05
8.5120,2.30795165e-05,1.37514447e-05,1.37514567e-05
8.5130,2.30853767e-05,1.37522274e-05,1.37522394e-05
8.5140,2.30912593e-05,1.37530117e-05,1.37530237e-05
8.5150,2.30971644e-05,1.37537978e-05,1.37538098e-05
8.5160,2.31030918e-05,1.37545857e-05,1.37545976e-05
8.5170,2.31090416e-05,1.37553752e-05,1.37553872e-05
8.5180,2.31150138e-05,1.37561665e-05,1.37561785e-05
8.5190,2.31210083e-05,1.37569595e-05,1.37569715e-05
8.5200,2.31270252e-05,1.37577542e-05,1.37577662e-05
8.5210,2.31330644e-05,1.37585506e-05,1.37585626e-05
8.5220,2.31391260e-05,1.37593488e-05,1.37593608e-05
8.5230,2.31452098e-05,1.37601486e-05,1.37601606e-05
8.5240,2.31513159e-05,1.37609502e-05,1.37609622e-05
8.5250,2.31574443e-05,1.37617535e-05,1.37617655e-05
8.5260,2.31635949e-05,1.37625585e-05,1.37625705e-05
8.5270,2.31697678e-05,1.37633652e-05,1.37633772e-05
8.5280,2.31759629e-05,1.37641737e-05,1.37641857e-05
8.5290,2.31821802e-05,1.37649838e-05,1.37649958e-05
8.5300,2.31884197e-05,1.37657956e-05,1.37658077e-05
8.5310,2.31946814e-05,1.37666092e-05,1.37666212e-05
8.5320,2.32009652e-05,1.37674244e-05,1.37674365e-05
8.5330,2.32072711e-05,1.37682414e-05,1.37682534e-05
8.5340,2.32135992e-05,1.37690600e-05,1.37690721e-05
8.5350,2.32199493e-05,1.37698804e-05,1.37698924e-05
8.5360,2.32263215e-05,1.37707024e-05,1.37707145e-05
8.5370,2.32327158e-05,1.37715262e-05,1.37715382e-05
8.5380,2.32391321e-05,1.37723516e-05,1.37723637e-05
8.5390,2.32455704e-05,1.37731787e-05,1.37731908e-05
8.5400,2.32520306e-05,1.37740076e-05,1.37740196e-05
8.5410,2.32585129e-05,1.37748381e-05,1.37748501e-05
8.5420,2.32650171e-05,1.37756703e-05,1.37756823e-05
8.5430,2.32715432e-05,1.37765042e-05,1.37765162e-05
8.5440,2.32780912e-05,1.37773397e-05,1.37773518e-05
8.5450,2.32846611e-05,1.37781770e-05,1.37781890e-05
8.5460,2.32912528e-05,1.37790159e-05,1.37790280e-05
8.5470,2.32978663e-05,1.37798565e-05,1.37798686e-05
8.5480,2.33045017e-05,1.37806988e-05,1.37807109e-05
8.5490,2.33111588e-05,1.37815428e-05,1.37815549e-05
8.5500,2.33178376e-05,1.37823884e-05,1.37824005e-05
8.5510,2.33245382e-05,1.37832358e-05,1.37832478e-05
8.5520,2.33312605e-05,1.37840847e-05,1.37840968e-05
8.5530,2.33380044e-05,1.37849354e-05,1.37849475e-05
8.5540,2.33447700e-05,1.37857877e-05,1.37857998e-05
8.5550,2.33515572e-05,1.37866417e-05,1.37866538e-05
8.5560,2.33583659e-05,1.37874974e-05,1.37875095e-05
8.5570,2.33651962e-05,1.37883547e-05,1.37883668e-05
8.5580,2.33720481e-05,1.37892137e-05,1.37892258e-05
8.5590,2.33789214e-05,1.37900743e-05,1.37900864e-05
8.5600,2.33858162e-05,1.37909366e-05,1.37909487e-05
8.5610,2.33927324e-05,1.37918006e-05,1.37918127e-05
8.5620,2.33996701e-05,1.37926662e-05,1.37926783e-05
8.5630,2.34066291e-05,1.37935334e-05,1.37935456e-05
8.5640,2.34136094e-05,1.37944024e-05,1.37944145e-05
8.5650,2.34206111e-05,1.37952729e-05,1.37952850e-05
8.5660,2.34276340e-05,1.37961451e-05,1.37961572e-05
8.5670,2.34346781e-05,1.37970190e-05,1.37970311e-05
8.5680,2.34417435e-05,1.37978945e-05,1.37979066e-05
8.5690,2.34488300e-05,1.37987716e-05,1.37987837e-05
8.5700,2.34559377e-05,1.37996504e-05,1.37996625e-05
8.5710,2.34630664e-05,1.38005308e-05,1.38005429e-05
8.5720,2.34702163e-05,1.38014128e-05,1.38014250e-05
8.5730,2.34773871e-05,1.38022965e-05,1.38023087e-05
8.5740,2.34845790e-05,1.38031818e-05,1.38031940e-05
8.5750,2.34917918e-05,1.38040688e-05,1.38040809e-05
8.5760,2.34990255e-05,1.38049573e-05,1.38049695e-05
8.5770,2.35062801e-05,1.38058475e-05,1.38058597e-05
8.5780,2.35135555e-05,1.38067394e-05,1.38067515e-05
8.5790,2.35208518e-05,1.38076328e-05,1.38076450e-05
8.5800,2.35281688e-05,1.38085279e-05,1.38085400e-05
8.5810,2.35355065e-05,1.38094245e-05,1.38094367e-05
8.5820,2.35428649e-05,1.38103228e-05,1.38103350e-05
8.5830,2.35502439e-05,1.38112228e-05,1.38112349e-05
8.5840,2.35576436e-05,1.38121243e-05,1.38121364e-05
8.5850,2.35650638e-05,1.38130274e-05,1.38130396e-05
8.5860,2.35725045e-05,1.38139321e-05,1.38139443e-05
8.5870,2.35799657e-05,1.38148385e-05,1.38148507e-05
8.5880,2.35874473e-05,1.38157464e-05,1.38157586e-05
8.5890,2.35949493e-05,1.38166560e-05,1.38166682e-05
8.5900,2.36024716e-05,1.38175671e-05,1.38175793e-05
8.5910,2.36100143e-05,1.38184799e-05,1.38184921e-05
8.5920,2.36175772e-05,1.38193942e-05,1.38194064e-05
8.5930,2.36251602e-05,1.38203102e-05,1.38203224e-05
8.5940,2.36327635e-05,1.38212277e-05,1.38212399e-05
8.5950,2.36403868e-05,1.38221468e-05,1.38221590e-05
8.5960,2.36480303e-05,1.38230675e-05,1.38230797e-05
8.5970,2.36556937e-05,1.38239898e-05,1.38240020e-05
8.5980,2.36633771e-05,1.38249137e-05,1.38249259e-05
8.5990,2.36710804e-05,1.38258391e-05,1.38258513e-05
8.6000,2.36788036e-05,1.38267662e-05,1.38267784e-05
8.6010,2.36865466e-05,1.38276948e-05,1.38277070e-05
8.6020,2.36943094e-05,1.38286249e-05,1.38286371e-05
8.6030,2.37020918e-05,1.38295567e-05,1.38295689e-05
8.6040,2.37098940e-05,1.38304900e-05,1.38305022e-05
8.6050,2.37177158e-05,1.38314249e-05,1.38314371e-05
8.6060,2.37255571e-05,1.38323613e-05,1.38323736e-05
8.6070,2.37334179e-05,1.38332994e-05,1.38333116e-05
8.6080,2.37412982e-05,1.38342389e-05,1.38342511e-05
8.6090,2.37491979e-05,1.38351801e-05,1.38351923e-05
8.6100,2.37571169e-05,1.38361227e-05,1.38361350e-05
8.6110,2.37650552e-05,1.38370670e-05,1.38370792e-05
8.6120,2.37730128e-05,1.38380128e-05,1.38380250e-05
8.6130,2.37809895e-05,1.38389601e-05,1.38389723e-05
8.6140,2.37889853e-05,1.38399090e-05,1.38399212e-05
8.6150,2.37970002e-05,1.38408594e-05,1.38408717e-05
8.6160,2.38050341e-05,1.38418114e-05,1.38418236e-05
8.6170,2.38130870e-05,1.38427649e-05,1.38427771e-05
8.6180,2.38211587e-05,1.38437199e-05,1.38437322e-05
8.6190,2.38292493e-05,1.38446765e-05,1.38446888e-05
8.6200,2.38373587e-05,1.38456346e-05,1.38456469e-05
8.6210,2.38454867e-05,1.38465943e-05,1.38466065e-05
8.6220,2.38536334e-05,1.38475554e-05,1.38475677e-05
8.6230,2.38617987e-05,1.38485181e-05,1.38485304e-05
8.6240,2.38699825e-05,1.38494823e-05,1.38494946e-05
8.6250,2.38781847e-05,1.38504481e-05,1.38504603e-05
8.6260,2.38864054e-05,1.38514153e-05,1.38514276e-05
8.6270,2.38946443e-05,1.38523841e-05,1.38523964e-05
8.6280,2.39029016e-05,1.38533544e-05,1.38533666e-05
8.6290,2.39111770e-05,1.38543262e-05,1.38543384e-05
8.6300,2.39194706e-05,1.38552995e-05,1.38553117e-05
8.6310,2.39277823e-05,1.38562742e-05,1.38562865e-05
8.6320,2.39361119e-05,1.38572505e-05,1.38572628e-05
8.6330,2.39444595e-05,1.38582283e-05,1.38582406e-05
8.6340,2.39528250e-05,1.38592076e-05,1.38592199e-05
8.6350,2.39612082e-05,1.38601884e-05,1.38602007e-05
8.6360,2.39696092e-05,1.38611707e-05,1.38611830e-05
8.6370,2.39780278e-05,1.38621545e-05,1.38621668e-05
8.6380,2.39864641e-05,1.38631397e-05,1.38631520e-05
8.6390,2.39949178e-05,1.38641265e-05,1.38641388e-05
8.6400,2.40033890e-05,1.38651147e-05,1.38651270e-05
8.6410,2.40118776e-05,1.38661044e-05,1.38661167e-05
8.6420,2.40203835e-05,1.38670956e-05,1.38671079e-05
8.6430,2.40289066e-05,1.38680882e-05,1.38681005e-05
8.6440,2.40374468e-05,1.38690824e-05,1.38690947e-05
8.6450,2.40460041e-05,1.38700779e-05,1.38700902e-05
8.6460,2.40545785e-05,1.38710750e-05,1.38710873e-05
8.6470,2.40631698e-05,1.38720735e-05,1.38720858e-05
8.6480,2.40717779e-05,1.38730735e-05,1.38730858e-05
8.6490,2.40804028e-05,1.38740749e-05,1.38740872e-05
8.6500,2.40890444e-05,1.38750778e-05,1.38750901e-05
8.6510,2.40977026e-05,1.38760821e-05,1.38760944e-05
8.6520,2.41063774e-05,1.38770879e-05,1.38771002e-05
8.6530,2.41150686e-05,1.38780952e-05,1.38781075e-05
8.6540,2.41237763e-05,1.38791038e-05,1.38791161e-05
8.6550,2.41325002e-05,1.38801139e-05,1.38801263e-05
8.6560,2.41412403e-05,1.38811255e-05,1.38811378e-05
8.6570,2.41499966e-05,1.38821385e-05,1.38821508e-05
8.6580,2.41587690e-05,1.38831529e-05,1.38831652e-05
8.6590,2.41675573e-05,1.38841687e-05,1.38841811e-05
8.6600,2.41763616e-05,1.38851860e-05,1.38851983e-05
8.6610,2.41851816e-05,1.38862047e-05,1.38862170e-05
8.6620,2.41940174e-05,1.38872248e-05,1.38872372e-05
8.6630,2.42028688e-05,1.38882464e-05,1.38882587e-05
8.6640,2.42117358e-05,1.38892693e-05,1.38892816e-05
8.6650,2.42206182e-05,1.38902937e-05,1.38903060e-05
8.6660,2.42295160e-05,1.38913194e-05,1.38913318e-05
8.6670,2.42384291e-05,1.38923466e-05,1.38923589e-05
8.6680,2.42473575e-05,1.38933752e-05,1.38933875e-05
8.6690,2.42563009e-05,1.38944051e-05,1.38944175e-05
8.6700,2.42652594e-05,1.38954365e-05,1.38954489e-05
8.6710,2.42742328e-05,1.38964693e-05,1.38964816e-05
8.6720,2.42832211e-05,1.38975034e-05,1.38975158e-05
8.6730,2.42922241e-05,1.38985390e-05,1.38985513e-05
8.6740,2.43012418e-05,1.38995759e-05,1.38995882e-05
8.6750,2.43102741e-05,1.39006142e-05,1.39006265e-05
8.6760,2.43193209e-05,1.39016539e-05,1.39016662e-05
8.6770,2.43283820e-05,1.39026949e-05,1.39027073e-05
8.6780,2.43374575e-05,1.39037374e-05,1.39037497e-05
8.6790,2.43465471e-05,1.39047812e-05,1.39047935e-05
8.6800,2.43556509e-05,1.39058263e-05,1.39058387e-05
8.6810,2.43647686e-05,1.39068729e-05,1.39068852e-05
8.6820,2.43739003e-05,1.39079208e-05,1.39079331e-05
8.6830,2.43830458e-05,1.39089700e-05,1.39089824e-05
8.6840,2.43922050e-05,1.39100206e-05,1.39100330e-05
8.6850,2.44013778e-05,1.39110725e-05,1.39110849e-05
8.6860,2.44105642e-05,1.39121258e-05,1.39121382e-05
8.6870,2.44197640e-05,1.39131805e-05,1.39131928e-05
8.6880,2.44289771e-05,1.39142365e-05,1.39142488e-05
8.6890,2.44382034e-05,1.39152938e-05,1.39153061e-05
8.6900,2.44474429e-05,1.39163524e-05,1.39163648e-05
8.6910,2.44566953e-05,1.39174124e-05,1.39174248e-05
8.6920,2.44659607e-05,1.39184737e-05,1.39184861e-05
8.6930,2.44752389e-05,1.39195363e-05,1.39195487e-05
8.6940,2.44845298e-05,1.39206003e-05,1.39206127e-05
8.6950,2.44938333e-05,1.39216656e-05,1.39216780e-05
8.6960,2.45031493e-05,1.39227322e-05,1.39227445e-05
8.6970,2.45124777e-05,1.39238001e-05,1.39238124e-05
8.6980,2.45218184e-05,1.39248693e-05,1.39248816e-05
8.6990,2.45311713e-05,1.39259398e-05,1.39259522e-05
8.7000,2.45405363e-05,1.39270116e-05,1.39270240e-05
8.7010,2.45499132e-05,1.39280847e-05,1.39280971e-05
8.7020,2.45593020e-05,1.39291591e-05,1.39291715e-05
8.7030,2.45687025e-05,1.39302348e-05,1.39302472e-05
8.7040,2.45781147e-05,1.39313118e-05,1.39313242e-05
8.7050,2.45875384e-05,1.39323900e-05,1.39324024e-05
8.7060,2.45969736e-05,1.39334696e-05,1.39334820e-05
8.7070,2.46064200e-05,1.39345504e-05,1.39345628e-05
8.7080,2.46158777e-05,1.39356325e-05,1.39356449e-05
8.7090,2.46253464e-05,1.39367159e-05,1.39367283e-05
8.7100,2.46348261e-05,1.39378005e-05,1.39378129e-05
8.7110,2.46443166e-05,1.39388864e-05,1.39388988e-05
8.7120,2.46538179e-05,1.39399735e-05,1.39399860e-05
8.7130,2.46633299e-05,1.39410620e-05,1.39410744e-05
8.7140,2.46728523e-05,1.39421516e-05,1.39421640e-05
8.7150,2.46823852e-05,1.39432425e-05,1.39432549e-05
8.7160,2.46919283e-05,1.39443347e-05,1.39443471e-05
8.7170,2.47014816e-05,1.39454281e-05,1.39454405e-05
8.7180,2.47110449e-05,1.39465227e-05,1.39465352e-05
8.7190,2.47206182e-05,1.39476186e-05,1.39476310e-05
8.7200,2.47302012e-05,1.39487157e-05,1.39487281e-05
8.7210,2.47397940e-05,1.39498140e-05,1.39498265e-05
8.7220,2.47493963e-05,1.39509136e-05,1.39509260e-05
8.7230,2.47590081e-05,1.39520144e-05,1.39520268e-05
8.7240,2.47686293e-05,1.39531164e-05,1.39531288e-05
8.7250,2.47782596e-05,1.39542196e-05,1.39542320e-05
8.7260,2.47878990e-05,1.39553240e-05,1.39553364e-05
8.7270,2.47975474e-05,1.39564296e-05,1.39564421e-05
8.7280,2.48072046e-05,1.39575365e-05,1.39575489e-05
8.7290,2.48168705e-05,1.39586445e-05,1.39586569e-05
8.7300,2.48265450e-05,1.39597537e-05,1.39597661e-05
8.7310,2.48362280e-05,1.39608641e-05,1.39608765e-05
8.7320,2.48459193e-05,1.39619757e-05,1.39619881e-05
8.7330,2.48556189e-05,1.39630885e-05,1.39631009e-05
8.7340,2.48653265e-05,1.39642024e-05,1.39642149e-05
8.7350,2.48750421e-05,1.39653176e-05,1.39653300e-05
8.7360,2.48847655e-05,1.39664339e-05,1.39664463e-05
8.7370,2.48944966e-05,1.39675513e-05,1.39675638e-05
8.7380,2.49042354e-05,1.39686700e-05,1.39686824e-05
8.7390,2.49139815e-05,1.39697898e-05,1.39698022e-05
8.7400,2.49237350e-05,1.39709107e-05,1.39709232e-05
8.7410,2.49334957e-05,1.39720328e-05,1.39720453e-05
8.7420,2.49432634e-05,1.39731561e-05,1.39731686e-05
8.7430,2.49530380e-05,1.39742805e-05,1.39742930e-05
8.7440,2.49628195e-05,1.39754060e-05,1.39754185e-05
8.7450,2.49726076e-05,1.39765327e-05,1.39765452e-05
8.7460,2.49824022e-05,1.39776605e-05,1.39776730e-05
8.7470,2.49922033e-05,1.39787895e-05,1.39788019e-05
8.7480,2.50020106e-05,1.39799195e-05,1.39799320e-05
8.7490,2.50118240e-05,1.39810507e-05,1.39810632e-05
8.7500,2.50216435e-05,1.39821830e-05,1.39821955e-05
8.7510,2.50314687e-05,1.39833165e-05,1.39833289e-05
8.7520,2.50412998e-05,1.39844510e-05,1.39844634e-05
8.7530,2.50511364e-05,1.39855866e-05,1.39855991e-05
8.7540,2.50609784e-05,1.39867233e-05,1.39867358e-05
8.7550,2.50708258e-05,1.39878612e-05,1.39878736e-05
8.7560,2.50806783e-05,1.39890001e-05,1.39890126e-05
8.7570,2.50905359e-05,1.39901401e-05,1.39901526e-05
8.7580,2.51003984e-05,1.39912812e-05,1.39912937e-05
8.7590,2.51102657e-05,1.39924234e-05,1.39924358e-05
8.7600,2.51201376e-05,1.39935666e-05,1.39935791e-05
8.7610,2.51300139e-05,1.39947110e-05,1.39947234e-05
8.7620,2.51398946e-05,1.39958563e-05,1.39958688e-05
8.7630,2.51497796e-05,1.39970028e-05,1.39970153e-05
8.7640,2.51596685e-05,1.39981503e-05,1.39981628e-05
8.7650,2.51695615e-05,1.39992989e-05,1.39993114e-05
8.7660,2.51794581e-05,1.40004485e-05,1.40004610e-05
8.7670,2.51893585e-05,1.40015992e-05,1.40016117e-05
8.7680,2.51992623e-05,1.40027509e-05,1.40027634e-05
8.7690,2.52091695e-05,1.40039037e-05,1.40039161e-05
8.7700,2.52190798e-05,1.40050575e-05,1.40050699e-05
8.7710,2.52289933e-05,1.40062123e-05,1.40062248e-05
8.7720,2.52389097e-05,1.40073681e-05,1.40073806e-05
8.7730,2.52488288e-05,1.40085250e-05,1.40085375e-05
8.7740,2.52587506e-05,1.40096829e-05,1.40096954e-05
8.7750,2.52686749e-05,1.40108418e-05,1.40108543e-05
8.7760,2.52786015e-05,1.40120017e-05,1.40120142e-05
8.7770,2.52885303e-05,1.40131626e-05,1.40131751e-05
8.7780,2.52984612e-05,1.40143245e-05,1.40143370e-05
8.7790,2.53083939e-05,1.40154874e-05,1.40154999e-05
8.7800,2.53183284e-05,1.40166513e-05,1.40166638e-05
8.7810,2.53282646e-05,1.40178162e-05,1.40178287e-05
8.7820,2.53382022e-05,1.40189821e-05,1.40189946e-05
8.7830,2.53481411e-05,1.40201489e-05,1.40201614e-05
8.7840,2.53580812e-05,1.40213167e-05,1.40213292e-05
8.7850,2.53680223e-05,1.40224855e-05,1.40224980e-05
8.7860,2.53779642e-05,1.40236553e-05,1.40236678e-05
8.7870,2.53879069e-05,1.40248260e-05,1.40248385e-05
8.7880,2.53978502e-05,1.40259976e-05,1.40260101e-05
8.7890,2.54077939e-05,1.40271703e-05,1.40271828e-05
8.7900,2.54177378e-05,1.40283438e-05,1.40283563e-05
8.7910,2.54276819e-05,1.40295183e-05,1.40295309e-05
8.7920,2.54376260e-05,1.40306938e-05,1.40307063e-05
8.7930,2.54475698e-05,1.40318702e-05,1.40318827e-05
8.7940,2.54575134e-05,1.40330475e-05,1.40330600e-05
8.7950,2.54674564e-05,1.40342257e-05,1.40342382e-05
8.7960,2.54773989e-05,1.40354049e-05,1.40354174e-05
8.7970,2.54873405e-05,1.40365849e-05,1.40365974e-05
8.7980,2.54972812e-05,1.40377659e-05,1.40377784e-05
8.7990,2.55072208e-05,1.40389478e-05,1.40389603e-05
8.8000,2.55171592e-05,1.40401306e-05,1.40401431e-05
8.8010,2.55270962e-05,1.40413143e-05,1.40413268e-05
8.8020,2.55370316e-05,1.40424988e-05,1.40425114e-05
8.8030,2.55469654e-05,1.40436843e-05,1.40436968e-05
8.8040,2.55568973e-05,1.40448706e-05,1.40448832e-05
8.8050,2.55668272e-05,1.40460579e-05,1.40460704e-05
8.8060,2.55767549e-05,1.40472460e-05,1.40472585e-05
8.8070,2.55866803e-05,1.40484349e-05,1.40484474e-05
8.8080,2.55966033e-05,1.40496247e-05,1.40496373e-05
8.8090,2.56065236e-05,1.40508154e-05,1.40508279e-05
8.8100,2.56164412e-05,1.40520070e-05,1.40520195e-05
8.8110,2.56263558e-05,1.40531993e-05,1.40532119e-05
8.8120,2.56362674e-05,1.40543926e-05,1.40544051e-05
8.8130,2.56461757e-05,1.40555866e-05,1.40555991e-05
8.8140,2.56560806e-05,1.40567815e-05,1.40567941e-05
8.8150,2.56659820e-05,1.40579773e-05,1.40579898e-05
8.8160,2.56758797e-05,1.40591738e-05,1.40591863e-05
8.8170,2.56857735e-05,1.40603712e-05,1.40603837e-05
8.8180,2.56956634e-05,1.40615694e-05,1.40615819e-05
8.8190,2.57055490e-05,1.40627684e-05,1.40627809e-05
8.8200,2.57154304e-05,1.40639682e-05,1.40639807e-05
8.8210,2.57253073e-05,1.40651688e-05,1.40651813e-05
8.8220,2.57351795e-05,1.40663702e-05,1.40663827e-05
8.8230,2.57450470e-05,1.40675724e-05,1.40675849e-05
8.8240,2.57549096e-05,1.40687754e-05,1.40687879e-05
8.8250,2.57647670e-05,1.40699791e-05,1.40699916e-05
8.8260,2.57746192e-05,1.40711837e-05,1.40711962e-05
8.8270,2.57844660e-05,1.40723890e-05,1.40724015e-05
8.8280,2.57943073e-05,1.40735950e-05,1.40736076e-05
8.8290,2.58041428e-05,1.40748019e-05,1.40748144e-05
8.8300,2.58139725e-05,1.40760094e-05,1.40760220e-05
8.8310,2.58237961e-05,1.40772178e-05,1.40772303e-05
8.8320,2.58336136e-05,1.40784268e-05,1.40784394e-05
8.8330,2.58434247e-05,1.40796367e-05,1.40796492e-05
8.8340,2.58532294e-05,1.40808472e-05,1.40808598e-05
8.8350,2.58630274e-05,1.40820585e-05,1.40820710e-05
8.8360,2.58728186e-05,1.40832705e-05,1.40832830e-05
8.8370,2.58826029e-05,1.40844832e-05,1.40844958e-05
8.8380,2.58923801e-05,1.40856967e-05,1.40857092e-05
8.8390,2.59021500e-05,1.40869108e-05,1.40869234e-05
8.8400,2.59119125e-05,1.40881257e-05,1.40881382e-05
8.8410,2.59216675e-05,1.40893412e-05,1.40893538e-05
8.8420,2.59314147e-05,1.40905575e-05,1.40905700e-05
8.8430,2.59411541e-05,1.40917744e-05,1.40917870e-05
8.8440,2.59508854e-05,1.40929920e-05,1.40930046e-05
8.8450,2.59606085e-05,1.40942103e-05,1.40942229e-05
8.8460,2.59703234e-05,1.40954293e-05,1.40954418e-05
8.8470,2.59800297e-05,1.40966489e-05,1.40966615e-05
8.8480,2.59897274e-05,1.40978692e-05,1.40978818e-05
8.8490,2.59994163e-05,1.40990902e-05,1.40991027e-05
8.8500,2.60090963e-05,1.41003118e-05,1.41003243e-05
8.8510,2.60187671e-05,1.41015341e-05,1.41015466e-05
8.8520,2.60284288e-05,1.41027570e-05,1.41027695e-05
8.8530,2.60380810e-05,1.41039805e-05,1.41039930e-05
8.8540,2.60477237e-05,1.41052046e-05,1.41052172e-05
8.8550,2.60573566e-05,1.41064294e-05,1.41064420e-05
8.8560,2.60669798e-05,1.41076548e-05,1.41076674e-05
8.8570,2.60765929e-05,1.41088808e-05,1.41088934e-05
8.8580,2.60861959e-05,1.41101075e-05,1.41101200e-05
8.8590,2.60957885e-05,1.41113347e-05,1.41113472e-05
8.8600,2.61053707e-05,1.41125625e-05,1.41125751e-05
8.8610,2.61149424e-05,1.41137909e-05,1.41138035e-05
8.8620,2.61245032e-05,1.41150199e-05,1.41150325e-05
8.8630,2.61340532e-05,1.41162495e-05,1.41162621e-05
8.8640,2.61435921e-05,1.41174797e-05,1.41174922e-05
8.8650,2.61531198e-05,1.41187104e-05,1.41187230e-05
8.8660,2.61626362e-05,1.41199417e-05,1.41199543e-05
8.8670,2.61721410e-05,1.41211736e-05,1.41211861e-05
8.8680,2.61816343e-05,1.41224060e-05,1.41224185e-05
8.8690,2.61911157e-05,1.41236389e-05,1.41236515e-05
8.8700,2.62005853e-05,1.41248724e-05,1.41248850e-05
8.8710,2.62100427e-05,1.41261065e-05,1.41261190e-05
8.8720,2.62194879e-05,1.41273410e-05,1.41273536e-05
8.8730,2.62289208e-05,1.41285761e-05,1.41285887e-05
8.8740,2.62383411e-05,1.41298117e-05,1.41298243e-05
8.8750,2.62477488e-05,1.41310478e-05,1.41310604e-05
8.8760,2.62571437e-05,1.41322845e-05,1.41322970e-05
8.8770,2.62665257e-05,1.41335216e-05,1.41335342e-05
8.8780,2.62758945e-05,1.41347592e-05,1.41347718e-05
8.8790,2.62852502e-05,1.41359974e-05,1.41360099e-05
8.8800,2.62945924e-05,1.41372360e-05,1.41372485e-05
8.8810,2.63039212e-05,1.41384751e-05,1.41384876e-05
8.8820,2.63132363e-05,1.41397146e-05,1.41397272e-05
8.8830,2.63225376e-05,1.41409547e-05,1.41409672e-05
8.8840,2.63318250e-05,1.41421952e-05,1.41422077e-05
8.8850,2.63410983e-05,1.41434361e-05,1.41434487e-05
8.8860,2.63503574e-05,1.41446775e-05,1.41446901e-05
8.8870,2.63596021e-05,1.41459194e-05,1.41459319e-05
8.8880,2.63688324e-05,1.41471617e-05,1.41471742e-05
8.8890,2.63780481e-05,1.41484044e-05,1.41484169e-05
8.8900,2.63872490e-05,1.41496475e-05,1.41496601e-05
8.8910,2.63964350e-05,1.41508911e-05,1.41509037e-05
8.8920,2.64056059e-05,1.41521351e-05,1.41521476e-05
8.8930,2.64147617e-05,1.41533795e-05,1.41533920e-05
8.8940,2.64239023e-05,1.41546243e-05,1.41546368e-05
8.8950,2.64330273e-05,1.41558695e-05,1.41558821e-05
8.8960,2.64421369e-05,1.41571151e-05,1.41571276e-05
8.8970,2.64512307e-05,1.41583611e-05,1.41583736e-05
8.8980,2.64603087e-05,1.41596074e-05,1.41596200e-05
8.8990,2.64693707e-05,1.41608542e-05,1.41608667e-05
8.9000,2.64784167e-05,1.41621013e-05,1.41621138e-05
8.9010,2.64874464e-05,1.41633487e-05,1.41633613e-05
8.9020,2.64964599e-05,1.41645966e-05,1.41646091e-05
8.9030,2.65054568e-05,1.41658447e-05,1.41658573e-05
8.9040,2.65144371e-05,1.41670933e-05,1.41671058e-05
8.9050,2.65234007e-05,1.41683421e-05,1.41683547e-05
8.9060,2.65323475e-05,1.41695913e-05,1.41696039e-05
8.9070,2.65412773e-05,1.41708408e-05,1.41708534e-05
8.9080,2.65501900e-05,1.41720907e-05,1.41721032e-05
8.9090,2.65590854e-05,1.41733408e-05,1.41733534e-05
8.9100,2.65679635e-05,1.41745913e-05,1.41746038e-05
8.9110,2.65768242e-05,1.41758421e-05,1.41758546e-05
8.9120,2.65856673e-05,1.41770931e-05,1.41771057e-05
8.9130,2.65944926e-05,1.41783445e-05,1.41783570e-05
8.9140,2.66033001e-05,1.41795961e-05,1.41796087e-05
8.9150,2.66120897e-05,1.41808480e-05,1.41808606e-05
8.9160,2.66208612e-05,1.41821002e-05,1.41821127e-05
8.9170,2.66296145e-05,1.41833526e-05,1.41833652e-05
8.9180,2.66383496e-05,1.41846054e-05,1.41846179e-05
8.9190,2.66470662e-05,1.41858583e-05,1.41858709e-05
8.9200,2.66557643e-05,1.41871115e-05,1.41871241e-05
8.9210,2.66644437e-05,1.41883650e-05,1.41883775e-05
8.9220,2.66731044e-05,1.41896186e-05,1.41896312e-05
8.9230,2.66817462e-05,1.41908726e-05,1.41908851e-05
8.9240,2.66903691e-05,1.41921267e-05,1.41921392e-05
8.9250,2.66989728e-05,1.41933810e-05,1.41933936e-05
8.9260,2.67075574e-05,1.41946356e-05,1.41946481e-05
8.9270,2.67161227e-05,1.41958904e-05,1.41959029e-05
8.9280,2.67246685e-05,1.41971453e-05,1.41971579e-05
8.9290,2.67331948e-05,1.41984005e-05,1.41984130e-05
8.9300,2.67417015e-05,1.41996558e-05,1.41996683e-05
8.9310,2.67501885e-05,1.42009113e-05,1.42009238e-05
8.9320,2.67586556e-05,1.42021670e-05,1.42021795e-05
8.9330,2.67671028e-05,1.42034228e-05,1.42034354e-05
8.9340,2.67755299e-05,1.42046788e-05,1.42046914e-05
8.9350,2.67839369e-05,1.42059350e-05,1.42059475e-05
8.9360,2.67923237e-05,1.42071913e-05,1.42072038e-05
8.9370,2.68006901e-05,1.42084477e-05,1.42084603e-05
8.9380,2.68090361e-05,1.42097043e-05,1.42097168e-05
8.9390,2.68173615e-05,1.42109610e-05,1.42109735e-05
8.9400,2.68256663e-05,1.42122178e-05,1.42122303e-05
8.9410,2.68339504e-05,1.42134747e-05,1.42134873e-05
8.9420,2.68422137e-05,1.42147318e-05,1.42147443e-05
8.9430,2.68504560e-05,1.42159889e-05,1.42160015e-05
8.9440,2.68586774e-05,1.42172461e-05,1.42172587e-05
8.9450,2.68668776e-05,1.42185035e-05,1.42185160e-05
8.9460,2.68750566e-05,1.42197609e-05,1.42197734e-05
8.9470,2.68832144e-05,1.42210183e-05,1.42210309e-05
8.9480,2.68913508e-05,1.42222759e-05,1.42222884e-05
8.9490,2.68994658e-05,1.42235335e-05,1.42235460e-05
8.9500,2.69075592e-05,1.42247911e-05,1.42248037e-05
8.9510,2.69156310e-05,1.42260488e-05,1.42260614e-05
8.9520,2.69236810e-05,1.42273066e-05,1.42273191e-05
8.9530,2.69317093e-05,1.42285644e-05,1.42285769e-05
8.9540,2.69397157e-05,1.42298222e-05,1.42298347e-05
8.9550,2.69477002e-05,1.42310800e-05,1.42310926e-05
8.9560,2.69556626e-05,1.42323379e-05,1.42323504e-05
8.9570,2.69636029e-05,1.42335957e-05,1.42336083e-05
8.9580,2.69715211e-05,1.42348536e-05,1.42348661e-05
8.9590,2.69794169e-05,1.42361114e-05,1.42361240e-05
8.9600,2.69872904e-05,1.42373693e-05,1.42373818e-05
8.9610,2.69951415e-05,1.42386271e-05,1.42386396e-05
8.9620,2.70029701e-05,1.42398849e-05,1.42398974e-05
8.9630,2.70107761e-05,1.42411426e-05,1.42411552e-05
8.9640,2.70185596e-05,1.42424004e-05,1.42424129e-05
8.9650,2.70263203e-05,1.42436581e-05,1.42436706e-05
8.9660,2.70340582e-05,1.42449157e-05,1.42449282e-05
8.9670,2.70417733e-05,1.42461732e-05,1.42461858e-05
8.9680,2.70494655e-05,1.42474308e-05,1.42474433e-05
8.9690,2.70571347e-05,1.42486882e-05,1.42487007e-05
8.9700,2.70647808e-05,1.42499455e-05,1.42499581e-05
8.9710,2.70724039e-05,1.42512028e-05,1.42512153e-05
8.9720,2.70800038e-05,1.42524600e-05,1.42524725e-05
8.9730,2.70875805e-05,1.42537171e-05,1.42537296e-05
8.9740,2.70951339e-05,1.42549740e-05,1.42549866e-05
8.9750,2.71026640e-05,1.42562309e-05,1.42562434e-05
8.9760,2.71101707e-05,1.42574876e-05,1.42575001e-05
8.9770,2.71176539e-05,1.42587442e-05,1.42587568e-05
8.9780,2.71251136e-05,1.42600007e-05,1.42600132e-05
8.9790,2.71325497e-05,1.42612570e-05,1.42612696e-05
8.9800,2.71399623e-05,1.42625132e-05,1.42625257e-05
8.9810,2.71473511e-05,1.42637692e-05,1.42637818e-05
8.9820,2.71547163e-05,1.42650251e-05,1.42650376e-05
8.9830,2.71620576e-05,1.42662808e-05,1.42662933e-05
8.9840,2.71693752e-05,1.42675363e-05,1.42675489e-05
8.9850,2.71766688e-05,1.42687917e-05,1.42688042e-05
8.9860,2.71839386e-05,1.42700468e-05,1.42700594e-05
8.9870,2.71911844e-05,1.42713018e-05,1.42713143e-05
8.9880,2.71984063e-05,1.42725565e-05,1.42725691e-05
8.9890,2.72056040e-05,1.42738111e-05,1.42738236e-05
8.9900,2.72127777e-05,1.42750654e-05,1.42750779e-05
8.9910,2.72199273e-05,1.42763195e-05,1.42763320e-05
8.9920,2.72270527e-05,1.42775734e-05,1.42775859e-05
8.9930,2.72341539e-05,1.42788270e-05,1.42788395e-05
8.9940,2.72412309e-05,1.42800804e-05,1.42800929e-05
8.9950,2.72482836e-05,1.42813335e-05,1.42813461e-05
8.9960,2.72553120e-05,1.42825864e-05,1.42825989e-05
8.9970,2.72623160e-05,1.42838390e-05,1.42838516e-05
8.9980,2.72692957e-05,1.42850914e-05,1.42851039e-05
8.9990,2.72762510e-05,1.42863434e-05,1.42863559e-05
9.0000,2.72831818e-05,1.42875952e-05,1.42876077e-05
9.0010,2.72900882e-05,1.42888467e-05,1.42888592e-05
9.0020,2.72969701e-05,1.42900978e-05,1.42901104e-05
9.0030,2.73038275e-05,1.42913487e-05,1.42913612e-05
9.0040,2.73106604e-05,1.42925992e-05,1.42926118e-05
9.0050,2.73174686e-05,1.42938495e-05,1.42938620e-05
9.0060,2.73242523e-05,1.42950993e-05,1.42951119e-05
9.0070,2.73310114e-05,1.42963489e-05,1.42963614e-05
9.0080,2.73377459e-05,1.42975981e-05,1.42976106e-05
9.0090,2.73444557e-05,1.42988470e-05,1.42988595e-05
9.0100,2.73511409e-05,1.43000955e-05,1.43001080e-05
9.0110,2.73578014e-05,1.43013436e-05,1.43013561e-05
9.0120,2.73644372e-05,1.43025914e-05,1.43026039e-05
9.0130,2.73710482e-05,1.43038387e-05,1.43038513e-05
9.0140,2.73776346e-05,1.43050857e-05,1.43050983e-05
9.0150,2.73841962e-05,1.43063323e-05,1.43063449e-05
9.0160,2.73907331e-05,1.43075785e-05,1.43075911e-05
9.0170,2.73972452e-05,1.43088243e-05,1.43088368e-05
9.0180,2.74037325e-05,1.43100697e-05,1.43100822e-05
9.0190,2.74101951e-05,1.43113146e-05,1.43113272e-05
9.0200,2.74166329e-05,1.43125591e-05,1.43125717e-05
9.0210,2.74230459e-05,1.43138032e-05,1.43138157e-05
9.0220,2.74294341e-05,1.43150469e-05,1.43150594e-05
9.0230,2.74357975e-05,1.43162900e-05,1.43163026e-05
9.0240,2.74421362e-05,1.43175327e-05,1.43175453e-05
9.0250,2.74484500e-05,1.43187750e-05,1.43187875e-05
9.0260,2.74547391e-05,1.43200168e-05,1.43200293e-05
9.0270,2.74610033e-05,1.43212581e-05,1.43212706e-05
9.0280,2.74672428e-05,1.43224989e-05,1.43225114e-05
9.0290,2.74734575e-05,1.43237392e-05,1.43237517e-05
9.0300,2.74796474e-05,1.43249790e-05,1.43249915e-05
9.0310,2.74858125e-05,1.43262183e-05,1.43262308e-05
9.0320,2.74919529e-05,1.43274570e-05,1.43274696e-05
9.0330,2.74980685e-05,1.43286953e-05,1.43287078e-05
9.0340,2.75041594e-05,1.43299330e-05,1.43299455e-05
9.0350,2.75102255e-05,1.43311702e-05,1.43311827e-05
9.0360,2.75162669e-05,1.43324068e-05,1.43324193e-05
9.0370,2.75222836e-05,1.43336429e-05,1.43336554e-05
9.0380,2.75282756e-05,1.43348784e-05,1.43348909e-05
9.0390,2.75342429e-05,1.43361133e-05,1.43361258e-05
9.0400,2.75401855e-05,1.43373476e-05,1.43373602e-05
9.0410,2.75461035e-05,1.43385814e-05,1.43385939e-05
9.0420,2.75519968e-05,1.43398146e-05,1.43398271e-05
9.0430,2.75578656e-05,1.43410472e-05,1.43410597e-05
9.0440,2.75637097e-05,1.43422791e-05,1.43422917e-05
9.0450,2.75695293e-05,1.43435105e-05,1.43435230e-05
9.0460,2.75753243e-05,1.43447412e-05,1.43447537e-05
9.0470,2.75810948e-05,1.43459713e-05,1.43459838e-05
9.0480,2.75868408e-05,1.43472008e-05,1.43472133e-05
9.0490,2.75925623e-05,1.43484296e-05,1.43484421e-05
9.0500,2.75982593e-05,1.43496578e-05,1.43496703e-05
9.0510,2.76039320e-05,1.43508853e-05,1.43508978e-05
9.0520,2.76095802e-05,1.43521121e-05,1.43521247e-05
9.0530,2.76152041e-05,1.43533383e-05,1.43533508e-05
9.0540,2.76208037e-05,1.43545638e-05,1.43545763e-05
9.0550,2.76263789e-05,1.43557886e-05,1.43558011e-05
9.0560,2.76319299e-05,1.43570127e-05,1.43570252e-05
9.0570,2.76374567e-05,1.43582361e-05,1.43582486e-05
9.0580,2.76429592e-05,1.43594588e-05,1.43594713e-05
9.0590,2.76484376e-05,1.43606807e-05,1.43606932e-05
9.0600,2.76538919e-05,1.43619020e-05,1.43619145e-05
9.0610,2.76593220e-05,1.43631225e-05,1.43631350e-05
9.0620,2.76647281e-05,1.43643422e-05,1.43643547e-05
9.0630,2.76701103e-05,1.43655612e-05,1.43655738e-05
9.0640,2.76754684e-05,1.43667795e-05,1.43667920e-05
9.0650,2.76808026e-05,1.43679970e-05,1.43680095e-05
9.0660,2.76861129e-05,1.43692137e-05,1.43692262e-05
9.0670,2.76913994e-05,1.43704296e-05,1.43704421e-05
9.0680,2.76966621e-05,1.43716448e-05,1.43716573e-05
9.0690,2.77019010e-05,1.43728591e-05,1.43728716e-05
9.0700,2.77071163e-05,1.43740727e-05,1.43740852e-05
9.0710,2.77123078e-05,1.43752854e-05,1.43752979e-05
9.0720,2.77174758e-05,1.43764974e-05,1.43765099e-05
9.0730,2.77226202e-05,1.43777085e-05,1.43777210e-05
9.0740,2.77277410e-05,1.43789187e-05,1.43789312e-05
9.0750,2.77328385e-05,1.43801282e-05,1.43801407e-05
9.0760,2.77379125e-05,1.43813367e-05,1.43813492e-05
9.0770,2.77429631e-05,1.43825445e-05,1.43825570e-05
9.0780,2.77479905e-05,1.43837513e-05,1.43837638e-05
9.0790,2.77529946e-05,1.43849573e-05,1.43849698e-05
9.0800,2.77579755e-05,1.43861624e-05,1.43861749e-05
9.0810,2.77629333e-05,1.43873666e-05,1.43873791e-05
9.0820,2.77678679e-05,1.43885700e-05,1.43885825e-05
9.0830,2.77727796e-05,1.43897724e-05,1.43897849e-05
9.0840,2.77776683e-05,1.43909739e-05,1.43909864e-05
9.0850,2.77825341e-05,1.43921745e-05,1.43921870e-05
9.0860,2.77873771e-05,1.43933742e-05,1.43933867e-05
9.0870,2.77921972e-05,1.43945730e-05,1.43945855e-05
9.0880,2.77969947e-05,1.43957708e-05,1.43957833e-05
9.0890,2.78017695e-05,1.43969676e-05,1.43969801e-05
9.0900,2.78065216e-05,1.43981636e-05,1.43981760e-05
9.0910,2.78112513e-05,1.43993585e-05,1.43993710e-05
9.0920,2.78159585e-05,1.44005525e-05,1.44005650e-05
9.0930,2.78206433e-05,1.44017455e-05,1.44017580e-05
9.0940,2.78253057e-05,1.44029375e-05,1.44029500e-05
9.0950,2.78299459e-05,1.44041285e-05,1.44041410e-05
9.0960,2.78345639e-05,1.44053186e-05,1.44053310e-05
9.0970,2.78391598e-05,1.44065076e-05,1.44065201e-05
9.0980,2.78437336e-05,1.44076956e-05,1.44077081e-05
9.0990,2.78482854e-05,1.44088825e-05,1.44088950e-05
9.1000,2.78528153e-05,1.44100685e-05,1.44100810e-05
9.1010,2.78573233e-05,1.44112534e-05,1.44112659e-05
9.1020,2.78618096e-05,1.44124373e-05,1.44124498e-05
9.1030,2.78662741e-05,1.44136201e-05,1.44136326e-05
9.1040,2.78707171e-05,1.44148018e-05,1.44148143e-05
9.1050,2.78751385e-05,1.44159825e-05,1.44159950e-05
9.1060,2.78795384e-05,1.44171621e-05,1.44171746e-05
9.1070,2.78839169e-05,1.44183406e-05,1.44183531e-05
9.1080,2.78882740e-05,1.44195181e-05,1.44195305e-05
9.1090,2.78926099e-05,1.44206944e-05,1.44207069e-05
9.1100,2.78969247e-05,1.44218696e-05,1.44218821e-05
9.1110,2.79012183e-05,1.44230437e-05,1.44230562e-05
9.1120,2.79054910e-05,1.44242167e-05,1.44242292e-05
9.1130,2.79097427e-05,1.44253885e-05,1.44254010e-05
9.1140,2.79139735e-05,1.44265593e-05,1.44265717e-05
9.1150,2.79181836e-05,1.44277288e-05,1.44277413e-05
9.1160,2.79223730e-05,1.44288972e-05,1.44289097e-05
9.1170,2.79265417e-05,1.44300645e-05,1.44300770e-05
9.1180,2.79306900e-05,1.44312306e-05,1.44312431e-05
9.1190,2.79348178e-05,1.44323955e-05,1.44324080e-05
9.1200,2.79389252e-05,1.44335592e-05,1.44335717e-05
9.1210,2.79430124e-05,1.44347218e-05,1.44347342e-05
9.1220,2.79470793e-05,1.44358831e-05,1.44358956e-05
9.1230,2.79511262e-05,1.44370432e-05,1.44370557e-05
9.1240,2.79551530e-05,1.44382022e-05,1.44382146e-05
9.1250,2.79591599e-05,1.44393598e-05,1.44393723e-05
9.1260,2.79631470e-05,1.44405163e-05,1.44405288e-05
9.1270,2.79671143e-05,1.44416715e-05,1.44416840e-05
9.1280,2.79710619e-05,1.44428255e-05,1.44428380e-05
9.1290,2.79749899e-05,1.44439783e-05,1.44439907e-05
9.1300,2.79788985e-05,1.44451297e-05,1.44451422e-05
9.1310,2.79827876e-05,1.44462799e-05,1.44462924e-05
9.1320,2.79866574e-05,1.44474289e-05,1.44474413e-05
9.1330,2.79905080e-05,1.44485765e-05,1.44485890e-05
9.1340,2.79943395e-05,1.44497229e-05,1.44497353e-05
9.1350,2.79981519e-05,1.44508679e-05,1.44508804e-05
9.1360,2.80019453e-05,1.44520117e-05,1.44520241e-05
9.1370,2.80057199e-05,1.44531541e-05,1.44531666e-05
9.1380,2.80094758e-05,1.44542952e-05,1.44543077e-05
9.1390,2.80132129e-05,1.44554350e-05,1.44554475e-05
9.1400,2.80169315e-05,1.44565734e-05,1.44565859e-05
9.1410,2.80206316e-05,1.44577106e-05,1.44577230e-05
9.1420,2.80243133e-05,1.44588463e-05,1.44588588e-05
9.1430,2.80279767e-05,1.44599807e-05,1.44599932e-05
9.1440,2.80316219e-05,1.44611137e-05,1.44611262e-05
9.1450,2.80352490e-05,1.44622454e-05,1.44622579e-05
9.1460,2.80388580e-05,1.44633757e-05,1.44633881e-05
9.1470,2.80424492e-05,1.44645045e-05,1.44645170e-05
9.1480,2.80460225e-05,1.44656320e-05,1.44656445e-05
9.1490,2.80495781e-05,1.44667581e-05,1.44667706e-05
9.1500,2.80531161e-05,1.44678828e-05,1.44678952e-05
9.1510,2.80566366e-05,1.44690060e-05,1.44690185e-05
9.1520,2.80601396e-05,1.44701278e-05,1.44701403e-05
9.1530,2.80636253e-05,1.44712482e-05,1.44712607e-05
9.1540,2.80670938e-05,1.44723672e-05,1.44723796e-05
9.1550,2.80705451e-05,1.44734847e-05,1.44734971e-05
9.1560,2.80739794e-05,1.44746007e-05,1.44746132e-05
9.1570,2.80773967e-05,1.44757153e-05,1.44757277e-05
9.1580,2.80807972e-05,1.44768284e-05,1.44768408e-05
9.1590,2.80841810e-05,1.44779400e-05,1.44779524e-05
9.1600,2.80875481e-05,1.44790501e-05,1.44790626e-05
9.1610,2.80908987e-05,1.44801587e-05,1.44801712e-05
9.1620,2.80942328e-05,1.44812659e-05,1.44812783e-05
9.1630,2.80975506e-05,1.44823715e-05,1.44823840e-05
9.1640,2.81008522e-05,1.44834756e-05,1.44834881e-05
9.1650,2.81041377e-05,1.44845782e-05,1.44845906e-05
9.1660,2.81074071e-05,1.44856792e-05,1.44856917e-05
9.1670,2.81106605e-05,1.44867787e-05,1.44867912e-05
9.1680,2.81138982e-05,1.44878767e-05,1.44878891e-05
9.1690,2.81171201e-05,1.44889731e-05,1.44889855e-05
9.1700,2.81203264e-05,1.44900679e-05,1.44900804e-05
9.1710,2.81235171e-05,1.44911612e-05,1.44911736e-05
9.1720,2.81266925e-05,1.44922529e-05,1.44922653e-05
9.1730,2.81298525e-05,1.44933430e-05,1.44933554e-05
9.1740,2.81329973e-05,1.44944315e-05,1.44944439e-05
9.1750,2.81361270e-05,1.44955184e-05,1.44955308e-05
9.1760,2.81392417e-05,1.44966037e-05,1.44966161e-05
9.1770,2.81423415e-05,1.44976874e-05,1.44976998e-05
9.1780,2.81454264e-05,1.44987694e-05,1.44987819e-05
9.1790,2.81484967e-05,1.44998499e-05,1.44998623e-05
9.1800,2.81515524e-05,1.45009287e-05,1.45009411e-05
9.1810,2.81545936e-05,1.45020058e-05,1.45020183e-05
9.1820,2.81576204e-05,1.45030813e-05,1.45030938e-05
9.1830,2.81606329e-05,1.45041551e-05,1.45041676e-05
9.1840,2.81636312e-05,1.45052273e-05,1.45052398e-05
9.1850,2.81666155e-05,1.45062978e-05,1.45063103e-05
9.1860,2.81695858e-05,1.45073666e-05,1.45073791e-05
9.1870,2.81725422e-05,1.45084338e-05,1.45084462e-05
9.1880,2.81754849e-05,1.45094992e-05,1.45095116e-05
9.1890,2.81784139e-05,1.45105629e-05,1.45105754e-05
9.1900,2.81813293e-05,1.45116249e-05,1.45116374e-05
9.1910,2.81842314e-05,1.45126852e-05,1.45126977e-05
9.1920,2.81871200e-05,1.45137438e-05,1.45137562e-05
9.1930,2.81899954e-05,1.45148006e-05,1.45148131e-05
9.1940,2.81928577e-05,1.45158557e-05,1.45158682e-05
9.1950,2.81957070e-05,1.45169091e-05,1.45169215e-05
9.1960,2.81985434e-05,1.45179607e-05,1.45179731e-05
9.1970,2.82013669e-05,1.45190105e-05,1.45190230e-05
9.1980,2.82041777e-05,1.45200586e-05,1.45200710e-05
9.1990,2.82069759e-05,1.45211048e-05,1.45211173e-05
9.2000,2.82097616e-05,1.45221494e-05,1.45221618e-05
9.2010,2.82125349e-05,1.45231921e-05,1.45232045e-05
9.2020,2.82152959e-05,1.45242330e-05,1.45242454e-05
9.2030,2.82180447e-05,1.45252721e-05,1.45252845e-05
9.2040,2.82207814e-05,1.45263094e-05,1.45263218e-05
9.2050,2.82235062e-05,1.45273448e-05,1.45273573e-05
9.2060,2.82262191e-05,1.45283785e-05,1.45283910e-05
9.2070,2.82289202e-05,1.45294103e-05,1.45294228e-05
9.2080,2.82316096e-05,1.45304403e-05,1.45304527e-05
9.2090,2.82342875e-05,1.45314684e-05,1.45314809e-05
9.2100,2.82369539e-05,1.45324947e-05,1.45325071e-05
9.2110,2.82396090e-05,1.45335191e-05,1.45335315e-05
9.2120,2.82422529e-05,1.45345416e-05,1.45345541e-05
9.2130,2.82448855e-05,1.45355623e-05,1.45355747e-05
9.2140,2.82475072e-05,1.45365810e-05,1.45365935e-05
9.2150,2.82501179e-05,1.45375979e-05,1.45376104e-05
9.2160,2.82527178e-05,1.45386129e-05,1.45386254e-05
9.2170,2.82553070e-05,1.45396260e-05,1.45396384e-05
9.2180,2.82578855e-05,1.45406371e-05,1.45406496e-05
9.2190,2.82604535e-05,1.45416464e-05,1.45416588e-05
9.2200,2.82630112e-05,1.45426537e-05,1.45426662e-05
9.2210,2.82655585e-05,1.45436591e-05,1.45436715e-05
9.2220,2.82680956e-05,1.45446625e-05,1.45446750e-05
9.2230,2.82706225e-05,1.45456640e-05,1.45456765e-05
9.2240,2.82731395e-05,1.45466636e-05,1.45466760e-05
9.2250,2.82756466e-05,1.45476612e-05,1.45476736e-05
9.2260,2.82781439e-05,1.45486568e-05,1.45486692e-05
9.2270,2.82806316e-05,1.45496504e-05,1.45496629e-05
9.2280,2.82831096e-05,1.45506421e-05,1.45506545e-05
9.2290,2.82855781e-05,1.45516317e-05,1.45516442e-05
9.2300,2.82880373e-05,1.45526194e-05,1.45526319e-05
9.2310,2.82904872e-05,1.45536051e-05,1.45536175e-05
9.2320,2.82929279e-05,1.45545887e-05,1.45546012e-05
9.2330,2.82953595e-05,1.45555704e-05,1.45555828e-05
9.2340,2.82977822e-05,1.45565500e-05,1.45565625e-05
9.2350,2.83001960e-05,1.45575276e-05,1.45575400e-05
9.2360,2.83026010e-05,1.45585031e-05,1.45585156e-05
9.2370,2.83049973e-05,1.45594766e-05,1.45594891e-05
9.2380,2.83073851e-05,1.45604481e-05,1.45604606e-05
9.2390,2.83097644e-05,1.45614175e-05,1.45614300e-05
9.2400,2.83121354e-05,1.45623848e-05,1.45623973e-05
9.2410,2.83144980e-05,1.45633501e-05,1.45633626e-05
9.2420,2.83168526e-05,1.45643133e-05,1.45643258e-05
9.2430,2.83191990e-05,1.45652744e-05,1.45652869e-05
9.2440,2.83215375e-05,1.45662334e-05,1.45662459e-05
9.2450,2.83238681e-05,1.45671903e-05,1.45672028e-05
9.2460,2.83261910e-05,1.45681451e-05,1.45681576e-05
9.2470,2.83285062e-05,1.45690978e-05,1.45691103e-05
9.2480,2.83308138e-05,1.45700484e-05,1.45700609e-05
9.2490,2.83331139e-05,1.45709969e-05,1.45710094e-05
9.2500,2.83354067e-05,1.45719432e-05,1.45719557e-05
9.2510,2.83376922e-05,1.45728874e-05,1.45728999e-05
9.2520,2.83399706e-05,1.45738295e-05,1.45738419e-05
9.2530,2.83422418e-05,1.45747693e-05,1.45747818e-05
9.2540,2.83445061e-05,1.45757071e-05,1.45757196e-05
9.2550,2.83467635e-05,1.45766427e-05,1.45766552e-05
9.2560,2.83490141e-05,1.45775761e-05,1.45775886e-05
9.2570,2.83512581e-05,1.45785073e-05,1.45785198e-05
9.2580,2.83534954e-05,1.45794364e-05,1.45794488e-05
9.2590,2.83557263e-05,1.45803632e-05,1.45803757e-05
9.2600,2.83579507e-05,1.45812879e-05,1.45813004e-05
9.2610,2.83601689e-05,1.45822104e-05,1.45822228e-05
9.2620,2.83623809e-05,1.45831306e-05,1.45831431e-05
9.2630,2.83645867e-05,1.45840487e-05,1.45840611e-05
9.2640,2.83667865e-05,1.45849645e-05,1.45849770e-05
9.2650,2.83689804e-05,1.45858781e-05,1.45858906e-05
9.2660,2.83711685e-05,1.45867894e-05,1.45868019e-05
9.2670,2.83733509e-05,1.45876986e-05,1.45877110e-05
9.2680,2.83755276e-05,1.45886054e-05,1.45886179e-05
9.2690,2.83776987e-05,1.45895101e-05,1.45895225e-05
9.2700,2.83798645e-05,1.45904124e-05,1.45904249e-05
9.2710,2.83820248e-05,1.45913125e-05,1.45913250e-05
9.2720,2.83841799e-05,1.45922104e-05,1.45922228e-05
9.2730,2.83863298e-05,1.45931059e-05,1.45931184e-05
9.2740,2.83884747e-05,1.45939992e-05,1.45940117e-05
9.2750,2.83906145e-05,1.45948902e-05,1.45949026e-05
9.2760,2.83927495e-05,1.45957788e-05,1.45957913e-05
9.2770,2.83948796e-05,1.45966652e-05,1.45966777e-05
9.2780,2.83970051e-05,1.45975493e-05,1.45975618e-05
9.2790,2.83991259e-05,1.45984311e-05,1.45984436e-05
9.2800,2.84012422e-05,1.45993105e-05,1.45993230e-05
9.2810,2.84033540e-05,1.46001876e-05,1.46002001e-05
9.2820,2.84054615e-05,1.46010624e-05,1.46010749e-05
9.2830,2.84075647e-05,1.46019348e-05,1.46019473e-05
9.2840,2.84096637e-05,1.46028049e-05,1.46028175e-05
9.2850,2.84117587e-05,1.46036727e-05,1.46036852e-05
9.2860,2.84138497e-05,1.46045381e-05,1.46045506e-05
9.2870,2.84159367e-05,1.46054011e-05,1.46054136e-05
9.2880,2.84180199e-05,1.46062618e-05,1.46062743e-05
9.2890,2.84200994e-05,1.46071201e-05,1.46071326e-05
9.2900,2.84221752e-05,1.46079760e-05,1.46079885e-05
9.2910,2.84242475e-05,1.46088295e-05,1.46088421e-05
9.2920,2.84263163e-05,1.46096807e-05,1.46096932e-05
9.2930,2.84283817e-05,1.46105294e-05,1.46105420e-05
9.2940,2.84304438e-05,1.46113758e-05,1.46113883e-05
9.2950,2.84325027e-05,1.46122197e-05,1.46122322e-05
9.2960,2.84345584e-05,1.46130612e-05,1.46130738e-05
9.2970,2.84366111e-05,1.46139003e-05,1.46139129e-05
9.2980,2.84386609e-05,1.46147370e-05,1.46147495e-05
9.2990,2.84407077e-05,1.46155713e-05,1.46155838e-05
9.3000,2.84427517e-05,1.46164031e-05,1.46164156e-05
9.3010,2.84447931e-05,1.46172324e-05,1.46172450e-05
9.3020,2.84468318e-05,1.46180594e-05,1.46180719e-05
9.3030,2.84488679e-05,1.46188838e-05,1.46188964e-05
9.3040,2.84509016e-05,1.46197059e-05,1.46197184e-05
9.3050,2.84529329e-05,1.46205254e-05,1.46205379e-05
9.3060,2.84549619e-05,1.46213425e-05,1.46213550e-05
9.3070,2.84569886e-05,1.46221571e-05,1.46221696e-05
9.3080,2.84590133e-05,1.46229692e-05,1.46229818e-05
9.3090,2.84610358e-05,1.46237789e-05,1.46237914e-05
9.3100,2.84630564e-05,1.46245860e-05,1.46245985e-05
9.3110,2.84650750e-05,1.46253907e-05,1.46254032e-05
9.3120,2.84670919e-05,1.46261928e-05,1.46262054e-05
9.3130,2.84691070e-05,1.46269925e-05,1.46270050e-05
9.3140,2.84711204e-05,1.46277896e-05,1.46278021e-05
9.3150,2.84731322e-05,1.46285842e-05,1.46285968e-05
9.3160,2.84751425e-05,1.46293763e-05,1.46293889e-05
9.3170,2.84771514e-05,1.46301659e-05,1.46301784e-05
9.3180,2.84791589e-05,1.46309529e-05,1.46309655e-05
9.3190,2.84811651e-05,1.46317374e-05,1.46317499e-05
9.3200,2.84831701e-05,1.46325193e-05,1.46325319e-05
9.3210,2.84851740e-05,1.46332987e-05,1.46333113e-05
9.3220,2.84871768e-05,1.46340756e-05,1.46340882e-05
9.3230,2.84891787e-05,1.46348499e-05,1.46348625e-05
9.3240,2.84911796e-05,1.46356216e-05,1.46356342e-05
9.3250,2.84931797e-05,1.46363908e-05,1.46364033e-05
9.3260,2.84951791e-05,1.46371574e-05,1.46371699e-05
9.3270,2.84971777e-05,1.46379214e-05,1.46379339e-05
9.3280,2.84991757e-05,1.46386828e-05,1.46386954e-05
9.3290,2.85011732e-05,1.46394416e-05,1.46394542e-05
9.3300,2.85031703e-05,1.46401979e-05,1.46402105e-05
9.3310,2.85051669e-05,1.46409515e-05,1.46409641e-05
9.3320,2.85071632e-05,1.46417026e-05,1.46417152e-05
9.3330,2.85091592e-05,1.46424510e-05,1.46424636e-05
9.3340,2.85111550e-05,1.46431968e-05,1.46432094e-05
9.3350,2.85131508e-05,1.46439400e-05,1.46439526e-05
9.3360,2.85151465e-05,1.46446806e-05,1.46446932e-05
9.3370,2.85171422e-05,1.46454186e-05,1.46454312e-05
9.3380,2.85191379e-05,1.46461539e-05,1.46461665e-05
9.3390,2.85211339e-05,1.46468866e-05,1.46468992e-05
9.3400,2.85231301e-05,1.46476167e-05,1.46476292e-05
9.3410,2.85251265e-05,1.46483441e-05,1.46483567e-05
9.3420,2.85271234e-05,1.46490688e-05,1.46490814e-05
9.3430,2.85291206e-05,1.46497909e-05,1.46498035e-05
9.3440,2.85311184e-05,1.46505104e-05,1.46505230e-05
9.3450,2.85331167e-05,1.46512271e-05,1.46512398e-05
9.3460,2.85351156e-05,1.46519413e-05,1.46519539e-05
9.3470,2.85371152e-05,1.46526527e-05,1.46526653e-05
9.3480,2.85391156e-05,1.46533615e-05,1.46533741e-05
9.3490,2.85411168e-05,1.46540676e-05,1.46540802e-05
9.3500,2.85431189e-05,1.46547710e-05,1.46547836e-05
9.3510,2.85451219e-05,1.46554717e-05,1.46554843e-05
9.3520,2.85471259e-05,1.46561697e-05,1.46561823e-05
9.3530,2.85491310e-05,1.46568650e-05,1.46568776e-05
9.3540,2.85511373e-05,1.46575576e-05,1.46575703e-05
9.3550,2.85531447e-05,1.46582475e-05,1.46582602e-05
9.3560,2.85551534e-05,1.46589347e-05,1.46589474e-05
9.3570,2.85571634e-05,1.46596192e-05,1.46596319e-05
9.3580,2.85591748e-05,1.46603010e-05,1.46603136e-05
9.3590,2.85611876e-05,1.46609801e-05,1.46609927e-05
9.3600,2.85632019e-05,1.46616564e-05,1.46616690e-05
9.3610,2.85652178e-05,1.46623300e-05,1.46623426e-05
9.3620,2.85672352e-05,1.46630008e-05,1.46630135e-05
9.3630,2.85692544e-05,1.46636689e-05,1.46636816e-05
9.3640,2.85712753e-05,1.46643343e-05,1.46643470e-05
9.3650,2.85732980e-05,1.46649969e-05,1.46650096e-05
9.3660,2.85753225e-05,1.46656568e-05,1.46656695e-05
9.3670,2.85773489e-05,1.46663139e-05,1.46663266e-05
9.3680,2.85793773e-05,1.46669683e-05,1.46669810e-05
9.3690,2.85814077e-05,1.46676199e-05,1.46676326e-05
9.3700,2.85834401e-05,1.46682688e-05,1.46682814e-05
9.3710,2.85854747e-05,1.46689148e-05,1.46689275e-05
9.3720,2.85875115e-05,1.46695581e-05,1.46695708e-05
9.3730,2.85895505e-05,1.46701987e-05,1.46702113e-05
9.3740,2.85915917e-05,1.46708364e-05,1.46708491e-05
9.3750,2.85936354e-05,1.46714714e-05,1.46714840e-05
9.3760,2.85956814e-05,1.46721035e-05,1.46721162e-05
9.3770,2.85977298e-05,1.46727329e-05,1.46727456e-05
9.3780,2.85997808e-05,1.46733595e-05,1.46733722e-05
9.3790,2.86018343e-05,1.46739833e-05,1.46739960e-05
9.3800,2.86038904e-05,1.46746043e-05,1.46746170e-05
9.3810,2.86059491e-05,1.46752224e-05,1.46752352e-05
9.3820,2.86080106e-05,1.46758378e-05,1.46758505e-05
9.3830,2.86100748e-05,1.46764504e-05,1.46764631e-05
9.3840,2.86121418e-05,1.46770601e-05,1.46770728e-05
9.3850,2.86142116e-05,1.46776671e-05,1.46776798e-05
9.3860,2.86162844e-05,1.46782712e-05,1.46782839e-05
9.3870,2.86183601e-05,1.46788725e-05,1.46788852e-05
9.3880,2.86204387e-05,1.46794709e-05,1.46794836e-05
9.3890,2.86225205e-05,1.46800666e-05,1.46800793e-05
9.3900,2.86246053e-05,1.46806593e-05,1.46806721e-05
9.3910,2.86266932e-05,1.46812493e-05,1.46812620e-05
9.3920,2.86287843e-05,1.46818364e-05,1.46818492e-05
9.3930,2.86308786e-05,1.46824207e-05,1.46824334e-05
9.3940,2.86329763e-05,1.46830021e-05,1.46830149e-05
9.3950,2.86350772e-05,1.46835807e-05,1.46835934e-05
9.3960,2.86371815e-05,1.46841564e-05,1.46841692e-05
9.3970,2.86392891e-05,1.46847293e-05,1.46847421e-05
9.3980,2.86414003e-05,1.46852993e-05,1.46853121e-05
9.3990,2.86435149e-05,1.46858665e-05,1.46858792e-05
9.4000,2.86456330e-05,1.46864308e-05,1.46864435e-05
9.4010,2.86477547e-05,1.46869922e-05,1.46870050e-05
9.4020,2.86498801e-05,1.46875507e-05,1.46875635e-05
9.4030,2.86520090e-05,1.46881064e-05,1.46881192e-05
9.4040,2.86541417e-05,1.46886592e-05,1.46886720e-05
9.4050,2.86562781e-05,1.46892092e-05,1.46892220e-05
9.4060,2.86584183e-05,1.46897562e-05,1.46897690e-05
9.4070,2.86605623e-05,1.46903004e-05,1.46903132e-05
9.4080,2.86627102e-05,1.46908417e-05,1.46908545e-05
9.4090,2.86648619e-05,1.46913801e-05,1.46913929e-05
9.4100,2.86670176e-05,1.46919156e-05,1.46919284e-05
9.4110,2.86691773e-05,1.46924482e-05,1.46924610e-05
9.4120,2.86713410e-05,1.46929780e-05,1.46929908e-05
9.4130,2.86735087e-05,1.46935048e-05,1.46935176e-05
9.4140,2.86756804e-05,1.46940287e-05,1.46940415e-05
9.4150,2.86778563e-05,1.46945498e-05,1.46945626e-05
9.4160,2.86800364e-05,1.46950679e-05,1.46950807e-05
9.4170,2.86822206e-05,1.46955831e-05,1.46955959e-05
9.4180,2.86844091e-05,1.46960954e-05,1.46961082e-05
9.4190,2.86866018e-05,1.46966048e-05,1.46966176e-05
9.4200,2.86887988e-05,1.46971113e-05,1.46971241e-05
9.4210,2.86910002e-05,1.46976149e-05,1.46976277e-05
9.4220,2.86932058e-05,1.46981155e-05,1.46981284e-05
9.4230,2.86954159e-05,1.46986133e-05,1.46986261e-05
9.4240,2.86976304e-05,1.46991081e-05,1.46991209e-05
9.4250,2.86998494e-05,1.46996000e-05,1.46996128e-05
9.4260,2.87020728e-05,1.47000890e-05,1.47001018e-05
9.4270,2.87043007e-05,1.47005750e-05,1.47005879e-05
9.4280,2.87065332e-05,1.47010581e-05,1.47010710e-05
9.4290,2.87087703e-05,1.47015383e-05,1.47015512e-05
9.4300,2.87110120e-05,1.47020156e-05,1.47020284e-05
9.4310,2.87132583e-05,1.47024899e-05,1.47025028e-05
9.4320,2.87155092e-05,1.47029613e-05,1.47029742e-05
9.4330,2.87177649e-05,1.47034297e-05,1.47034426e-05
9.4340,2.87200253e-05,1.47038952e-05,1.47039081e-05
9.4350,2.87222904e-05,1.47043578e-05,1.47043707e-05
9.4360,2.87245603e-05,1.47048174e-05,1.47048303e-05
9.4370,2.87268350e-05,1.47052741e-05,1.47052870e-05
9.4380,2.87291145e-05,1.47057279e-05,1.47057408e-05
9.4390,2.87313989e-05,1.47061787e-05,1.47061916e-05
9.4400,2.87336881e-05,1.47066265e-05,1.47066394e-05
9.4410,2.87359823e-05,1.47070714e-05,1.47070843e-05
9.4420,2.87382814e-05,1.47075134e-05,1.47075263e-05
9.4430,2.87405854e-05,1.47079524e-05,1.47079653e-05
9.4440,2.87428944e-05,1.47083884e-05,1.47084013e-05
9.4450,2.87452084e-05,1.47088215e-05,1.47088344e-05
9.4460,2.87475274e-05,1.47092516e-05,1.47092646e-05
9.4470,2.87498515e-05,1.47096788e-05,1.47096917e-05
9.4480,2.87521806e-05,1.47101030e-05,1.47101160e-05
9.4490,2.87545148e-05,1.47105243e-05,1.47105372e-05
9.4500,2.87568541e-05,1.47109426e-05,1.47109555e-05
9.4510,2.87591986e-05,1.47113579e-05,1.47113709e-05
9.4520,2.87615482e-05,1.47117703e-05,1.47117832e-05
9.4530,2.87639029e-05,1.47121797e-05,1.47121927e-05
9.4540,2.87662629e-05,1.47125861e-05,1.47125991e-05
9.4550,2.87686280e-05,1.47129896e-05,1.47130026e-05
9.4560,2.87709984e-05,1.47133901e-05,1.47134031e-05
9.4570,2.87733740e-05,1.47137877e-05,1.47138007e-05
9.4580,2.87757549e-05,1.47141822e-05,1.47141952e-05
9.4590,2.87781410e-05,1.47145739e-05,1.47145869e-05
9.4600,2.87805325e-05,1.47149625e-05,1.47149755e-05
9.4610,2.87829292e-05,1.47153482e-05,1.47153612e-05
9.4620,2.87853313e-05,1.47157309e-05,1.47157439e-05
9.4630,2.87877387e-05,1.47161106e-05,1.47161236e-05
9.4640,2.87901514e-05,1.47164873e-05,1.47165004e-05
9.4650,2.87925696e-05,1.47168611e-05,1.47168742e-05
9.4660,2.87949931e-05,1.47172319e-05,1.47172450e-05
9.4670,2.87974220e-05,1.47175998e-05,1.47176128e-05
9.4680,2.87998563e-05,1.47179646e-05,1.47179777e-05
9.4690,2.88022961e-05,1.47183265e-05,1.47183396e-05
9.4700,2.88047413e-05,1.47186854e-05,1.47186985e-05
9.4710,2.88071919e-05,1.47190414e-05,1.47190544e-05
9.4720,2.88096480e-05,1.47193943e-05,1.47194074e-05
9.4730,2.88121096e-05,1.47197443e-05,1.47197574e-05
9.4740,2.88145766e-05,1.47200913e-05,1.47201044e-05
9.4750,2.88170492e-05,1.47204354e-05,1.47204484e-05
9.4760,2.88195272e-05,1.47207764e-05,1.47207895e-05
9.4770,2.88220107e-05,1.47211145e-05,1.47211276e-05
9.4780,2.88244998e-05,1.47214496e-05,1.47214627e-05
9.4790,2.88269944e-05,1.47217817e-05,1.47217948e-05
9.4800,2.88294945e-05,1.47221109e-05,1.47221240e-05
9.4810,2.88320002e-05,1.47224370e-05,1.47224502e-05
9.4820,2.88345114e-05,1.47227602e-05,1.47227734e-05
9.4830,2.88370282e-05,1.47230805e-05,1.47230936e-05
9.4840,2.88395506e-05,1.47233977e-05,1.47234108e-05
9.4850,2.88420785e-05,1.47237120e-05,1.47237251e-05
9.4860,2.88446120e-05,1.47240233e-05,1.47240364e-05
9.4870,2.88471511e-05,1.47243316e-05,1.47243447e-05
9.4880,2.88496958e-05,1.47246369e-05,1.47246501e-05
9.4890,2.88522460e-05,1.47249393e-05,1.47249524e-05
9.4900,2.88548019e-05,1.47252387e-05,1.47252518e-05
9.4910,2.88573633e-05,1.47255351e-05,1.47255482e-05
9.4920,2.88599304e-05,1.47258285e-05,1.47258417e-05
9.4930,2.88625030e-05,1.47261190e-05,1.47261322e-05
9.4940,2.88650813e-05,1.47264065e-05,1.47264197e-05
9.4950,2.88676652e-05,1.47266910e-05,1.47267042e-05
9.4960,2.88702546e-05,1.47269725e-05,1.47269857e-05
9.4970,2.88728497e-05,1.47272511e-05,1.47272643e-05
9.4980,2.88754504e-05,1.47275267e-05,1.47275399e-05
9.4990,2.88780567e-05,1.47277993e-05,1.47278126e-05
9.5000,2.88806686e-05,1.47280690e-05,1.47280822e-05
9.5010,2.88832862e-05,1.47283357e-05,1.47283489e-05
9.5020,2.88859093e-05,1.47285994e-05,1.47286127e-05
9.5030,2.88885380e-05,1.47288602e-05,1.47288734e-05
9.5040,2.88911724e-05,1.47291180e-05,1.47291312e-05
9.5050,2.88938123e-05,1.47293728e-05,1.47293860e-05
9.5060,2.88964578e-05,1.47296246e-05,1.47296379e-05
9.5070,2.88991090e-05,1.47298735e-05,1.47298868e-05
9.5080,2.89017657e-05,1.47301195e-05,1.47301327e-05
9.5090,2.89044280e-05,1.47303624e-05,1.47303757e-05
9.5100,2.89070959e-05,1.47306024e-05,1.47306157e-05
9.5110,2.89097694e-05,1.47308395e-05,1.47308528e-05
9.5120,2.89124484e-05,1.47310736e-05,1.47310869e-05
9.5130,2.89151330e-05,1.47313047e-05,1.47313180e-05
9.5140,2.89178232e-05,1.47315329e-05,1.47315462e-05
9.5150,2.89205189e-05,1.47317581e-05,1.47317714e-05
9.5160,2.89232201e-05,1.47319804e-05,1.47319937e-05
9.5170,2.89259269e-05,1.47321997e-05,1.47322130e-05
9.5180,2.89286393e-05,1.47324161e-05,1.47324294e-05
9.5190,2.89313571e-05,1.47326295e-05,1.47326428e-05
9.5200,2.89340805e-05,1.47328399e-05,1.47328533e-05
9.5210,2.89368093e-05,1.47330474e-05,1.47330608e-05
9.5220,2.89395437e-05,1.47332520e-05,1.47332654e-05
9.5230,2.89422835e-05,1.47334536e-05,1.47334670e-05
9.5240,2.89450288e-05,1.47336523e-05,1.47336657e-05
9.5250,2.89477796e-05,1.47338481e-05,1.47338614e-05
9.5260,2.89505358e-05,1.47340409e-05,1.47340543e-05
9.5270,2.89532974e-05,1.47342307e-05,1.47342441e-05
9.5280,2.89560645e-05,1.47344177e-05,1.47344311e-05
9.5290,2.89588370e-05,1.47346017e-05,1.47346151e-05
9.5300,2.89616149e-05,1.47347827e-05,1.47347961e-05
9.5310,2.89643981e-05,1.47349608e-05,1.47349743e-05
9.5320,2.89671868e-05,1.47351361e-05,1.47351495e-05
9.5330,2.89699807e-05,1.47353083e-05,1.47353218e-05
9.5340,2.89727801e-05,1.47354777e-05,1.47354911e-05
9.5350,2.89755847e-05,1.47356441e-05,1.47356575e-05
9.5360,2.89783947e-05,1.47358076e-05,1.47358211e-05
9.5370,2.89812099e-05,1.47359682e-05,1.47359816e-05
9.5380,2.89840305e-05,1.47361259e-05,1.47361393e-05
9.5390,2.89868563e-05,1.47362806e-05,1.47362941e-05
9.5400,2.89896873e-05,1.47364324e-05,1.47364459e-05
9.5410,2.89925235e-05,1.47365814e-05,1.47365949e-05
9.5420,2.89953650e-05,1.47367274e-05,1.47367409e-05
9.5430,2.89982116e-05,1.47368705e-05,1.47368840e-05
9.5440,2.90010634e-05,1.47370107e-05,1.47370242e-05
9.5450,2.90039204e-05,1.47371480e-05,1.47371615e-05
9.5460,2.90067825e-05,1.47372824e-05,1.47372959e-05
9.5470,2.90096497e-05,1.47374139e-05,1.47374275e-05
9.5480,2.90125220e-05,1.47375425e-05,1.47375561e-05
9.5490,2.90153993e-05,1.47376683e-05,1.47376818e-05
9.5500,2.90182817e-05,1.47377911e-05,1.47378046e-05
9.5510,2.90211691e-05,1.47379110e-05,1.47379246e-05
9.5520,2.90240615e-05,1.47380281e-05,1.47380417e-05
9.5530,2.90269588e-05,1.47381423e-05,1.47381558e-05
9.5540,2.90298611e-05,1.47382536e-05,1.47382671e-05
9.5550,2.90327684e-05,1.47383620e-05,1.47383756e-05
9.5560,2.90356805e-05,1.47384675e-05,1.47384811e-05
9.5570,2.90385976e-05,1.47385702e-05,1.47385838e-05
9.5580,2.90415194e-05,1.47386700e-05,1.47386836e-05
9.5590,2.90444461e-05,1.47387669e-05,1.47387805e-05
9.5600,2.90473776e-05,1.47388610e-05,1.47388746e-05
9.5610,2.90503139e-05,1.47389522e-05,1.47389658e-05
9.5620,2.90532549e-05,1.47390406e-05,1.47390542e-05
9.5630,2.90562006e-05,1.47391261e-05,1.47391397e-05
9.5640,2.90591511e-05,1.47392087e-05,1.47392224e-05
9.5650,2.90621061e-05,1.47392885e-05,1.47393022e-05
9.5660,2.90650659e-05,1.47393654e-05,1.47393791e-05
9.5670,2.90680302e-05,1.47394395e-05,1.47394532e-05
9.5680,2.90709991e-05,1.47395108e-05,1.47395245e-05
9.5690,2.90739725e-05,1.47395792e-05,1.47395929e-05
9.5700,2.90769504e-05,1.47396448e-05,1.47396585e-05
9.5710,2.90799329e-05,1.47397076e-05,1.47397213e-05
9.5720,2.90829198e-05,1.47397675e-05,1.47397812e-05
9.5730,2.90859111e-05,1.47398246e-05,1.47398383e-05
9.5740,2.90889067e-05,1.47398789e-05,1.47398926e-05
9.5750,2.90919068e-05,1.47399304e-05,1.47399441e-05
9.5760,2.90949111e-05,1.47399790e-05,1.47399928e-05
9.5770,2.90979198e-05,1.47400249e-05,1.47400386e-05
9.5780,2.91009327e-05,1.47400679e-05,1.47400817e-05
9.5790,2.91039498e-05,1.47401082e-05,1.47401219e-05
9.5800,2.91069711e-05,1.47401456e-05,1.47401594e-05
9.5810,2.91099966e-05,1.47401802e-05,1.47401940e-05
9.5820,2.91130261e-05,1.47402121e-05,1.47402258e-05
9.5830,2.91160598e-05,1.47402411e-05,1.47402549e-05
9.5840,2.91190975e-05,1.47402674e-05,1.47402812e-05
9.5850,2.91221392e-05,1.47402908e-05,1.47403047e-05
9.5860,2.91251848e-05,1.47403115e-05,1.47403254e-05
9.5870,2.91282344e-05,1.47403295e-05,1.47403433e-05
9.5880,2.91312879e-05,1.47403446e-05,1.47403585e-05
9.5890,2.91343452e-05,1.47403570e-05,1.47403708e-05
9.5900,2.91374063e-05,1.47403666e-05,1.47403805e-05
9.5910,2.91404712e-05,1.47403735e-05,1.47403873e-05
9.5920,2.91435398e-05,1.47403776e-05,1.47403914e-05
9.5930,2.91466122e-05,1.47403789e-05,1.47403928e-05
9.5940,2.91496881e-05,1.47403775e-05,1.47403914e-05
9.5950,2.91527677e-05,1.47403734e-05,1.47403873e-05
9.5960,2.91558509e-05,1.47403665e-05,1.47403804e-05
9.5970,2.91589376e-05,1.47403568e-05,1.47403708e-05
9.5980,2.91620277e-05,1.47403445e-05,1.47403584e-05
9.5990,2.91651213e-05,1.47403294e-05,1.47403433e-05
9.6000,2.91682183e-05,1.47403116e-05,1.47403255e-05
9.6010,2.91713187e-05,1.47402910e-05,1.47403050e-05
9.6020,2.91744223e-05,1.47402678e-05,1.47402817e-05
9.6030,2.91775292e-05,1.47402418e-05,1.47402558e-05
9.6040,2.91806394e-05,1.47402131e-05,1.47402271e-05
9.6050,2.91837527e-05,1.47401818e-05,1.47401957e-05
9.6060,2.91868691e-05,1.47401477e-05,1.47401617e-05
9.6070,2.91899886e-05,1.47401109e-05,1.47401249e-05
9.6080,2.91931112e-05,1.47400714e-05,1.47400854e-05
9.6090,2.91962367e-05,1.47400293e-05,1.47400433e-05
9.6100,2.91993652e-05,1.47399845e-05,1.47399985e-05
9.6110,2.92024965e-05,1.47399369e-05,1.47399510e-05
9.6120,2.92056307e-05,1.47398867e-05,1.47399008e-05
9.6130,2.92087677e-05,1.47398339e-05,1.47398479e-05
9.6140,2.92119074e-05,1.47397784e-05,1.47397924e-05
9.6150,2.92150499e-05,1.47397202e-05,1.47397342e-05
9.6160,2.92181949e-05,1.47396593e-05,1.47396734e-05
9.6170,2.92213426e-05,1.47395959e-05,1.47396099e-05
9.6180,2.92244928e-05,1.47395297e-05,1.47395438e-05
9.6190,2.92276454e-05,1.47394609e-05,1.47394750e-05
9.6200,2.92308006e-05,1.47393895e-05,1.47394036e-05
9.6210,2.92339581e-05,1.47393155e-05,1.47393296e-05
9.6220,2.92371179e-05,1.47392388e-05,1.47392529e-05
9.6230,2.92402800e-05,1.47391595e-05,1.47391736e-05
9.6240,2.92434443e-05,1.47390776e-05,1.47390917e-05
9.6250,2.92466108e-05,1.47389931e-05,1.47390072e-05
9.6260,2.92497794e-05,1.47389059e-05,1.47389201e-05
9.6270,2.92529501e-05,1.47388162e-05,1.47388304e-05
9.6280,2.92561228e-05,1.47387238e-05,1.47387380e-05
9.6290,2.92592974e-05,1.47386289e-05,1.47386431e-05
9.6300,2.92624739e-05,1.47385314e-05,1.47385456e-05
9.6310,2.92656522e-05,1.47384313e-05,1.47384455e-05
9.6320,2.92688324e-05,1.47383286e-05,1.47383428e-05
9.6330,2.92720142e-05,1.47382233e-05,1.47382376e-05
9.6340,2.92751977e-05,1.47381155e-05,1.47381297e-05
9.6350,2.92783828e-05,1.47380051e-05,1.47380194e-05
9.6360,2.92815695e-05,1.47378922e-05,1.47379064e-05
9.6370,2.92847576e-05,1.47377767e-05,1.47377909e-05
9.6380,2.92879472e-05,1.47376586e-05,1.47376729e-05
9.6390,2.92911381e-05,1.47375380e-05,1.47375523e-05
9.6400,2.92943303e-05,1.47374149e-05,1.47374292e-05
9.6410,2.92975238e-05,1.47372892e-05,1.47373035e-05
9.6420,2.93007185e-05,1.47371611e-05,1.47371754e-05
9.6430,2.93039142e-05,1.47370303e-05,1.47370447e-05
9.6440,2.93071111e-05,1.47368971e-05,1.47369114e-05
9.6450,2.93103089e-05,1.47367614e-05,1.47367757e-05
9.6460,2.93135077e-05,1.47366231e-05,1.47366375e-05
9.6470,2.93167073e-05,1.47364824e-05,1.47364968e-05
9.6480,2.93199078e-05,1.47363392e-05,1.47363535e-05
9.6490,2.93231089e-05,1.47361934e-05,1.47362078e-05
9.6500,2.93263108e-05,1.47360452e-05,1.47360596e-05
9.6510,2.93295133e-05,1.47358945e-05,1.47359089e-05
9.6520,2.93327163e-05,1.47357414e-05,1.47357558e-05
9.6530,2.93359198e-05,1.47355858e-05,1.47356002e-05
9.6540,2.93391237e-05,1.47354277e-05,1.47354421e-05
9.6550,2.93423280e-05,1.47352671e-05,1.47352816e-05
9.6560,2.93455325e-05,1.47351041e-05,1.47351186e-05
9.6570,2.93487372e-05,1.47349387e-05,1.47349532e-05
9.6580,2.93519421e-05,1.47347708e-05,1.47347853e-05
9.6590,2.93551471e-05,1.47346005e-05,1.47346150e-05
9.6600,2.93583521e-05,1.47344278e-05,1.47344423e-05
9.6610,2.93615570e-05,1.47342526e-05,1.47342671e-05
9.6620,2.93647618e-05,1.47340751e-05,1.47340896e-05
9.6630,2.93679664e-05,1.47338951e-05,1.47339096e-05
9.6640,2.93711707e-05,1.47337127e-05,1.47337272e-05
9.6650,2.93743747e-05,1.47335279e-05,1.47335425e-05
9.6660,2.93775782e-05,1.47333408e-05,1.47333553e-05
9.6670,2.93807813e-05,1.47331512e-05,1.47331657e-05
9.6680,2.93839838e-05,1.47329593e-05,1.47329738e-05
9.6690,2.93871857e-05,1.47327650e-05,1.47327795e-05
9.6700,2.93903869e-05,1.47325683e-05,1.47325828e-05
9.6710,2.93935873e-05,1.47323692e-05,1.47323838e-05
9.6720,2.93967869e-05,1.47321678e-05,1.47321824e-05
9.6730,2.93999855e-05,1.47319641e-05,1.47319787e-05
9.6740,2.94031832e-05,1.47317580e-05,1.47317726e-05
9.6750,2.94063797e-05,1.47315496e-05,1.47315642e-05
9.6760,2.94095752e-05,1.47313388e-05,1.47313534e-05
9.6770,2.94127694e-05,1.47311257e-05,1.47311404e-05
9.6780,2.94159623e-05,1.47309103e-05,1.47309250e-05
9.6790,2.94191538e-05,1.47306926e-05,1.47307073e-05
9.6800,2.94223439e-05,1.47304726e-05,1.47304873e-05
9.6810,2.94255325e-05,1.47302503e-05,1.47302649e-05
9.6820,2.94287195e-05,1.47300256e-05,1.47300403e-05
9.6830,2.94319048e-05,1.47297987e-05,1.47298134e-05
9.6840,2.94350883e-05,1.47295695e-05,1.47295843e-05
9.6850,2.94382700e-05,1.47293381e-05,1.47293528e-05
9.6860,2.94414497e-05,1.47291044e-05,1.47291191e-05
9.6870,2.94446275e-05,1.47288684e-05,1.47288831e-05
9.6880,2.94478032e-05,1.47286301e-05,1.47286449e-05
9.6890,2.94509768e-05,1.47283896e-05,1.47284044e-05
9.6900,2.94541481e-05,1.47281469e-05,1.47281617e-05
9.6910,2.94573171e-05,1.47279019e-05,1.47279167e-05
9.6920,2.94604837e-05,1.47276547e-05,1.47276695e-05
9.6930,2.94636478e-05,1.47274053e-05,1.47274201e-05
9.6940,2.94668094e-05,1.47271536e-05,1.47271684e-05
9.6950,2.94699683e-05,1.47268998e-05,1.47269146e-05
9.6960,2.94731246e-05,1.47266437e-05,1.47266585e-05
9.6970,2.94762780e-05,1.47263854e-05,1.47264003e-05
9.6980,2.94794285e-05,1.47261250e-05,1.47261399e-05
9.6990,2.94825760e-05,1.47258624e-05,1.47258772e-05
9.7000,2.94857205e-05,1.47255975e-05,1.47256124e-05
9.7010,2.94888619e-05,1.47253306e-05,1.47253455e-05
9.7020,2.94920000e-05,1.47250614e-05,1.47250763e-05
9.7030,2.94951348e-05,1.47247901e-05,1.47248050e-05
9.7040,2.94982663e-05,1.47245167e-05,1.47245316e-05
9.7050,2.95013942e-05,1.47242411e-05,1.47242560e-05
9.7060,2.95045186e-05,1.47239633e-05,1.47239783e-05
9.7070,2.95076394e-05,1.47236835e-05,1.47236984e-05
9.7080,2.95107564e-05,1.47234015e-05,1.47234165e-05
9.7090,2.95138696e-05,1.47231174e-05,1.47231324e-05
9.7100,2.95169788e-05,1.47228312e-05,1.47228462e-05
9.7110,2.95200841e-05,1.47225429e-05,1.47225579e-05
9.7120,2.95231853e-05,1.47222525e-05,1.47222675e-05
9.7130,2.95262824e-05,1.47219600e-05,1.47219750e-05
9.7140,2.95293751e-05,1.47216654e-05,1.47216804e-05
9.7150,2.95324635e-05,1.47213687e-05,1.47213838e-05
9.7160,2.95355475e-05,1.47210700e-05,1.47210850e-05
9.7170,2.95386270e-05,1.47207692e-05,1.47207843e-05
9.7180,2.95417018e-05,1.47204664e-05,1.47204814e-05
9.7190,2.95447720e-05,1.47201615e-05,1.47201766e-05
9.7200,2.95478373e-05,1.47198545e-05,1.47198696e-05
9.7210,2.95508978e-05,1.47195456e-05,1.47195607e-05
9.7220,2.95539533e-05,1.47192346e-05,1.47192497e-05
9.7230,2.95570037e-05,1.47189216e-05,1.47189367e-05
9.7240,2.95600490e-05,1.47186066e-05,1.47186217e-05
9.7250,2.95630890e-05,1.47182896e-05,1.47183047e-05
9.7260,2.95661237e-05,1.47179705e-05,1.47179857e-05
9.7270,2.95691530e-05,1.47176495e-05,1.47176647e-05
9.7280,2.95721767e-05,1.47173265e-05,1.47173417e-05
9.7290,2.95751948e-05,1.47170016e-05,1.47170168e-05
9.7300,2.95782072e-05,1.47166746e-05,1.47166898e-05
9.7310,2.95812138e-05,1.47163457e-05,1.47163609e-05
9.7320,2.95842146e-05,1.47160149e-05,1.47160301e-05
9.7330,2.95872093e-05,1.47156821e-05,1.47156973e-05
9.7340,2.95901979e-05,1.47153473e-05,1.47153626e-05
9.7350,2.95931804e-05,1.47150107e-05,1.47150259e-05
9.7360,2.95961566e-05,1.47146721e-05,1.47146873e-05
9.7370,2.95991265e-05,1.47143315e-05,1.47143468e-05
9.7380,2.96020899e-05,1.47139891e-05,1.47140044e-05
9.7390,2.96050467e-05,1.47136448e-05,1.47136601e-05
9.7400,2.96079969e-05,1.47132986e-05,1.47133139e-05
9.7410,2.96109404e-05,1.47129504e-05,1.47129658e-05
9.7420,2.96138770e-05,1.47126004e-05,1.47126158e-05
9.7430,2.96168067e-05,1.47122486e-05,1.47122639e-05
9.7440,2.96197293e-05,1.47118948e-05,1.47119102e-05
9.7450,2.96226448e-05,1.47115392e-05,1.47115546e-05
9.7460,2.96255532e-05,1.47111818e-05,1.47111972e-05
9.7470,2.96284542e-05,1.47108225e-05,1.47108379e-05
9.7480,2.96313477e-05,1.47104614e-05,1.47104768e-05
9.7490,2.96342338e-05,1.47100984e-05,1.47101138e-05
9.7500,2.96371123e-05,1.47097336e-05,1.47097491e-05
9.7510,2.96399830e-05,1.47093670e-05,1.47093825e-05
9.7520,2.96428460e-05,1.47089986e-05,1.47090141e-05
9.7530,2.96457011e-05,1.47086284e-05,1.47086439e-05
9.7540,2.96485481e-05,1.47082564e-05,1.47082719e-05
9.7550,2.96513871e-05,1.47078827e-05,1.47078982e-05
9.7560,2.96542179e-05,1.47075071e-05,1.47075226e-05
9.7570,2.96570404e-05,1.47071298e-05,1.47071453e-05
9.7580,2.96598545e-05,1.47067507e-05,1.47067662e-05
9.7590,2.96626601e-05,1.47063699e-05,1.47063854e-05
9.7600,2.96654571e-05,1.47059873e-05,1.47060028e-05
9.7610,2.96682454e-05,1.47056030e-05,1.47056185e-05
9.7620,2.96710250e-05,1.47052169e-05,1.47052325e-05
9.7630,2.96737957e-05,1.47048291e-05,1.47048447e-05
9.7640,2.96765574e-05,1.47044396e-05,1.47044552e-05
9.7650,2.96793100e-05,1.47040484e-05,1.47040641e-05
9.7660,2.96820534e-05,1.47036555e-05,1.47036712e-05
9.7670,2.96847876e-05,1.47032610e-05,1.47032766e-05
9.7680,2.96875124e-05,1.47028647e-05,1.47028803e-05
9.7690,2.96902277e-05,1.47024667e-05,1.47024824e-05
9.7700,2.96929334e-05,1.47020671e-05,1.47020828e-05
9.7710,2.96956294e-05,1.47016658e-05,1.47016815e-05
9.7720,2.96983157e-05,1.47012629e-05,1.47012786e-05
9.7730,2.97009921e-05,1.47008583e-05,1.47008740e-05
9.7740,2.97036585e-05,1.47004521e-05,1.47004678e-05
9.7750,2.97063149e-05,1.47000442e-05,1.47000599e-05
9.7760,2.97089610e-05,1.46996347e-05,1.46996505e-05
9.7770,2.97115969e-05,1.46992236e-05,1.46992394e-05
9.7780,2.97142224e-05,1.46988109e-05,1.46988267e-05
9.7790,2.97168375e-05,1.46983966e-05,1.46984124e-05
9.7800,2.97194419e-05,1.46979808e-05,1.46979965e-05
9.7810,2.97220357e-05,1.46975633e-05,1.46975791e-05
9.7820,2.97246187e-05,1.46971442e-05,1.46971600e-05
9.7830,2.97271908e-05,1.46967236e-05,1.46967394e-05
9.7840,2.97297519e-05,1.46963014e-05,1.46963173e-05
9.7850,2.97323020e-05,1.46958777e-05,1.46958935e-05
9.7860,2.97348408e-05,1.46954524e-05,1.46954683e-05
9.7870,2.97373684e-05,1.46950256e-05,1.46950415e-05
9.7880,2.97398846e-05,1.46945973e-05,1.46946131e-05
9.7890,2.97423894e-05,1.46941674e-05,1.46941833e-05
9.7900,2.97448825e-05,1.46937360e-05,1.46937519e-05
9.7910,2.97473640e-05,1.46933032e-05,1.46933191e-05
9.7920,2.97498337e-05,1.46928688e-05,1.46928847e-05
9.7930,2.97522915e-05,1.46924329e-05,1.46924489e-05
9.7940,2.97547373e-05,1.46919956e-05,1.46920115e-05
9.7950,2.97571710e-05,1.46915568e-05,1.46915727e-05
9.7960,2.97595925e-05,1.46911165e-05,1.46911324e-05
9.7970,2.97620018e-05,1.46906747e-05,1.46906907e-05
9.7980,2.97643987e-05,1.46902315e-05,1.46902475e-05
9.7990,2.97667831e-05,1.46897869e-05,1.46898029e-05
9.8000,2.97691549e-05,1.46893409e-05,1.46893569e-05
9.8010,2.97715140e-05,1.46888934e-05,1.46889094e-05
9.8020,2.97738603e-05,1.46884445e-05,1.46884605e-05
9.8030,2.97761938e-05,1.46879941e-05,1.46880102e-05
9.8040,2.97785142e-05,1.46875424e-05,1.46875585e-05
9.8050,2.97808216e-05,1.46870893e-05,1.46871054e-05
9.8060,2.97831158e-05,1.46866348e-05,1.46866509e-05
9.8070,2.97853967e-05,1.46861789e-05,1.46861950e-05
9.8080,2.97876643e-05,1.46857217e-05,1.46857378e-05
9.8090,2.97899183e-05,1.46852631e-05,1.46852792e-05
9.8100,2.97921588e-05,1.46848031e-05,1.46848193e-05
9.8110,2.97943856e-05,1.46843418e-05,1.46843580e-05
9.8120,2.97965986e-05,1.46838792e-05,1.46838954e-05
9.8130,2.97987978e-05,1.46834152e-05,1.46834314e-05
9.8140,2.98009830e-05,1.46829500e-05,1.46829661e-05
9.8150,2.98031541e-05,1.46824834e-05,1.46824995e-05
9.8160,2.98053110e-05,1.46820155e-05,1.46820317e-05
9.8170,2.98074537e-05,1.46815463e-05,1.46815625e-05
9.8180,2.98095820e-05,1.46810758e-05,1.46810920e-05
9.8190,2.98116959e-05,1.46806040e-05,1.46806202e-05
9.8200,2.98137952e-05,1.46801310e-05,1.46801472e-05
9.8210,2.98158798e-05,1.46796566e-05,1.46796729e-05
9.8220,2.98179497e-05,1.46791811e-05,1.46791974e-05
9.8230,2.98200047e-05,1.46787043e-05,1.46787206e-05
9.8240,2.98220448e-05,1.46782262e-05,1.46782425e-05
9.8250,2.98240699e-05,1.46777469e-05,1.46777633e-05
9.8260,2.98260798e-05,1.46772664e-05,1.46772828e-05
9.8270,2.98280745e-05,1.46767847e-05,1.46768011e-05
9.8280,2.98300538e-05,1.46763018e-05,1.46763182e-05
9.8290,2.98320178e-05,1.46758177e-05,1.46758340e-05
9.8300,2.98339662e-05,1.46753324e-05,1.46753487e-05
9.8310,2.98358990e-05,1.46748459e-05,1.46748622e-05
9.8320,2.98378161e-05,1.46743582e-05,1.46743746e-05
9.8330,2.98397174e-05,1.46738693e-05,1.46738858e-05
9.8340,2.98416028e-05,1.46733793e-05,1.46733958e-05
9.8350,2.98434722e-05,1.46728882e-05,1.46729046e-05
9.8360,2.98453256e-05,1.46723959e-05,1.46724124e-05
9.8370,2.98471628e-05,1.46719025e-05,1.46719189e-05
9.8380,2.98489837e-05,1.46714079e-05,1.46714244e-05
9.8390,2.98507882e-05,1.46709123e-05,1.46709288e-05
9.8400,2.98525764e-05,1.46704155e-05,1.46704320e-05
9.8410,2.98543479e-05,1.46699176e-05,1.46699341e-05
9.8420,2.98561029e-05,1.46694186e-05,1.46694352e-05
9.8430,2.98578411e-05,1.46689186e-05,1.46689351e-05
9.8440,2.98595625e-05,1.46684174e-05,1.46684340e-05
9.8450,2.98612671e-05,1.46679152e-05,1.46679318e-05
9.8460,2.98629546e-05,1.46674120e-05,1.46674286e-05
9.8470,2.98646251e-05,1.46669077e-05,1.46669243e-05
9.8480,2.98662784e-05,1.46664023e-05,1.46664189e-05
9.8490,2.98679144e-05,1.46658959e-05,1.46659125e-05
9.8500,2.98695331e-05,1.46653885e-05,1.46654051e-05
9.8510,2.98711344e-05,1.46648801e-05,1.46648967e-05
9.8520,2.98727181e-05,1.46643706e-05,1.46643873e-05
9.8530,2.98742843e-05,1.46638602e-05,1.46638768e-05
9.8540,2.98758328e-05,1.46633487e-05,1.46633654e-05
9.8550,2.98773635e-05,1.46628363e-05,1.46628529e-05
9.8560,2.98788763e-05,1.46623228e-05,1.46623395e-05
9.8570,2.98803712e-05,1.46618085e-05,1.46618252e-05
9.8580,2.98818481e-05,1.46612931e-05,1.46613098e-05
9.8590,2.98833069e-05,1.46607768e-05,1.46607935e-05
9.8600,2.98847474e-05,1.46602596e-05,1.46602763e-05
9.8610,2.98861698e-05,1.46597414e-05,1.46597581e-05
9.8620,2.98875737e-05,1.46592223e-05,1.46592390e-05
9.8630,2.98889592e-05,1.46587022e-05,1.46587190e-05
9.8640,2.98903262e-05,1.46581813e-05,1.46581981e-05
9.8650,2.98916746e-05,1.46576594e-05,1.46576762e-05
9.8660,2.98930043e-05,1.46571367e-05,1.46571535e-05
9.8670,2.98943152e-05,1.46566130e-05,1.46566299e-05
9.8680,2.98956074e-05,1.46560885e-05,1.46561054e-05
9.8690,2.98968806e-05,1.46555631e-05,1.46555800e-05
9.8700,2.98981348e-05,1.46550369e-05,1.46550537e-05
9.8710,2.98993699e-05,1.46545098e-05,1.46545266e-05
9.8720,2.99005859e-05,1.46539818e-05,1.46539987e-05
9.8730,2.99017827e-05,1.46534530e-05,1.46534699e-05
9.8740,2.99029601e-05,1.46529234e-05,1.46529403e-05
9.8750,2.99041182e-05,1.46523929e-05,1.46524098e-05
9.8760,2.99052569e-05,1.46518616e-05,1.46518786e-05
9.8770,2.99063760e-05,1.46513296e-05,1.46513465e-05
9.8780,2.99074756e-05,1.46507967e-05,1.46508137e-05
9.8790,2.99085554e-05,1.46502630e-05,1.46502800e-05
9.8800,2.99096156e-05,1.46497286e-05,1.46497456e-05
9.8810,2.99106559e-05,1.46491934e-05,1.46492104e-05
9.8820,2.99116763e-05,1.46486574e-05,1.46486744e-05
9.8830,2.99126769e-05,1.46481206e-05,1.46481377e-05
9.8840,2.99136573e-05,1.46475831e-05,1.46476002e-05
9.8850,2.99146178e-05,1.46470449e-05,1.46470620e-05
9.8860,2.99155580e-05,1.46465059e-05,1.46465230e-05
9.8870,2.99164781e-05,1.46459662e-05,1.46459833e-05
9.8880,2.99173778e-05,1.46454258e-05,1.46454429e-05
9.8890,2.99182572e-05,1.46448847e-05,1.46449018e-05
9.8900,2.99191162e-05,1.46443429e-05,1.46443600e-05
9.8910,2.99199547e-05,1.46438004e-05,1.46438175e-05
9.8920,2.99207727e-05,1.46432572e-05,1.46432743e-05
9.8930,2.99215701e-05,1.46427133e-05,1.46427304e-05
9.8940,2.99223468e-05,1.46421687e-05,1.46421859e-05
9.8950,2.99231027e-05,1.46416235e-05,1.46416407e-05
9.8960,2.99238379e-05,1.46410777e-05,1.46410949e-05
9.8970,2.99245523e-05,1.46405312e-05,1.46405484e-05
9.8980,2.99252457e-05,1.46399840e-05,1.46400013e-05
9.8990,2.99259182e-05,1.46394363e-05,1.46394535e-05
9.9000,2.99265696e-05,1.46388879e-05,1.46389051e-05
9.9010,2.99272000e-05,1.46383389e-05,1.46383562e-05
9.9020,2.99278093e-05,1.46377893e-05,1.46378066e-05
9.9030,2.99283973e-05,1.46372391e-05,1.46372564e-05
9.9040,2.99289641e-05,1.46366883e-05,1.46367056e-05
9.9050,2.99295097e-05,1.46361369e-05,1.46361543e-05
9.9060,2.99300339e-05,1.46355850e-05,1.46356023e-05
9.9070,2.99305366e-05,1.46350325e-05,1.46350498e-05
9.9080,2.99310180e-05,1.46344795e-05,1.46344968e-05
9.9090,2.99314778e-05,1.46339259e-05,1.46339432e-05
9.9100,2.99319161e-05,1.46333717e-05,1.46333891e-05
9.9110,2.99323328e-05,1.46328170e-05,1.46328344e-05
9.9120,2.99327279e-05,1.46322618e-05,1.46322792e-05
9.9130,2.99331013e-05,1.46317061e-05,1.46317236e-05
9.9140,2.99334529e-05,1.46311499e-05,1.46311673e-05
9.9150,2.99337828e-05,1.46305932e-05,1.46306106e-05
9.9160,2.99340908e-05,1.46300360e-05,1.46300535e-05
9.9170,2.99343770e-05,1.46294783e-05,1.46294958e-05
9.9180,2.99346412e-05,1.46289201e-05,1.46289376e-05
9.9190,2.99348836e-05,1.46283615e-05,1.46283790e-05
9.9200,2.99351039e-05,1.46278024e-05,1.46278199e-05
9.9210,2.99353022e-05,1.46272429e-05,1.46272604e-05
9.9220,2.99354785e-05,1.46266829e-05,1.46267004e-05
9.9230,2.99356326e-05,1.46261225e-05,1.46261400e-05
9.9240,2.99357646e-05,1.46255616e-05,1.46255792e-05
9.9250,2.99358744e-05,1.46250004e-05,1.46250179e-05
9.9260,2.99359621e-05,1.46244387e-05,1.46244563e-05
9.9270,2.99360274e-05,1.46238766e-05,1.46238942e-05
9.9280,2.99360706e-05,1.46233141e-05,1.46233317e-05
9.9290,2.99360914e-05,1.46227513e-05,1.46227689e-05
9.9300,2.99360898e-05,1.46221880e-05,1.46222056e-05
9.9310,2.99360659e-05,1.46216244e-05,1.46216420e-05
9.9320,2.99360196e-05,1.46210604e-05,1.46210781e-05
9.9330,2.99359509e-05,1.46204961e-05,1.46205138e-05
9.9340,2.99358598e-05,1.46199314e-05,1.46199491e-05
9.9350,2.99357461e-05,1.46193664e-05,1.46193841e-05
9.9360,2.99356100e-05,1.46188010e-05,1.46188187e-05
9.9370,2.99354513e-05,1.46182353e-05,1.46182531e-05
9.9380,2.99352701e-05,1.46176693e-05,1.46176871e-05
9.9390,2.99350663e-05,1.46171030e-05,1.46171208e-05
9.9400,2.99348400e-05,1.46165364e-05,1.46165542e-05
9.9410,2.99345910e-05,1.46159695e-05,1.46159873e-05
9.9420,2.99343194e-05,1.46154024e-05,1.46154201e-05
9.9430,2.99340252e-05,1.46148349e-05,1.46148527e-05
9.9440,2.99337082e-05,1.46142672e-05,1.46142850e-05
9.9450,2.99333687e-05,1.46136992e-05,1.46137170e-05
9.9460,2.99330064e-05,1.46131309e-05,1.46131488e-05
9.9470,2.99326214e-05,1.46125624e-05,1.46125803e-05
9.9480,2.99322137e-05,1.46119937e-05,1.46120116e-05
9.9490,2.99317833e-05,1.46114248e-05,1.46114426e-05
9.9500,2.99313301e-05,1.46108556e-05,1.46108735e-05
9.9510,2.99308542e-05,1.46102862e-05,1.46103041e-05
9.9520,2.99303555e-05,1.46097166e-05,1.46097345e-05
9.9530,2.99298341e-05,1.46091468e-05,1.46091647e-05
9.9540,2.99292899e-05,1.46085768e-05,1.46085947e-05
9.9550,2.99287229e-05,1.46080066e-05,1.46080245e-05
9.9560,2.99281331e-05,1.46074362e-05,1.46074542e-05
9.9570,2.99275206e-05,1.46068657e-05,1.46068837e-05
9.9580,2.99268853e-05,1.46062950e-05,1.46063130e-05
9.9590,2.99262271e-05,1.46057242e-05,1.46057422e-05
9.9600,2.99255462e-05,1.46051532e-05,1.46051712e-05
9.9610,2.99248425e-05,1.46045821e-05,1.46046001e-05
9.9620,2.99241161e-05,1.46040108e-05,1.46040289e-05
9.9630,2.99233668e-05,1.46034395e-05,1.46034575e-05
9.9640,2.99225948e-05,1.46028680e-05,1.46028860e-05
9.9650,2.99218000e-05,1.46022964e-05,1.46023145e-05
9.9660,2.99209824e-05,1.46017247e-05,1.46017428e-05
9.9670,2.99201421e-05,1.46011529e-05,1.46011710e-05
9.9680,2.99192791e-05,1.46005810e-05,1.46005991e-05
9.9690,2.99183933e-05,1.46000091e-05,1.46000272e-05
9.9700,2.99174848e-05,1.45994371e-05,1.45994552e-05
9.9710,2.99165536e-05,1.45988650e-05,1.45988831e-05
9.9720,2.99155996e-05,1.45982929e-05,1.45983110e-05
9.9730,2.99146230e-05,1.45977207e-05,1.45977388e-05
9.9740,2.99136237e-05,1.45971485e-05,1.45971666e-05
9.9750,2.99126018e-05,1.45965762e-05,1.45965944e-05
9.9760,2.99115573e-05,1.45960039e-05,1.45960221e-05
9.9770,2.99104901e-05,1.45954316e-05,1.45954499e-05
9.9780,2.99094003e-05,1.45948593e-05,1.45948776e-05
9.9790,2.99082880e-05,1.45942870e-05,1.45943053e-05
9.9800,2.99071531e-05,1.45937148e-05,1.45937330e-05
9.9810,2.99059956e-05,1.45931425e-05,1.45931608e-05
9.9820,2.99048157e-05,1.45925702e-05,1.45925885e-05
9.9830,2.99036133e-05,1.45919980e-05,1.45920163e-05
9.9840,2.99023884e-05,1.45914258e-05,1.45914441e-05
9.9850,2.99011411e-05,1.45908536e-05,1.45908720e-05
9.9860,2.98998714e-05,1.45902816e-05,1.45902999e-05
9.9870,2.98985794e-05,1.45897095e-05,1.45897279e-05
9.9880,2.98972650e-05,1.45891375e-05,1.45891559e-05
9.9890,2.98959283e-05,1.45885656e-05,1.45885840e-05
9.9900,2.98945693e-05,1.45879938e-05,1.45880122e-05
9.9910,2.98931881e-05,1.45874221e-05,1.45874405e-05
9.9920,2.98917847e-05,1.45868504e-05,1.45868689e-05
9.9930,2.98903591e-05,1.45862789e-05,1.45862973e-05
9.9940,2.98889114e-05,1.45857075e-05,1.45857259e-05
9.9950,2.98874417e-05,1.45851362e-05,1.45851546e-05
9.9960,2.98859498e-05,1.45845650e-05,1.45845835e-05
9.9970,2.98844360e-05,1.45839939e-05,1.45840124e-05
9.9980,2.98829002e-05,1.45834230e-05,1.45834415e-05
9.9990,2.98813424e-05,1.45828523e-05,1.45828708e-05
